ID	Tube_100_terrace.gtf	Tube_101_terrace.gtf	Tube_102_terrace.gtf	Tube_103_terrace.gtf	Tube_104_terrace.gtf	Tube_105_terrace.gtf	Tube_106_terrace.gtf	Tube_107_terrace.gtf	Tube_108_terrace.gtf	Tube_109_terrace.gtf	Tube_10_terrace.gtf	Tube_110_terrace.gtf	Tube_111_terrace.gtf	Tube_112_terrace.gtf	Tube_113_terrace.gtf	Tube_114_terrace.gtf	Tube_11_terrace.gtf	Tube_12_terrace.gtf	Tube_13_terrace.gtf	Tube_14_terrace.gtf	Tube_15_terrace.gtf	Tube_16_terrace.gtf	Tube_17_terrace.gtf	Tube_18_terrace.gtf	Tube_19_terrace.gtf	Tube_1_terrace.gtf	Tube_20_terrace.gtf	Tube_21_terrace.gtf	Tube_22_terrace.gtf	Tube_23_terrace.gtf	Tube_24_terrace.gtf	Tube_25_terrace.gtf	Tube_26_terrace.gtf	Tube_27_terrace.gtf	Tube_28_terrace.gtf	Tube_29_terrace.gtf	Tube_2_terrace.gtf	Tube_30_terrace.gtf	Tube_31_terrace.gtf	Tube_32_terrace.gtf	Tube_33_terrace.gtf	Tube_34_terrace.gtf	Tube_35_terrace.gtf	Tube_36_terrace.gtf	Tube_37_terrace.gtf	Tube_38_terrace.gtf	Tube_39_terrace.gtf	Tube_3_terrace.gtf	Tube_40_terrace.gtf	Tube_41_terrace.gtf	Tube_42_terrace.gtf	Tube_43_terrace.gtf	Tube_44_terrace.gtf	Tube_45_terrace.gtf	Tube_46_terrace.gtf	Tube_47_terrace.gtf	Tube_48_terrace.gtf	Tube_49_terrace.gtf	Tube_4_terrace.gtf	Tube_50_terrace.gtf	Tube_51_terrace.gtf	Tube_52_terrace.gtf	Tube_53_terrace.gtf	Tube_54_terrace.gtf	Tube_55_terrace.gtf	Tube_56_terrace.gtf	Tube_57_terrace.gtf	Tube_58_terrace.gtf	Tube_59_terrace.gtf	Tube_5_terrace.gtf	Tube_60_terrace.gtf	Tube_61_terrace.gtf	Tube_62_terrace.gtf	Tube_63_terrace.gtf	Tube_64_terrace.gtf	Tube_65_terrace.gtf	Tube_66_terrace.gtf	Tube_67_terrace.gtf	Tube_68_terrace.gtf	Tube_69_terrace.gtf	Tube_6_terrace.gtf	Tube_70_terrace.gtf	Tube_71_terrace.gtf	Tube_72_terrace.gtf	Tube_73_terrace.gtf	Tube_74_terrace.gtf	Tube_75_terrace.gtf	Tube_76_terrace.gtf	Tube_77_terrace.gtf	Tube_78_terrace.gtf	Tube_79_terrace.gtf	Tube_7_terrace.gtf	Tube_80_terrace.gtf	Tube_81_terrace.gtf	Tube_82_terrace.gtf	Tube_83_terrace.gtf	Tube_84_terrace.gtf	Tube_85_terrace.gtf	Tube_86_terrace.gtf	Tube_87_terrace.gtf	Tube_88_terrace.gtf	Tube_89_terrace.gtf	Tube_8_terrace.gtf	Tube_90_terrace.gtf	Tube_91_terrace.gtf	Tube_92_terrace.gtf	Tube_93_terrace.gtf	Tube_94_terrace.gtf	Tube_95_terrace.gtf	Tube_96_terrace.gtf	Tube_97_terrace.gtf	Tube_98_terrace.gtf	Tube_99_terrace.gtf	Tube_9_terrace.gtf
chr10:25143206-25143366	2	6	2	1	5	4	1	2	5	1	0	1	3	1	2	4	1	0	5	1	0	5	0	2	1	0	0	1	9	3	1	2	7	1	3	2	0	0	1	0	1	3	0	0	0	0	1	1	0	0	2	0	1	2	0	0	0	0	0	6	1	0	0	0	1	0	0	0	0	0	0	0	1	0	0	0	0	0	0	2	3	0	0	0	0	0	1	0	0	0	0	0	0	0	2	0	0	0	0	4	1	4	0	0	1	2	0	0	1	1	0	0	0	3
chr10:25147403-25147539	2	6	2	1	5	4	1	2	5	1	0	1	3	1	2	4	1	0	5	1	0	5	0	2	1	0	0	2	9	3	1	2	7	1	3	2	0	0	1	0	1	3	0	0	0	0	1	1	0	0	2	0	0	2	0	0	0	0	0	6	1	0	0	0	1	0	0	0	0	0	0	0	1	0	0	0	0	0	0	2	3	0	0	0	0	0	1	0	0	0	0	0	0	0	2	0	0	0	0	4	1	4	0	0	1	2	0	0	1	1	0	0	0	3
chr10:25159791-25159939	2	6	5	1	6	4	1	2	5	6	0	1	4	2	2	4	1	0	5	1	1	5	0	2	1	0	0	2	9	3	1	2	7	1	3	3	0	0	1	0	1	3	0	0	0	0	1	1	0	0	2	0	0	2	0	0	0	0	0	4	1	0	0	0	1	0	0	0	0	0	0	0	1	0	0	0	0	0	0	1	3	0	0	0	0	0	1	0	0	0	0	1	0	0	2	0	0	0	0	4	1	4	0	0	3	2	0	0	1	1	0	0	0	3
chr10:25165497-25165628	2	6	5	1	6	4	1	2	5	6	0	1	4	2	2	4	1	0	5	1	1	5	0	2	1	0	0	2	9	3	1	2	5	1	3	3	0	0	1	0	1	3	0	0	0	0	1	1	0	0	2	0	0	2	0	0	0	0	0	4	1	0	0	0	1	0	0	0	0	0	0	0	1	0	0	0	0	0	0	1	3	0	0	0	0	0	1	0	0	0	0	1	0	0	2	0	0	0	0	4	1	4	0	0	3	2	0	0	1	1	0	0	0	3
chr10:62998001-62998072	0	5	2	2	6	0	5	0	0	1	0	0	0	0	1	2	0	0	0	0	0	0	0	0	0	0	0	0	0	0	0	0	0	0	0	0	0	0	0	0	0	0	0	0	0	0	0	0	0	2	4	1	0	2	5	8	1	0	0	1	4	9	0	4	2	4	2	1	2	0	5	0	0	0	0	0	0	0	0	0	0	0	0	0	0	0	0	0	0	0	0	0	0	0	0	0	0	0	0	0	0	0	0	0	0	0	0	0	0	0	0	0	0	0
chr10:62999292-62999403	0	6	2	3	7	2	6	0	3	1	0	0	1	0	4	2	0	0	0	0	0	0	0	0	0	0	0	0	0	0	0	0	0	0	0	0	0	0	0	0	0	0	0	0	0	0	0	0	0	2	9	3	2	6	8	12	3	1	0	1	6	10	2	8	3	4	10	5	5	0	7	0	0	0	0	0	0	0	0	0	0	0	0	0	0	0	0	0	0	0	0	0	0	0	0	0	0	0	0	0	0	0	0	0	0	0	0	0	0	0	0	0	0	0
chr10:63003012-63003063	0	6	2	3	7	2	6	0	3	1	0	0	1	0	4	2	0	0	0	0	0	0	0	0	0	0	0	0	0	0	0	0	0	0	0	0	0	0	0	0	0	0	0	0	0	0	0	0	0	2	9	3	2	6	8	12	3	1	0	1	6	10	2	8	3	4	10	5	5	0	7	0	0	0	0	0	0	0	0	0	0	0	0	0	0	0	0	0	0	0	0	0	0	0	0	0	0	0	0	0	0	0	0	0	0	0	0	0	0	0	0	0	0	0
chr10:63005034-63005209	0	6	2	3	7	2	6	0	3	1	0	0	1	0	4	2	0	0	0	0	0	0	0	0	0	0	0	0	0	0	0	0	0	0	0	0	0	0	0	0	0	0	0	0	0	0	0	0	0	2	9	3	2	6	8	12	3	1	0	1	6	10	2	8	3	4	10	5	5	0	7	0	0	0	0	0	0	0	0	0	0	0	0	0	0	0	0	0	0	0	0	0	0	0	0	0	0	0	0	0	0	0	0	0	0	0	0	0	0	0	0	0	0	0
chr11:43595361-43596304	0	2	0	0	2	0	4	0	0	4	0	0	0	4	2	2	2	10	0	6	0	2	2	4	2	0	2	6	8	4	4	6	4	2	2	2	0	0	4	0	0	0	0	6	0	0	0	2	0	4	6	2	2	6	0	0	0	2	0	8	2	0	0	0	0	2	0	6	2	5	0	0	0	0	0	0	0	0	0	0	0	0	0	0	0	0	0	0	0	0	0	0	0	0	0	6	4	2	0	0	0	0	0	12	6	0	0	0	0	0	0	0	0	0
chr11:6143154-6143476	0	14	2	6	6	2	10	10	4	0	0	2	14	2	6	4	0	6	0	4	4	2	2	2	14	4	0	14	0	4	10	4	18	8	4	20	2	16	2	2	2	4	2	24	0	0	0	8	6	2	0	10	0	2	6	4	2	6	6	0	10	2	12	2	0	14	4	0	6	4	4	4	0	0	0	0	0	0	2	0	4	8	0	0	0	4	0	2	2	4	0	6	0	4	8	0	4	12	0	6	2	0	6	4	2	4	2	0	4	0	4	2	2	0
chr11:62443404-62443631	0	0	0	4	0	0	0	0	0	0	0	0	0	0	2	0	0	0	0	0	0	2	0	0	0	0	0	0	0	2	0	0	0	0	2	0	0	0	0	2	14	0	0	0	0	0	0	2	8	6	6	0	6	4	4	0	0	2	0	0	0	0	0	0	0	0	0	0	6	0	0	0	0	0	0	0	0	0	0	0	0	18	6	6	2	0	0	0	0	0	4	0	0	2	0	0	0	0	0	0	0	0	0	0	0	0	4	6	8	4	0	0	0	0
chr11:6263788-6263979	2	17	23	10	51	18	16	7	20	11	2	5	24	11	22	34	0	0	1	0	0	1	2	0	3	0	2	0	0	1	1	0	4	6	5	0	0	2	0	2	0	2	3	3	0	1	0	2	1	1	4	5	0	0	0	0	2	5	2	0	2	2	0	9	1	0	0	0	3	4	2	0	0	0	0	0	2	0	0	2	0	0	0	0	2	0	0	0	0	2	0	0	0	2	0	0	1	3	0	1	0	0	3	1	3	0	1	0	0	0	0	0	0	0
chr11:6263788-6267080	2	17	23	10	51	18	16	7	20	11	2	5	24	11	22	34	0	0	1	0	0	1	2	0	3	0	2	0	0	1	1	0	4	6	5	0	0	2	0	2	0	2	3	3	0	1	0	2	1	1	4	5	0	0	0	0	2	4	2	0	2	2	0	9	1	0	0	0	3	4	2	0	0	0	0	0	2	0	0	2	0	0	0	0	2	0	0	0	0	2	0	0	0	2	0	0	1	3	0	1	0	0	3	1	3	0	1	0	0	0	0	0	0	0
chr11:6266978-6267080	2	17	23	10	51	18	16	7	20	11	2	5	24	11	22	34	0	0	1	0	0	1	2	0	3	0	2	0	0	1	1	0	4	6	5	0	0	2	0	2	0	2	3	3	0	1	0	2	1	1	4	5	0	0	0	0	2	5	2	0	2	2	0	9	1	0	0	0	3	4	2	0	0	0	0	0	2	0	0	2	0	0	0	0	2	0	0	0	0	2	0	0	0	2	0	0	1	3	0	1	0	0	3	1	3	0	1	0	0	0	0	0	0	0
chr11:65109355-65109516	0	12	17	2	20	29	13	5	14	5	0	6	5	4	7	9	0	0	1	0	1	0	0	0	0	0	0	0	0	0	0	0	0	0	0	0	0	0	0	0	0	0	0	0	0	0	0	0	0	0	0	0	0	0	0	0	0	0	0	0	0	0	0	0	0	0	0	0	0	1	0	0	0	0	0	0	0	0	0	0	0	0	0	0	0	0	0	0	0	0	0	0	0	0	0	0	0	1	0	0	0	0	0	0	0	0	0	0	0	0	0	0	0	0
chr11:65109355-65124010	0	12	16	1	18	27	13	4	12	5	0	5	5	4	7	8	0	0	1	0	1	0	0	0	0	0	0	0	0	0	0	0	0	0	0	0	0	0	0	0	0	0	0	0	0	0	0	0	0	0	0	0	0	0	0	0	0	0	0	0	0	0	0	0	0	0	0	0	0	1	0	0	0	0	0	0	0	0	0	0	0	0	0	0	0	0	0	0	0	0	0	0	0	0	0	0	0	1	0	0	0	0	0	0	0	0	0	0	0	0	0	0	0	0
chr11:65112858-65112933	0	12	17	2	20	29	13	5	14	5	0	6	5	4	7	9	0	0	1	0	1	0	0	0	0	0	0	0	0	0	0	0	0	0	0	0	0	0	0	0	0	0	0	0	0	0	0	0	0	0	0	0	0	0	0	0	0	0	0	0	0	0	0	0	0	0	0	0	0	1	0	0	0	0	0	0	0	0	0	0	0	0	0	0	0	0	0	0	0	0	0	0	0	0	0	0	0	1	0	0	0	0	0	0	0	0	0	0	0	0	0	0	0	0
chr11:65114560-65114615	0	12	17	2	20	29	13	5	14	5	0	6	5	4	7	9	0	0	1	0	1	0	0	0	0	0	0	0	0	0	0	0	0	0	0	0	0	0	0	0	0	0	0	0	0	0	0	0	0	0	0	0	0	0	0	0	0	0	0	0	0	0	0	0	0	0	0	0	0	1	0	0	0	0	0	0	0	0	0	0	0	0	0	0	0	0	0	0	0	0	0	0	0	0	0	0	0	1	0	0	0	0	0	0	0	0	0	0	0	0	0	0	0	0
chr11:65123945-65124010	0	12	17	1	18	27	13	4	14	5	0	6	5	4	7	8	0	0	1	0	1	0	0	0	0	0	0	0	0	0	0	0	0	0	0	0	0	0	0	0	0	0	0	0	0	0	0	0	0	0	0	0	0	0	0	0	0	0	0	0	0	0	0	0	0	0	0	0	0	1	0	0	0	0	0	0	0	0	0	0	0	0	0	0	0	0	0	0	0	0	0	0	0	0	0	0	0	1	0	0	0	0	0	0	0	0	0	0	0	0	0	0	0	0
chr11:70765572-70765700	1	7	4	1	3	3	1	1	1	5	1	2	2	1	9	2	3	2	4	1	2	4	3	1	0	0	4	5	3	5	4	1	1	0	2	1	2	6	2	4	6	2	4	0	1	0	3	2	1	0	0	1	0	0	0	0	0	0	3	1	0	1	1	4	0	2	0	0	0	2	1	1	2	5	1	2	2	0	0	2	3	1	4	6	1	3	1	0	2	1	3	3	0	0	1	1	3	2	0	4	0	1	2	4	4	4	3	2	7	0	1	1	0	0
chr11:70775591-70775794	1	7	4	1	5	3	1	1	1	5	1	2	2	1	9	2	3	2	4	1	2	4	3	1	0	0	4	5	3	5	4	1	1	0	2	3	2	10	2	4	6	2	4	0	1	0	3	2	1	0	1	1	0	0	0	0	0	0	3	1	0	1	1	4	0	2	0	0	0	2	1	1	2	5	1	2	3	0	1	2	3	1	4	6	1	3	1	0	2	1	3	3	0	0	1	1	3	2	0	4	0	1	2	4	4	4	3	2	7	0	1	1	0	0
chr11:8428225-8428305	1	0	0	0	0	0	1	2	6	1	0	2	1	0	0	2	6	4	3	0	0	2	1	8	0	1	0	8	0	13	10	3	4	14	3	0	4	15	3	6	4	2	2	4	3	7	2	2	0	0	1	0	0	0	0	0	0	1	0	0	0	1	0	0	1	0	5	0	0	3	0	0	0	0	2	1	0	0	1	0	6	0	0	0	1	0	0	0	0	0	2	2	0	1	3	4	0	3	0	1	1	0	0	0	4	5	0	0	2	3	0	0	0	0
chr11:8428225-8429665	1	0	0	0	0	0	1	2	6	1	0	2	1	0	0	2	6	4	3	0	0	2	1	8	0	1	0	8	0	13	10	3	4	14	3	0	4	15	3	6	4	2	2	4	3	7	2	2	0	0	1	0	0	0	0	0	0	1	0	0	0	1	0	0	1	0	5	0	0	3	0	0	0	0	2	1	0	0	1	0	6	0	0	0	1	0	0	0	0	0	2	2	0	1	3	4	0	3	0	1	1	0	0	0	4	5	0	0	2	3	0	0	0	0
chr11:8428393-8428510	1	0	0	0	0	0	1	2	6	1	0	2	1	0	0	2	6	4	3	0	0	2	1	8	0	1	0	8	0	13	10	3	4	14	3	0	4	15	3	6	4	2	2	4	3	7	2	2	0	0	1	0	0	0	0	0	0	1	0	0	0	1	0	0	1	0	5	0	0	3	0	0	0	0	2	1	0	0	1	0	6	0	0	0	1	0	0	0	0	0	2	2	0	1	3	4	0	3	0	1	1	0	0	0	4	5	0	0	2	3	0	0	0	0
chr11:8429505-8429665	1	0	0	0	0	0	1	2	6	1	0	2	1	0	0	2	6	4	3	0	0	2	1	8	0	1	0	8	0	13	10	3	4	14	3	0	4	15	3	6	4	2	2	4	3	7	2	2	0	0	1	0	0	0	0	0	0	1	0	0	0	1	0	0	1	0	5	0	0	3	0	0	0	0	2	1	0	0	1	0	6	0	0	0	1	0	0	0	0	0	2	2	0	1	3	4	0	3	0	1	1	0	0	0	4	5	0	0	2	3	0	0	0	0
chr11:98154296-98154396	1	2	0	0	7	5	3	5	7	1	0	0	0	3	4	11	2	0	3	0	0	1	2	1	0	0	1	1	1	4	3	5	1	1	2	3	0	3	3	1	2	3	1	0	1	0	0	0	2	0	0	2	0	0	3	0	0	0	1	1	0	0	3	3	1	4	1	0	0	0	0	2	0	1	0	0	0	0	0	3	1	0	0	1	1	1	3	2	0	0	1	0	6	0	0	2	0	0	0	1	2	1	2	0	0	6	0	1	3	0	4	0	1	0
chr11:98154296-98158684	1	2	0	0	7	5	3	5	7	1	0	0	0	3	4	11	2	0	3	0	0	1	2	1	0	0	1	1	1	4	3	5	1	1	2	3	0	3	3	1	2	3	1	0	1	0	0	0	2	0	0	2	0	0	3	0	0	0	1	1	0	0	3	3	1	4	1	0	0	0	0	2	0	1	0	0	0	0	0	3	1	0	0	1	1	1	3	2	0	0	1	0	6	0	0	2	0	0	0	1	2	1	2	0	0	6	0	1	3	0	4	0	1	0
chr11:98155020-98155133	1	2	0	0	7	5	3	5	7	1	0	0	0	3	4	11	2	0	3	0	0	1	2	1	0	0	1	1	1	4	3	5	1	1	2	3	0	3	3	1	2	3	1	0	1	0	0	0	2	0	0	2	0	0	3	0	0	0	1	1	0	0	3	3	1	4	1	0	0	0	0	2	0	1	0	0	0	0	0	3	1	0	0	1	1	1	3	2	0	0	1	0	6	0	0	2	0	0	0	1	2	1	2	0	0	6	0	1	3	0	4	0	1	0
chr11:98158578-98158684	1	2	0	0	7	5	3	5	7	1	0	0	0	3	4	11	2	0	3	0	0	1	2	1	0	0	1	1	1	4	3	5	1	1	2	3	0	3	3	1	2	3	1	0	1	0	0	0	2	0	0	2	0	0	3	0	0	0	1	1	0	0	3	3	1	4	1	0	0	0	0	2	0	1	0	0	0	0	0	3	1	0	0	1	1	1	3	2	0	0	1	0	6	0	0	2	0	0	0	1	2	1	2	0	0	6	0	1	3	0	4	0	1	0
chr12:3492474-3492556	0	4	6	0	1	4	11	0	3	0	3	0	3	1	2	8	0	5	2	3	1	2	3	1	0	0	0	0	3	7	10	0	4	6	0	3	1	3	1	6	3	0	3	0	1	0	0	0	0	1	1	0	0	2	0	2	0	0	1	0	5	0	0	0	0	0	1	0	0	2	0	4	0	0	2	0	0	1	0	0	0	2	0	1	2	0	0	0	1	1	0	1	2	0	1	0	4	4	0	2	0	0	2	1	0	3	2	1	0	1	0	0	0	1
chr12:3495452-3495454	0	4	6	0	1	4	11	0	3	0	3	0	3	1	2	8	0	5	2	3	1	0	3	1	0	0	0	0	3	7	10	0	4	6	0	3	1	3	1	6	3	0	3	0	1	0	0	0	0	1	1	0	0	2	0	2	0	0	1	0	5	0	0	0	0	0	1	0	0	2	0	4	0	0	2	0	0	1	0	0	0	2	0	1	2	0	0	0	1	1	0	1	2	0	1	0	4	4	0	2	0	0	2	1	0	3	2	1	0	1	0	0	0	1
chr12:3501662-3501770	0	4	6	0	1	4	11	0	3	0	3	0	1	1	2	8	0	5	2	3	1	2	3	1	0	0	0	0	3	7	10	0	4	6	0	3	1	3	2	6	3	0	3	0	1	0	0	2	0	1	1	0	0	2	0	2	0	0	1	0	5	0	0	0	0	0	1	0	0	2	0	4	0	0	2	0	0	1	0	0	0	2	0	1	2	0	0	0	1	1	0	1	2	0	1	0	4	4	0	2	0	0	2	1	0	3	2	1	0	1	0	0	0	1
chr12:3507062-3507209	0	4	6	0	1	4	11	0	3	0	3	0	1	1	2	8	0	5	2	3	1	2	3	1	0	0	0	0	3	7	10	0	4	6	0	3	1	3	2	6	3	2	3	0	1	0	0	2	0	1	1	0	0	2	0	2	0	0	1	0	5	0	0	0	0	0	1	0	0	2	0	4	0	0	2	0	0	1	0	0	0	2	0	1	2	0	0	0	1	1	0	1	2	0	1	0	4	4	0	2	0	0	2	1	0	3	2	1	0	1	0	0	0	1
chr12:3667606-3667691	2	2	8	0	0	0	2	0	0	0	0	1	0	0	0	0	1	0	0	1	0	0	0	0	0	0	0	1	2	0	3	3	9	8	3	2	0	5	14	8	0	0	2	0	0	2	0	0	0	1	0	0	2	0	2	0	0	1	0	0	4	0	0	0	0	0	1	0	0	1	1	1	0	0	0	0	0	2	0	0	1	0	1	4	1	3	0	2	0	0	3	0	0	0	0	0	0	0	0	0	1	0	0	0	1	0	0	0	0	0	0	0	0	0
chr12:3682810-3682964	2	3	8	0	0	0	2	0	0	0	0	1	0	0	0	0	1	0	0	1	0	0	0	0	0	0	0	1	3	0	3	3	10	8	3	2	0	6	14	8	0	0	2	0	0	2	0	0	0	1	0	0	2	0	2	0	0	1	0	0	4	0	0	0	0	0	1	0	0	1	1	1	0	0	0	0	0	2	0	0	0	0	1	4	1	3	0	2	0	0	3	0	0	0	0	0	0	0	0	0	1	0	0	0	1	0	0	0	0	0	0	0	0	0
chr12:3693917-3694022	2	3	8	0	0	0	2	0	0	0	0	1	0	0	0	0	1	0	0	1	0	0	0	0	0	0	0	1	3	0	3	3	11	8	3	2	0	6	14	8	0	0	2	0	0	2	0	0	0	1	0	0	2	0	2	0	0	1	0	0	4	0	0	0	0	0	1	0	0	1	1	1	0	0	0	0	0	2	0	0	0	0	0	4	1	3	0	2	0	0	4	0	0	0	0	0	0	0	0	0	1	0	0	0	1	0	0	0	0	0	0	0	0	0
chr12:3698223-3698389	2	3	8	0	0	0	2	0	0	0	0	1	0	0	0	0	1	0	0	1	0	0	0	0	0	0	0	1	3	0	3	3	10	8	3	2	0	6	14	6	0	0	2	0	0	2	0	0	0	1	0	0	2	0	2	0	0	1	0	0	4	0	0	0	0	0	1	0	0	1	1	1	0	0	0	0	0	2	0	3	0	0	0	4	1	3	0	2	0	0	4	0	0	0	0	0	0	0	0	0	0	0	0	0	1	0	0	0	0	0	0	0	0	0
chr12:51702185-51702266	0	5	3	5	4	12	10	1	2	2	2	0	7	2	4	2	0	1	2	0	0	3	4	1	2	0	0	6	5	5	1	4	4	0	3	4	0	3	4	0	0	0	2	0	0	0	1	0	1	1	2	0	1	0	0	0	1	9	0	0	0	3	2	0	0	3	1	0	3	0	0	0	0	1	0	0	0	0	0	1	1	0	2	0	0	0	0	0	0	0	0	2	0	0	0	0	0	2	0	1	0	0	2	1	2	4	3	0	0	0	0	0	0	0
chr12:51707934-51708007	0	5	3	5	4	12	10	1	2	2	2	0	7	2	4	2	0	1	2	0	0	3	3	1	2	0	0	6	4	4	1	4	4	0	3	4	0	3	4	0	0	0	2	0	0	0	1	0	1	1	2	0	1	0	0	0	1	9	0	0	0	3	2	0	0	3	1	0	3	0	0	0	0	1	0	0	0	0	0	1	1	0	2	0	0	0	0	0	0	0	0	2	0	0	0	0	0	2	0	1	0	0	2	1	2	4	3	0	0	0	0	0	0	0
chr12:51708393-51708496	0	5	3	5	4	12	10	1	2	2	2	0	7	2	4	2	0	1	2	0	0	3	3	1	2	0	0	6	4	4	1	4	4	0	3	4	0	3	4	0	0	0	2	0	0	0	1	0	1	1	2	0	1	0	0	0	1	9	0	0	0	3	2	0	0	3	1	0	3	0	0	0	0	1	0	0	0	0	0	1	1	0	2	0	0	0	0	0	0	0	0	2	0	0	0	0	0	2	0	1	0	0	2	1	2	4	3	0	0	0	0	0	0	0
chr12:82387436-82389273	1	0	0	0	0	0	0	0	0	0	6	0	0	2	0	2	2	2	10	0	4	0	0	0	2	6	0	4	2	0	6	4	6	4	2	10	0	2	0	2	0	4	0	0	8	4	2	12	0	0	2	0	0	0	0	0	0	0	0	0	2	0	0	2	0	0	0	0	0	8	0	0	0	2	0	0	0	0	4	0	6	0	0	0	0	0	0	0	0	0	0	4	0	0	2	10	4	0	0	4	0	2	0	0	0	10	0	2	0	0	0	4	2	6
chr13:11695852-11695973	0	9	9	5	7	3	10	2	4	8	0	0	6	1	8	4	0	0	0	0	0	0	0	0	0	0	0	0	0	0	0	0	0	0	0	0	0	0	0	0	0	0	0	0	0	0	0	0	0	0	0	0	0	0	0	0	0	0	0	0	0	0	0	0	0	0	0	0	0	0	0	0	0	0	0	0	0	0	0	0	0	0	0	0	0	0	0	0	0	0	0	0	0	0	0	0	0	0	0	0	0	0	0	0	0	0	0	0	0	0	0	0	0	0
chr13:11695852-11702899	0	9	8	5	6	3	10	2	4	8	0	0	6	1	8	4	0	0	0	0	0	0	0	0	0	0	0	0	0	0	0	0	0	0	0	0	0	0	0	0	0	0	0	0	0	0	0	0	0	0	0	0	0	0	0	0	0	0	0	0	0	0	0	0	0	0	0	0	0	0	0	0	0	0	0	0	0	0	0	0	0	0	0	0	0	0	0	0	0	0	0	0	0	0	0	0	0	0	0	0	0	0	0	0	0	0	0	0	0	0	0	0	0	0
chr13:11699348-11699412	0	9	9	5	7	3	10	2	4	8	0	0	6	1	8	4	0	0	0	0	0	0	0	0	0	0	0	0	0	0	0	0	0	0	0	0	0	0	0	0	0	0	0	0	0	0	0	0	0	0	0	0	0	0	0	0	0	0	0	0	0	0	0	0	0	0	0	0	0	0	0	0	0	0	0	0	0	0	0	0	0	0	0	0	0	0	0	0	0	0	0	0	0	0	0	0	0	0	0	0	0	0	0	0	0	0	0	0	0	0	0	0	0	0
chr13:11701829-11701944	0	9	9	5	7	3	10	2	4	8	0	0	6	1	8	4	0	0	0	0	0	0	0	0	0	0	0	0	0	0	0	0	0	0	0	0	0	0	0	0	0	0	0	0	0	0	0	0	0	0	0	0	0	0	0	0	0	0	0	0	0	0	0	0	0	0	0	0	0	0	0	0	0	0	0	0	0	0	0	0	0	0	0	0	0	0	0	0	0	0	0	0	0	0	0	0	0	0	0	0	0	0	0	0	0	0	0	0	0	0	0	0	0	0
chr13:11702776-11702899	0	9	9	5	6	3	10	2	4	8	0	0	6	1	8	4	0	0	0	0	0	0	0	0	0	0	0	0	0	0	0	0	0	0	0	0	0	0	0	0	0	0	0	0	0	0	0	0	0	0	0	0	0	0	0	0	0	0	0	0	0	0	0	0	0	0	0	0	0	0	0	0	0	0	0	0	0	0	0	0	0	0	0	0	0	0	0	0	0	0	0	0	0	0	0	0	0	0	0	0	0	0	0	0	0	0	0	0	0	0	0	0	0	0
chr13:11784738-11784885	0	4	4	1	5	3	8	7	5	0	0	0	1	8	5	3	0	1	0	0	0	0	0	0	0	0	0	0	0	0	0	0	0	0	0	0	0	0	0	0	0	0	0	0	0	0	0	0	0	0	0	0	0	0	0	0	0	0	0	0	0	0	0	0	0	0	0	0	0	0	0	0	0	0	0	0	0	0	0	0	0	0	0	0	0	0	0	0	0	0	0	0	0	0	0	0	0	0	0	0	0	0	0	0	0	0	0	3	0	0	0	0	0	0
chr13:35999892-36000558	0	6	10	14	14	6	4	2	8	4	0	0	4	12	9	16	2	3	0	0	0	0	2	2	0	0	2	2	0	1	8	4	0	2	4	0	0	0	2	2	6	4	4	4	0	0	2	0	0	0	4	10	2	4	4	16	4	0	0	6	0	2	0	4	2	4	4	2	8	2	0	0	0	0	0	2	0	0	0	0	2	0	2	0	0	2	0	4	0	2	0	4	0	4	0	0	8	2	0	0	8	0	0	6	4	0	2	0	2	4	6	2	0	2
chr13:46005804-46005932	0	1	5	1	3	4	1	1	2	2	0	4	1	5	4	5	2	6	1	2	1	2	1	0	0	0	1	0	2	0	0	1	0	0	0	0	0	2	0	0	5	2	0	0	1	0	0	0	6	0	1	0	0	1	2	0	1	0	1	0	1	0	4	5	0	0	3	0	1	2	0	0	0	0	0	0	0	0	0	0	0	0	0	1	0	0	0	0	0	0	2	0	0	2	2	2	0	0	0	3	0	1	0	0	4	6	1	1	1	0	0	0	0	0
chr13:46109931-46110051	0	1	5	1	3	4	1	1	3	2	0	4	1	5	4	5	2	6	1	1	1	2	1	0	0	0	1	0	0	0	0	0	0	0	0	0	0	2	0	0	3	1	0	0	0	0	0	0	6	0	1	0	0	1	2	0	1	0	1	0	1	0	4	5	0	0	3	0	1	2	0	0	0	0	0	0	0	0	0	0	0	0	0	1	0	0	0	0	0	0	2	0	0	2	2	2	0	0	0	3	0	1	0	0	4	4	1	1	1	0	0	0	0	0
chr14:21566694-21567566	0	4	2	0	8	6	0	0	0	0	0	0	0	0	0	0	0	0	0	0	0	2	2	0	0	0	0	0	0	2	0	0	0	0	4	0	0	4	2	0	2	0	2	0	0	0	0	2	0	0	0	0	0	2	2	0	0	8	0	6	0	0	0	0	0	0	0	0	0	0	0	0	0	0	2	0	0	0	0	0	6	0	0	0	0	0	0	0	0	0	0	0	0	0	0	0	0	0	0	0	2	0	0	0	0	14	0	0	0	0	2	0	0	0
chr14:21676787-21676908	1	1	5	0	0	3	0	0	0	0	0	0	0	3	4	3	0	2	0	0	0	1	4	0	1	0	0	0	1	0	0	0	2	7	0	4	2	4	0	0	2	1	2	1	1	0	0	0	0	2	1	3	2	7	6	0	3	1	0	1	4	1	4	2	3	2	0	0	0	1	2	0	0	0	0	0	0	0	0	1	1	0	0	0	0	0	0	0	0	0	0	0	0	2	0	2	2	2	0	2	0	5	0	2	0	5	2	0	0	0	0	0	0	0
chr14:21678881-21678996	1	1	5	0	0	3	0	0	0	0	0	0	0	3	4	3	0	2	0	0	0	1	4	0	1	0	0	0	1	0	0	0	2	7	0	4	2	4	0	0	2	1	2	1	1	0	0	0	0	2	1	3	2	7	6	0	3	1	0	1	4	1	4	2	3	2	0	0	0	1	2	0	0	0	0	0	0	0	0	1	1	0	0	0	0	0	0	0	0	0	0	0	0	2	0	2	2	2	0	2	0	5	0	2	0	5	2	0	0	0	0	0	0	0
chr14:21681390-21681531	1	1	5	0	0	3	0	0	0	0	0	0	0	3	4	3	0	2	0	0	0	1	4	0	1	0	0	0	1	0	0	0	2	7	0	4	2	4	0	0	2	1	2	1	1	0	0	0	0	2	1	3	2	7	6	0	3	1	0	1	4	1	4	2	3	2	0	0	0	1	2	0	0	0	0	0	0	0	0	1	1	0	0	0	0	0	0	0	0	0	0	0	0	2	0	2	2	2	0	2	0	5	0	2	0	5	2	0	0	0	0	0	0	0
chr14:21684544-21684705	1	1	5	0	0	3	0	0	0	0	0	0	0	3	4	3	0	2	0	0	0	1	4	0	1	0	0	0	1	0	0	0	2	7	0	4	2	4	0	0	2	1	2	1	1	0	0	0	0	2	1	3	2	7	6	0	3	1	0	1	4	1	4	2	3	2	0	0	0	1	2	0	0	0	0	0	0	0	0	1	1	0	0	0	0	0	0	0	0	0	0	0	0	2	0	2	2	2	0	2	0	5	0	2	0	5	2	0	0	0	0	0	0	0
chr14:21687615-21687708	1	1	5	0	0	3	0	0	0	0	0	0	0	3	4	3	0	2	0	0	0	1	4	0	1	0	0	0	1	0	0	0	2	7	0	4	2	4	0	0	2	1	2	1	1	0	0	0	0	2	1	3	2	7	6	0	3	1	0	1	4	1	4	2	3	2	0	0	0	1	2	0	0	0	0	0	0	0	0	1	1	0	0	0	0	0	0	0	0	0	0	0	0	2	0	2	2	2	0	2	0	5	0	2	0	5	2	0	0	0	0	0	0	0
chr14:47253734-47254252	0	6	2	0	0	0	16	0	0	2	0	0	0	0	6	0	0	0	0	0	0	0	0	0	0	0	0	0	0	4	0	0	0	0	0	0	0	0	0	0	0	0	0	0	0	0	0	0	0	1	8	2	0	6	2	16	2	4	0	2	2	6	2	2	0	2	4	0	8	2	6	0	0	0	0	0	0	0	0	0	0	0	0	0	0	0	0	0	0	0	0	0	0	0	0	0	0	0	0	2	0	0	0	0	0	4	0	0	0	0	0	2	0	0
chr14:8456108-8456176	0	0	5	6	4	0	9	5	6	0	1	0	2	3	3	0	0	5	3	0	1	4	4	1	0	4	0	2	0	4	5	8	15	3	8	10	2	2	3	2	3	1	1	1	0	3	0	1	4	3	1	0	4	5	11	8	2	3	3	1	3	3	1	7	3	2	6	1	0	8	2	2	1	3	0	1	0	0	3	0	6	0	1	0	1	1	0	0	0	0	0	2	0	0	1	0	2	4	3	1	1	1	4	0	0	5	3	0	1	2	0	0	1	1
chr14:8456108-8456690	0	0	5	6	4	0	9	3	5	0	0	0	0	3	1	0	0	2	2	0	1	4	4	1	0	4	0	2	0	2	3	5	15	3	4	8	2	2	3	2	2	1	1	1	0	3	0	1	4	3	1	0	4	5	10	5	2	3	3	1	3	3	0	7	3	2	6	1	0	8	2	2	1	3	0	0	0	0	3	0	6	0	1	0	1	1	0	0	0	0	0	2	0	0	1	0	2	4	3	1	1	1	4	0	0	2	3	0	1	1	0	0	1	1
chr14:8456394-8456690	0	0	5	6	4	0	9	5	3	0	1	0	2	3	3	0	0	5	2	0	1	4	4	1	0	4	0	2	0	4	5	8	15	3	8	10	2	2	3	2	3	1	1	1	0	0	0	1	3	3	1	0	4	5	11	8	2	3	3	1	3	3	1	7	3	2	2	1	0	8	2	2	1	3	0	1	0	0	3	0	6	0	1	0	1	1	0	0	0	0	0	1	0	0	1	0	2	4	3	1	1	1	4	0	0	5	3	0	1	2	0	0	1	1
chr14:87709512-87709672	0	1	6	3	4	5	5	0	0	0	0	2	3	5	5	3	0	1	1	2	2	0	0	0	1	1	0	0	0	0	0	3	2	8	1	1	1	1	0	0	2	7	2	0	4	0	3	0	0	1	2	3	4	2	0	2	0	0	0	0	7	1	0	5	0	1	2	0	0	0	1	0	0	0	0	0	0	0	0	0	3	0	0	0	1	0	0	0	0	0	2	0	0	0	0	0	0	1	0	2	0	0	0	0	0	2	0	0	0	0	0	0	0	1
chr14:87712135-87712276	0	1	6	2	4	5	5	0	0	0	0	2	2	3	5	2	0	1	1	2	2	0	0	0	1	1	0	0	0	0	0	3	2	8	1	1	1	1	0	0	2	7	2	0	3	0	3	0	0	1	2	3	4	2	0	2	0	0	0	0	7	1	0	5	0	1	2	0	0	0	1	0	0	0	0	0	0	0	0	0	3	0	0	0	1	0	0	0	0	0	2	0	0	0	0	0	0	1	0	2	0	0	0	0	0	2	0	0	0	0	0	0	0	1
chr14:87714826-87714897	0	1	6	2	3	5	5	0	0	0	0	2	2	3	2	2	0	1	1	0	0	0	0	0	1	1	0	0	0	0	0	3	2	8	1	1	1	1	0	0	2	6	0	0	3	0	3	0	0	0	2	3	4	2	0	2	0	0	0	0	7	1	0	0	0	2	2	0	0	0	1	0	0	0	0	0	0	0	0	0	3	0	0	0	1	0	0	0	0	0	2	0	0	0	0	0	0	1	0	2	0	0	0	0	0	2	0	0	0	0	0	0	0	1
chr14:87718170-87718319	0	1	7	2	5	5	5	0	0	0	0	2	2	3	2	2	0	1	1	0	0	0	0	0	1	1	0	0	0	0	0	3	2	8	1	1	1	1	0	0	2	6	2	0	3	0	3	0	0	1	2	3	4	2	0	2	0	0	0	0	7	1	0	0	0	2	2	0	0	0	1	0	0	0	0	0	0	0	0	0	3	0	0	0	1	0	0	0	0	0	2	0	0	0	0	0	0	1	0	2	0	0	0	0	0	2	0	0	0	0	0	0	0	1
chr14:87722995-87723135	0	1	7	2	5	5	5	0	0	0	0	2	2	3	2	2	0	1	1	0	0	0	0	0	1	0	0	0	0	0	0	3	2	8	1	1	1	1	0	0	2	6	2	0	3	0	3	0	0	1	2	3	4	2	0	2	0	0	0	0	7	1	0	0	0	2	2	0	0	0	1	0	0	0	0	0	0	0	0	0	3	0	0	0	1	0	0	0	0	0	2	0	0	0	0	0	0	1	0	2	0	0	0	0	0	2	0	0	0	0	0	0	0	1
chr14:87723628-87723784	0	1	7	2	5	5	5	0	0	0	0	2	2	3	2	2	0	1	1	0	0	0	0	0	1	0	0	0	0	0	0	3	2	8	1	1	1	1	0	0	2	6	2	0	3	0	3	0	0	1	2	3	4	2	0	2	0	0	0	0	7	1	0	0	0	2	2	0	0	0	1	0	0	0	0	0	0	0	0	0	3	0	0	0	1	0	0	0	0	0	2	0	0	0	0	0	0	1	0	2	0	0	0	0	0	2	0	0	0	0	0	0	0	1
chr14:87724598-87724723	0	1	7	2	5	5	5	0	0	0	0	2	2	3	2	2	0	1	1	0	0	0	0	0	1	0	0	0	0	0	0	3	2	8	1	0	1	1	0	0	2	6	2	0	3	0	3	0	0	1	2	3	4	2	0	2	0	0	0	0	7	1	0	0	0	2	2	0	0	0	1	0	0	0	0	0	0	0	0	0	3	0	0	0	1	0	0	0	0	0	2	0	0	0	0	0	0	1	0	2	0	0	0	0	0	2	0	0	0	0	0	0	0	1
chr15:4076947-4077082	0	7	2	2	13	8	7	6	3	0	1	1	1	0	0	3	0	0	0	3	0	0	0	0	0	0	0	1	8	2	5	6	1	3	4	4	0	4	1	1	1	2	1	1	0	0	0	0	1	0	5	1	0	1	1	0	0	2	0	0	1	1	0	0	0	1	0	0	0	0	0	0	0	0	0	0	0	0	0	0	0	0	0	0	0	0	0	0	0	0	0	0	0	0	0	0	0	1	0	0	0	0	0	0	0	0	0	0	0	0	2	3	0	0
chr15:4083197-4083346	0	7	2	2	13	8	7	6	3	0	1	1	1	0	0	3	0	0	0	3	0	0	0	0	0	0	0	1	8	2	5	6	1	3	4	4	0	4	1	1	1	2	1	1	0	0	0	0	1	0	5	1	0	1	1	0	0	2	0	0	1	1	0	0	0	1	0	0	0	0	0	0	0	0	0	0	0	0	0	0	0	0	0	0	0	0	0	0	0	0	0	0	0	0	0	0	0	1	0	0	0	0	0	0	0	0	0	0	0	0	2	3	0	0
chr15:4087151-4087257	0	7	2	2	13	8	7	6	3	0	1	1	1	0	0	3	0	0	0	3	0	0	0	0	0	0	0	1	8	2	5	6	1	3	4	4	0	4	1	1	1	2	1	1	0	0	0	0	1	0	5	1	0	1	1	0	0	2	0	0	1	1	0	0	0	1	0	0	0	0	0	0	0	0	0	0	0	0	0	0	0	0	0	0	0	0	0	0	0	0	0	0	0	0	0	0	0	1	0	0	0	0	0	0	0	0	0	0	0	0	2	3	0	0
chr15:4089418-4089478	0	7	2	2	9	8	7	6	3	0	1	1	0	0	0	3	0	0	0	3	0	0	0	0	0	0	0	1	8	2	5	6	1	3	4	4	0	4	1	1	1	2	1	1	0	0	0	0	1	0	5	1	0	1	1	0	0	2	0	0	1	1	0	0	0	1	0	0	0	0	0	0	0	0	0	0	0	0	0	0	0	0	0	0	0	0	0	0	0	0	0	0	0	0	0	0	0	1	0	0	0	0	0	0	0	0	0	0	0	0	2	3	0	0
chr16:33241691-33241772	0	3	7	1	4	1	5	0	1	0	0	2	8	1	1	1	2	2	1	3	0	4	2	0	1	0	1	3	0	4	3	4	3	5	2	2	0	0	0	0	3	0	3	2	2	0	0	4	0	1	0	0	3	2	0	2	2	0	1	3	0	1	0	2	1	0	0	0	1	2	0	0	1	0	0	0	5	2	5	0	7	1	1	1	0	3	0	2	1	1	0	0	1	0	5	3	1	0	0	0	2	6	0	2	2	2	0	2	0	1	0	1	0	1
chr16:33241691-33255344	0	3	7	1	1	1	5	0	1	0	0	1	8	1	1	1	2	2	1	3	0	4	1	0	1	0	1	3	0	4	3	4	3	4	2	2	0	0	0	0	3	0	3	2	2	0	0	4	0	1	0	0	3	2	0	2	2	0	1	3	0	1	0	2	1	0	0	0	1	2	0	0	1	0	0	0	5	2	5	0	4	1	1	1	0	2	0	2	1	1	0	0	1	0	5	3	1	0	0	0	2	5	0	2	2	2	0	1	0	1	0	1	0	1
chr16:33247564-33247699	0	3	7	1	4	1	5	0	1	0	0	2	8	1	1	1	2	2	1	3	0	4	2	0	1	0	1	3	0	4	3	4	3	5	2	2	0	0	0	0	3	0	3	2	3	0	0	4	0	1	0	0	3	2	0	2	2	0	1	3	0	1	0	2	1	0	0	0	1	2	0	0	1	0	0	0	5	2	5	0	7	1	1	1	0	3	0	2	1	1	0	0	1	0	5	3	1	0	0	0	2	6	0	2	2	2	0	2	0	1	0	1	0	1
chr16:33254996-33255344	0	3	7	1	4	1	8	0	1	0	0	2	8	1	1	1	2	2	1	3	0	4	2	0	1	0	1	3	0	4	3	4	3	5	2	2	0	0	0	0	3	0	3	2	3	0	0	4	0	1	0	0	3	2	0	2	2	0	1	3	0	1	0	2	1	0	0	0	1	2	0	0	1	0	0	0	5	2	5	0	7	1	1	1	0	3	0	2	1	1	0	0	1	0	5	3	1	0	0	0	2	6	0	2	2	2	0	2	0	1	0	1	0	1
chr16:84810515-84810614	1	2	2	0	1	6	0	0	0	0	0	1	1	0	5	4	0	2	3	4	0	2	2	0	0	2	2	1	0	0	7	4	2	2	0	1	0	5	0	2	4	0	1	7	0	0	0	0	6	0	0	0	0	1	0	0	1	0	1	0	0	0	1	2	1	1	1	0	1	0	0	0	0	0	4	0	0	1	0	0	3	0	0	1	0	0	2	0	0	0	0	1	0	1	0	3	4	0	3	5	1	2	1	3	0	1	1	2	0	0	0	1	0	0
chr16:84812120-84812248	1	2	2	0	1	6	0	0	0	0	0	1	1	0	5	4	0	2	3	4	0	2	2	0	0	2	2	1	0	0	7	4	2	2	0	1	0	5	0	2	4	0	1	7	0	0	0	0	6	0	0	0	0	1	0	0	1	0	1	0	0	0	1	2	1	1	1	0	1	0	0	0	0	0	4	0	0	1	0	0	3	0	0	1	0	0	2	0	0	0	0	1	0	1	0	3	4	0	3	5	1	2	1	3	0	1	1	2	0	0	0	1	0	0
chr16:84821741-84821899	1	2	2	1	1	6	1	0	3	0	0	1	2	0	5	4	0	2	3	4	0	2	2	0	0	2	2	1	0	0	8	5	2	2	0	1	0	6	0	2	4	0	1	7	0	0	0	0	6	0	1	0	0	1	0	2	1	0	1	0	0	0	1	2	1	1	1	0	1	0	0	0	0	0	4	0	0	1	0	0	4	0	0	1	0	2	2	0	0	0	0	1	0	1	0	3	6	0	3	5	1	2	1	3	0	1	1	2	0	0	0	1	0	0
chr16:84822311-84822385	1	2	2	1	1	6	1	0	3	0	0	1	2	0	5	4	0	2	3	4	0	2	2	0	0	2	2	1	0	0	8	5	2	2	0	1	0	6	0	2	4	0	1	7	0	0	0	0	6	0	1	0	0	1	0	2	1	0	1	0	0	0	1	2	1	1	1	0	1	0	0	0	0	0	4	0	0	1	0	0	4	0	0	1	0	2	2	0	0	0	0	1	0	1	0	3	6	0	3	5	1	2	1	3	0	1	1	2	0	0	0	1	0	0
chr16:84827120-84827253	1	2	2	1	1	6	1	0	3	0	0	1	2	0	5	4	0	2	3	4	0	2	2	0	0	2	2	1	0	0	8	5	2	2	0	1	0	6	0	2	4	0	1	7	0	0	0	0	6	0	1	0	0	1	0	2	1	0	1	0	0	0	1	2	1	1	1	0	1	0	0	0	0	0	4	0	0	1	0	0	4	0	0	1	0	2	2	0	0	0	0	1	0	1	0	3	6	0	3	5	1	2	1	3	0	1	1	2	0	0	0	1	0	0
chr16:93644170-93644318	0	3	2	0	0	3	0	1	0	0	0	0	0	0	0	2	6	2	0	0	2	1	2	2	3	1	1	0	4	3	3	2	2	0	5	0	1	1	0	0	2	0	0	2	0	0	0	0	0	3	0	0	1	0	0	1	2	4	1	1	0	0	1	2	5	0	0	0	0	2	0	5	0	0	0	0	0	0	0	0	5	0	0	0	0	0	0	0	0	0	0	0	0	5	1	2	3	8	0	1	0	4	0	2	0	7	0	0	0	0	0	1	2	0
chr16:93644170-93650105	0	3	2	0	0	3	0	1	0	0	0	0	0	0	0	2	6	2	0	0	2	1	2	2	3	1	1	0	4	3	3	2	2	0	5	0	1	1	0	0	2	0	0	2	0	0	0	0	0	3	0	0	1	0	0	1	2	4	1	1	0	0	1	2	5	0	0	0	0	2	0	5	0	0	0	0	0	0	0	0	5	0	0	0	0	0	0	0	0	0	0	0	0	5	1	2	3	8	0	1	0	4	2	2	0	7	0	0	0	0	0	1	2	0
chr16:93646018-93646165	0	5	3	0	1	4	0	1	0	0	0	0	2	0	0	3	6	2	2	0	2	2	2	2	3	1	1	1	4	4	3	2	4	2	5	0	1	1	0	0	4	0	2	2	1	0	0	0	0	3	0	0	1	0	0	1	2	5	2	1	0	0	1	3	5	0	0	0	0	2	0	5	0	0	0	0	0	2	0	0	5	0	0	0	0	0	0	0	0	0	0	0	0	5	1	2	3	8	0	1	1	4	2	2	0	8	0	0	0	0	0	1	2	0
chr16:93649977-93650105	0	5	3	0	1	4	0	1	0	0	0	0	2	0	0	3	6	2	2	0	2	2	2	2	3	1	1	1	4	4	3	2	4	2	5	0	1	1	0	0	4	0	2	2	1	0	0	0	0	3	0	0	1	0	0	1	2	5	2	1	0	0	1	3	5	0	0	0	0	2	0	5	0	0	0	0	0	2	0	0	5	0	0	0	0	0	0	0	0	0	0	0	0	5	1	2	3	8	0	1	1	4	2	2	0	8	0	0	0	0	0	1	2	0
chr17:34599935-34600216	2	0	0	0	0	0	0	0	0	0	0	0	0	0	0	0	3	5	2	3	3	11	2	1	8	3	4	0	0	0	0	0	0	0	0	0	14	0	0	0	0	0	0	0	0	0	0	2	0	0	0	0	0	0	0	0	0	0	7	0	0	0	0	0	0	0	0	0	0	6	0	0	0	0	0	0	0	0	0	0	4	0	0	0	0	0	0	0	0	0	0	5	0	2	1	6	5	3	0	1	6	4	5	12	2	0	5	3	0	1	0	0	0	1
chr17:34599935-34601462	2	0	0	0	0	0	0	0	0	0	0	0	0	0	0	0	3	5	2	3	3	11	2	1	8	3	4	0	0	0	0	0	0	0	0	0	13	0	0	0	0	0	0	0	0	0	0	2	0	0	0	0	0	0	0	0	0	0	7	0	0	0	0	0	0	0	0	0	0	6	0	0	0	0	0	0	0	0	0	0	4	0	0	0	0	0	0	0	0	0	0	5	0	2	1	6	5	3	0	1	6	4	5	12	2	0	5	2	0	1	0	0	0	1
chr17:34600324-34600524	2	0	0	0	0	0	0	0	0	0	0	0	0	0	0	0	3	5	2	3	3	11	2	1	8	3	4	0	0	0	0	0	0	0	0	0	14	0	0	0	0	0	0	0	0	0	0	2	0	0	0	0	0	0	0	0	0	0	7	0	0	0	0	0	0	0	0	0	0	6	0	0	0	0	0	0	0	0	0	0	4	0	0	0	0	0	0	0	0	0	0	5	0	2	1	6	5	3	0	1	6	4	5	12	2	0	5	3	0	1	0	0	0	1
chr17:34601080-34601100	2	0	0	0	0	0	0	0	0	0	0	0	0	0	0	0	3	5	2	3	3	11	2	1	8	3	4	0	0	0	0	0	0	0	0	0	14	0	0	0	0	0	0	0	0	0	0	2	0	0	0	0	0	0	0	0	0	0	7	0	0	0	0	0	0	0	0	0	0	6	0	0	0	0	0	0	0	0	0	0	4	0	0	0	0	0	0	0	0	0	0	5	0	2	1	6	5	3	0	1	6	4	5	12	2	0	5	3	0	1	0	0	0	1
chr17:34601215-34601241	2	0	0	0	0	0	0	0	0	0	0	0	0	0	0	0	3	5	2	3	3	11	2	1	8	3	4	0	0	0	0	0	0	0	0	0	14	0	0	0	0	0	0	0	0	0	0	2	0	0	0	0	0	0	0	0	0	0	7	0	0	0	0	0	0	0	0	0	0	6	0	0	0	0	0	0	0	0	0	0	4	0	0	0	0	0	0	0	0	0	0	5	0	2	1	6	5	3	0	1	6	4	5	12	1	0	5	3	0	1	0	0	0	1
chr17:34601436-34601462	2	0	0	0	0	0	0	0	0	0	0	0	0	0	0	0	3	5	2	3	3	11	2	1	8	3	4	0	0	0	0	0	0	0	0	0	13	0	0	0	0	0	0	0	0	0	0	2	0	0	0	0	0	0	0	0	0	0	7	0	0	0	0	0	0	0	0	0	0	6	0	0	0	0	0	0	0	0	0	0	4	0	0	0	0	0	0	0	0	0	0	5	0	2	1	6	5	3	0	1	6	4	5	12	1	0	5	2	0	1	0	0	0	1
chr17:50354325-50354528	0	4	3	5	5	0	7	1	0	5	0	0	3	4	2	7	0	1	0	0	1	0	0	1	0	0	3	3	0	0	0	1	0	0	0	0	0	0	0	0	0	0	0	1	0	0	0	3	0	1	0	0	4	0	2	4	1	1	0	0	1	0	0	2	0	0	8	5	0	0	3	0	0	0	0	0	0	0	2	0	0	0	0	0	0	0	0	0	0	0	0	2	2	0	0	0	0	0	0	2	0	0	1	2	1	0	0	0	0	0	0	0	1	0
chr17:50362265-50362655	0	6	3	5	5	0	9	1	0	5	0	0	3	4	2	7	0	0	0	0	1	0	0	1	0	0	3	3	0	0	0	1	0	0	0	0	0	0	0	0	0	0	0	1	0	0	0	3	0	1	0	0	4	0	2	4	1	1	0	0	1	0	0	2	0	0	8	5	0	0	3	0	0	0	0	0	0	0	2	0	0	0	0	0	0	0	0	0	0	0	0	2	2	0	0	0	0	0	0	2	0	0	1	2	1	0	0	0	0	0	0	0	1	0
chr17:6187486-6189431	0	10	6	6	2	12	14	4	8	8	6	16	6	8	8	6	6	10	4	6	4	10	2	4	2	2	6	4	6	2	4	6	4	14	4	10	0	12	8	2	2	4	12	6	6	8	4	8	0	0	4	14	0	6	8	0	6	0	2	4	2	0	2	4	6	8	10	4	6	10	0	0	0	0	0	0	4	0	0	2	6	0	0	0	0	0	0	6	0	0	0	4	0	6	4	2	4	2	0	0	4	0	2	8	6	20	2	0	10	0	0	6	4	0
chr17:66344488-66344634	0	6	5	4	0	2	1	3	3	0	1	0	1	0	0	0	0	4	0	0	0	5	5	4	4	0	0	3	2	2	4	6	2	4	0	3	0	8	3	0	0	0	0	0	0	0	0	0	0	0	0	0	0	1	1	1	0	3	0	0	0	2	1	0	2	0	0	1	3	1	1	0	0	0	0	0	0	0	0	0	0	0	0	0	0	0	0	0	0	0	0	2	0	0	0	1	4	0	0	1	1	1	0	1	0	4	1	1	0	0	1	0	0	4
chr17:66356781-66356928	1	6	5	4	0	2	3	3	4	0	1	0	1	0	0	0	0	4	0	1	0	5	5	4	4	0	0	3	2	2	4	6	2	4	0	3	0	8	3	0	0	0	0	0	0	0	0	0	0	0	0	0	0	1	1	1	0	3	0	0	0	2	1	0	2	0	0	1	3	1	1	0	0	0	0	0	0	0	0	0	0	0	0	0	0	0	0	0	0	0	0	2	0	0	0	2	4	1	0	1	1	1	0	1	0	4	1	1	0	0	1	0	0	4
chr17:66359949-66360086	1	6	5	4	0	2	3	3	1	0	1	0	1	0	0	0	0	4	0	1	0	5	5	4	4	0	0	3	2	2	4	6	2	4	0	3	0	8	3	0	0	0	0	0	0	0	0	0	0	0	0	0	0	1	1	1	0	3	0	0	0	2	1	0	2	0	0	1	3	1	1	0	0	0	0	0	0	0	0	0	0	0	0	0	0	0	0	0	0	0	0	1	0	0	0	2	2	1	0	0	0	1	0	1	0	4	1	1	0	0	1	0	0	3
chr17:81735611-81735710	0	12	3	4	6	5	8	7	7	2	0	0	1	9	4	1	0	1	0	0	0	0	0	0	0	0	0	3	3	0	0	0	0	0	1	1	0	1	1	0	7	0	0	0	3	0	3	0	0	0	0	0	0	0	0	0	0	0	0	0	0	1	0	0	0	0	0	0	0	0	0	0	0	0	0	0	0	0	0	0	0	0	0	0	0	0	0	0	0	0	0	0	0	0	1	0	0	0	0	0	0	0	0	0	0	3	0	0	0	0	0	0	0	0
chr17:81735611-81753022	0	9	3	3	6	4	6	6	7	0	0	0	1	9	3	1	0	1	0	0	0	0	0	0	0	0	0	2	0	0	0	0	0	0	0	0	0	0	0	0	3	0	0	0	1	0	0	0	0	0	0	0	0	0	0	0	0	0	0	0	0	1	0	0	0	0	0	0	0	0	0	0	0	0	0	0	0	0	0	0	0	0	0	0	0	0	0	0	0	0	0	0	0	0	1	0	0	0	0	0	0	0	0	0	0	2	0	0	0	0	0	0	0	0
chr17:81740073-81740203	0	14	3	4	6	5	11	7	7	2	0	0	1	9	4	1	0	1	0	0	0	0	0	0	0	0	0	3	3	0	0	0	0	0	1	1	0	1	1	0	7	0	0	0	3	0	3	0	0	0	0	0	0	0	0	0	0	0	0	0	0	1	0	0	0	0	0	0	0	0	0	0	0	0	0	0	0	0	0	0	0	0	0	0	0	0	0	0	0	0	0	0	0	0	1	0	0	0	0	0	0	0	0	0	0	3	0	0	0	0	0	0	0	0
chr17:81745174-81745242	0	14	3	4	6	5	11	7	7	2	0	0	1	9	4	1	0	0	0	0	0	0	0	0	0	0	0	0	0	0	0	0	0	0	0	0	0	0	0	0	0	0	0	0	1	0	0	0	0	0	0	0	0	0	0	0	0	0	0	0	0	0	0	0	0	0	0	0	0	0	0	0	0	0	0	0	0	0	0	0	0	0	0	0	0	0	0	0	0	0	0	0	0	0	0	0	0	0	0	0	0	0	0	0	0	0	0	0	0	0	0	0	0	0
chr17:81749081-81749095	0	14	3	4	6	5	11	7	7	2	0	0	1	9	4	1	0	0	0	0	0	0	0	0	0	0	0	0	0	0	0	0	0	0	0	0	0	0	0	0	0	0	0	0	0	0	0	0	0	0	0	0	0	0	0	0	0	0	0	0	0	0	0	0	0	0	0	0	0	0	0	0	0	0	0	0	0	0	0	0	0	0	0	0	0	0	0	0	0	0	0	0	0	0	0	0	0	0	0	0	0	0	0	0	0	0	0	0	0	0	0	0	0	0
chr17:81749202-81749219	0	14	3	4	6	5	11	7	7	2	0	0	1	9	4	1	0	1	0	0	0	0	0	0	0	0	0	3	3	0	0	0	0	0	1	1	0	1	0	0	7	0	0	0	3	0	3	0	0	0	0	0	0	0	0	0	0	0	0	0	0	1	0	0	0	0	0	0	0	0	0	0	0	0	0	0	0	0	0	0	0	0	0	0	0	0	0	0	0	0	0	0	0	0	1	0	0	0	0	0	0	0	0	0	0	3	0	0	0	0	0	0	0	0
chr17:81749632-81749652	0	14	3	4	6	5	11	7	7	2	0	0	1	9	4	1	0	0	0	0	0	0	0	0	0	0	0	0	0	0	0	0	0	0	1	0	0	0	0	0	0	0	0	0	1	0	0	0	0	0	0	0	0	0	0	0	0	0	0	0	0	0	0	0	0	0	0	0	0	0	0	0	0	0	0	0	0	0	0	0	0	0	0	0	0	0	0	0	0	0	0	0	0	0	0	0	0	0	0	0	0	0	0	0	0	2	0	0	0	0	0	0	0	0
chr17:81752916-81753022	0	13	3	4	6	5	10	7	7	2	0	0	1	9	4	1	0	1	0	0	0	0	0	0	0	0	0	2	0	0	0	0	0	0	0	0	0	0	0	0	3	0	0	0	1	0	0	0	0	0	0	0	0	0	0	0	0	0	0	0	0	0	0	0	0	0	0	0	0	0	0	0	0	0	0	0	0	0	0	0	0	0	0	0	0	0	0	0	0	0	0	0	0	0	1	0	0	0	0	0	0	0	0	0	0	2	0	0	0	0	0	0	0	0
chr17:81955238-81957067	0	14	6	12	10	14	26	4	2	0	0	4	4	4	10	2	0	0	2	0	0	0	0	0	0	0	0	6	10	6	2	8	6	0	6	2	0	6	4	8	20	8	10	6	0	0	4	0	6	0	0	0	0	0	2	0	2	0	0	2	0	0	0	0	0	0	0	0	0	0	0	0	0	0	0	0	0	0	0	0	0	0	0	0	0	0	0	0	0	0	0	0	0	0	2	8	0	2	0	4	0	4	0	0	2	2	0	2	0	0	0	0	0	0
chr18:39253172-39253276	0	12	5	6	6	18	10	12	8	4	0	1	1	3	15	4	0	0	0	0	0	0	5	0	1	0	0	3	1	0	2	3	3	0	0	0	1	3	2	2	0	0	1	1	1	0	0	1	2	0	0	0	0	1	0	0	0	0	1	3	0	1	0	0	0	0	0	0	0	1	1	0	0	0	0	0	0	0	0	0	0	0	0	0	0	0	0	0	0	0	0	0	0	1	0	0	0	0	0	0	0	0	1	0	1	0	0	0	0	1	0	0	0	0
chr18:39254827-39254956	0	12	5	6	6	18	10	12	8	4	0	1	4	3	15	4	0	1	0	0	0	0	5	0	1	0	0	3	1	0	2	3	3	0	0	0	1	3	2	2	2	0	2	1	1	0	0	1	2	0	0	0	0	1	0	0	0	0	1	3	0	1	0	0	0	0	0	0	0	1	1	0	0	0	0	0	0	0	0	0	0	0	0	0	0	0	0	0	0	0	0	0	0	1	0	0	0	0	0	0	0	0	1	0	1	0	0	0	0	1	0	0	0	0
chr18:39259886-39259986	0	16	5	10	13	23	13	14	15	4	0	1	4	3	15	10	0	1	0	0	0	0	5	0	1	0	0	3	1	0	2	3	4	2	0	0	1	3	2	3	2	0	2	1	1	0	0	1	2	0	0	0	0	1	1	0	0	0	1	4	0	1	0	0	0	0	0	0	0	1	1	0	0	0	0	0	0	0	0	0	0	0	0	0	0	0	0	0	0	0	0	0	0	1	2	0	0	0	0	0	0	0	1	0	1	1	2	0	0	1	0	0	0	0
chr18:39265109-39265203	0	16	5	10	13	23	13	14	15	4	0	1	4	3	15	10	0	1	0	0	0	0	5	0	1	0	0	3	1	0	2	3	4	2	0	0	1	3	2	3	2	0	2	1	1	0	0	1	2	0	0	0	0	1	1	0	0	0	1	4	0	1	0	0	0	0	0	0	0	1	1	0	0	0	0	0	0	0	0	0	0	0	0	0	0	0	0	0	0	0	0	0	0	1	2	0	0	0	0	0	0	0	1	0	1	1	2	0	0	1	0	0	0	0
chr18:39283093-39283171	0	6	1	4	8	17	9	3	11	0	0	1	3	0	0	6	0	0	0	0	0	0	2	0	1	0	0	3	0	0	2	2	4	2	0	0	1	1	1	3	0	0	0	0	1	0	0	0	2	0	0	0	0	0	1	0	0	0	1	4	0	1	0	0	0	0	0	0	0	1	1	0	0	0	0	0	0	0	0	0	0	0	0	0	0	0	0	0	0	0	0	0	0	1	2	0	0	0	0	0	0	0	1	0	0	1	2	0	0	1	0	0	0	0
chr18:75247861-75248043	3	7	2	1	3	2	6	1	1	1	0	0	0	2	0	2	1	1	0	1	0	0	4	0	0	0	1	3	0	0	3	0	1	2	0	0	0	6	1	0	1	0	1	0	0	0	3	1	0	3	7	0	4	4	9	6	0	4	0	0	0	0	1	1	2	2	0	3	4	1	1	2	1	0	0	0	1	0	2	0	0	2	0	0	0	1	0	2	2	3	2	0	0	1	3	5	2	1	1	1	0	1	1	0	4	3	0	5	0	1	3	0	0	0
chr18:75247861-75259990	3	7	2	1	3	2	6	1	1	1	0	0	0	2	0	2	1	1	0	1	0	0	4	0	0	0	1	3	0	0	3	0	1	2	0	0	0	6	1	0	1	0	1	0	0	0	3	1	0	1	7	0	4	2	8	6	0	4	0	0	0	0	0	1	2	2	0	3	4	1	1	2	1	0	0	0	1	0	2	0	0	1	0	0	0	1	0	2	2	3	2	0	0	1	3	5	0	1	1	1	0	1	1	0	4	3	0	5	0	1	3	0	0	0
chr18:75252182-75252360	3	7	2	1	3	2	6	1	1	1	0	0	0	2	0	2	1	1	0	1	0	0	4	0	0	0	1	3	0	0	3	0	1	2	0	0	0	6	1	0	1	0	1	0	0	0	3	1	0	3	7	0	4	4	9	6	0	4	0	0	0	0	1	1	2	2	0	4	4	1	1	2	1	0	0	0	1	0	2	0	0	2	0	0	0	1	0	2	2	3	2	0	0	1	3	7	2	1	1	1	0	1	1	0	4	3	0	5	0	1	3	0	0	0
chr18:75256529-75256654	3	7	2	1	3	2	6	1	1	1	0	0	0	2	0	2	1	1	0	1	0	0	4	0	0	0	1	3	0	0	3	0	1	2	0	0	0	6	1	0	1	0	1	0	0	0	3	1	0	3	7	0	4	4	11	6	0	4	0	0	0	0	1	1	2	2	0	4	4	1	1	2	1	0	0	0	1	0	2	0	0	2	0	0	0	1	0	2	2	3	2	0	0	1	3	7	2	1	1	1	0	1	1	0	4	3	0	5	0	1	3	0	0	0
chr18:75258495-75258608	3	7	2	1	3	2	6	1	1	1	0	0	0	2	0	2	1	1	0	1	0	0	4	0	0	0	1	3	0	0	3	0	1	2	0	0	0	6	1	0	1	0	1	0	0	0	3	1	0	3	7	0	4	4	11	6	0	4	0	0	0	0	1	1	2	2	0	4	4	1	1	2	1	0	0	0	1	0	2	0	0	2	0	0	0	1	0	2	2	3	2	0	0	1	3	7	2	1	1	1	0	1	1	0	4	3	0	5	0	1	3	0	0	0
chr18:75259896-75259990	3	7	2	1	3	2	6	1	1	1	0	0	0	2	0	2	1	1	0	1	0	0	4	0	0	0	1	3	0	0	3	0	1	2	0	0	0	6	1	0	1	0	1	0	0	0	3	1	0	3	7	0	4	4	11	6	0	4	0	0	0	0	1	1	2	2	0	4	4	1	1	2	1	0	0	0	1	0	2	0	0	2	0	0	0	1	0	2	2	3	2	0	0	1	3	7	2	1	1	1	0	1	1	0	4	3	0	5	0	1	3	0	0	0
chr18:79129766-79130395	18	2	2	0	6	0	2	0	4	0	0	0	4	0	4	0	0	0	6	0	0	2	0	0	2	0	0	0	8	12	12	14	6	16	6	2	0	16	10	10	18	4	28	22	6	2	2	0	0	0	0	0	2	4	4	6	0	3	0	2	0	2	0	0	0	0	6	0	0	0	0	0	0	0	0	2	0	0	0	0	0	0	0	0	0	0	0	0	0	0	0	0	0	8	0	6	0	2	0	8	2	10	0	0	8	6	0	2	12	10	0	6	6	4
chr18:82973649-82975574	6	0	0	0	0	0	0	0	0	0	4	2	0	0	2	12	0	14	0	4	0	6	8	2	0	12	0	8	2	0	4	0	2	2	0	0	0	2	6	4	2	0	6	2	2	0	0	2	4	0	2	2	2	2	14	2	2	2	0	0	0	0	2	4	4	2	0	0	4	0	4	4	0	4	2	0	4	6	4	4	4	0	4	4	0	0	0	0	0	2	6	4	0	0	4	4	0	0	0	4	0	0	4	14	4	8	0	0	0	0	0	0	0	2
chr19:24323601-24323745	2	0	1	4	2	0	5	1	3	1	1	5	0	5	3	0	1	9	0	2	0	5	1	3	7	1	0	1	0	0	0	0	0	0	0	0	0	3	0	0	0	0	0	0	0	0	0	5	0	0	0	0	0	0	0	0	0	0	6	0	0	0	0	0	0	0	0	0	0	2	0	0	0	0	0	0	0	0	0	0	3	0	0	0	0	0	0	0	0	0	0	0	0	3	0	1	1	0	0	5	2	3	4	3	6	1	4	3	2	0	2	0	0	4
chr19:24323601-24337515	2	0	1	4	2	0	5	0	1	1	1	1	0	5	3	0	1	9	0	2	0	4	1	2	7	1	0	1	0	0	0	0	0	0	0	0	0	3	0	0	0	0	0	0	0	0	0	4	0	0	0	0	0	0	0	0	0	0	6	0	0	0	0	0	0	0	0	0	0	2	0	0	0	0	0	0	0	0	0	0	3	0	0	0	0	0	0	0	0	0	0	0	0	3	0	1	1	0	0	5	2	3	3	3	6	1	3	3	2	0	2	0	0	4
chr19:24327498-24327653	2	0	1	4	2	0	5	1	3	1	1	5	0	5	3	0	1	9	0	2	0	5	1	3	7	1	0	1	0	0	0	0	0	0	0	0	0	3	0	0	0	0	0	0	0	0	0	5	0	0	0	0	0	0	0	0	0	0	6	0	0	0	0	0	0	0	0	0	0	2	0	0	0	0	0	0	0	0	0	0	3	0	0	0	0	0	0	0	0	0	0	0	0	3	0	1	1	0	0	5	2	3	4	3	6	1	4	3	2	0	2	0	0	4
chr19:24332482-24332566	2	1	1	4	2	0	5	0	1	1	1	1	0	1	3	0	1	9	0	2	0	4	1	3	7	1	0	1	0	0	0	0	0	0	0	0	0	3	0	0	0	0	0	0	0	0	0	4	0	0	0	0	0	0	0	0	0	0	6	0	0	0	0	0	0	0	0	0	0	2	0	0	0	0	0	0	0	0	0	0	3	0	0	0	0	0	0	0	0	0	0	0	0	3	0	1	1	0	0	5	2	3	3	3	6	1	3	3	2	0	2	0	0	4
chr19:24335394-24335442	2	1	1	4	2	0	5	0	1	1	1	1	0	1	3	0	1	9	1	2	0	4	1	2	7	1	0	1	0	0	0	0	0	0	0	0	0	3	0	0	0	0	0	0	0	0	0	4	0	0	0	0	0	0	0	0	0	0	6	0	0	0	0	0	0	0	0	0	0	2	0	0	0	0	0	0	0	0	0	0	3	0	0	0	0	0	0	0	0	0	0	0	0	3	0	1	1	0	0	5	2	3	3	3	6	1	3	3	2	0	2	0	0	4
chr19:24335575-24335658	2	1	1	4	2	0	5	0	1	1	1	1	0	1	3	0	1	9	1	2	0	4	1	2	7	1	0	1	0	0	0	0	0	0	0	0	0	3	0	0	0	0	0	0	0	0	0	4	0	0	0	0	0	0	0	0	0	0	6	0	0	0	0	0	0	0	0	0	0	2	0	0	0	0	0	0	0	0	0	0	3	0	0	0	0	0	0	0	0	0	0	0	0	3	0	1	1	0	0	5	2	3	3	3	6	1	3	3	2	0	2	0	0	4
chr19:24337304-24337515	2	1	1	4	2	0	5	0	1	1	1	1	0	1	3	0	1	9	1	2	0	4	1	2	7	1	0	1	0	0	0	0	0	0	0	0	0	3	0	0	0	0	0	0	0	0	0	4	0	0	0	0	0	0	0	0	0	0	6	0	0	0	0	0	0	0	0	0	0	2	0	0	0	0	0	0	0	0	0	0	3	0	0	0	0	0	0	0	0	0	0	0	0	3	0	1	1	0	0	5	2	3	3	3	6	1	3	3	2	0	2	0	0	4
chr19:28508273-28509386	0	0	0	0	0	0	4	0	0	0	0	0	0	0	2	0	0	0	0	0	0	0	0	0	0	0	2	12	2	8	6	4	2	2	2	2	0	8	6	6	10	6	8	6	14	4	2	0	8	0	0	2	0	0	4	0	0	0	0	0	0	0	0	0	0	0	2	0	0	0	0	0	0	0	0	0	0	0	0	0	0	0	0	0	0	0	0	0	0	0	0	0	0	8	0	0	0	0	0	0	2	0	0	0	0	2	0	0	0	0	0	0	0	0
chr19:37021922-37022103	0	9	6	0	3	5	2	2	6	6	0	4	2	10	8	13	0	0	0	0	0	0	0	0	0	0	0	0	0	0	1	3	0	3	2	0	0	0	0	1	0	1	0	1	0	2	0	0	0	1	0	1	0	2	1	0	0	1	0	0	2	1	1	2	0	0	0	0	0	0	3	0	0	0	0	0	0	0	0	0	0	0	0	0	0	0	0	0	0	0	0	0	0	0	0	0	0	0	0	0	0	0	0	0	0	0	0	0	0	0	0	0	0	0
chr19:37021922-37045691	0	5	6	0	3	5	2	2	6	6	0	4	2	9	8	13	0	0	0	0	0	0	0	0	0	0	0	0	0	0	1	3	0	3	2	0	0	0	0	1	0	1	0	1	0	2	0	0	0	1	0	1	0	2	0	0	0	1	0	0	2	1	1	2	0	0	0	0	0	0	3	0	0	0	0	0	0	0	0	0	0	0	0	0	0	0	0	0	0	0	0	0	0	0	0	0	0	0	0	0	0	0	0	0	0	0	0	0	0	0	0	0	0	0
chr19:37031660-37031774	0	9	6	0	3	5	2	2	6	6	0	4	3	10	8	13	0	0	0	0	0	0	0	0	0	0	0	0	0	0	1	3	0	3	2	0	0	0	0	1	0	1	0	1	0	2	0	0	0	1	0	1	0	2	1	0	0	1	0	0	2	1	1	2	0	0	0	0	0	0	3	0	0	0	0	0	0	0	0	0	0	0	0	0	0	0	0	0	0	0	0	0	0	0	0	0	0	0	0	0	0	0	0	0	0	0	0	0	0	0	0	0	0	0
chr19:37045573-37045691	0	9	6	0	5	5	2	2	6	7	0	4	3	10	8	13	0	0	0	0	0	0	0	0	0	0	0	0	0	0	1	3	0	3	2	0	0	0	0	1	0	1	0	1	0	2	0	0	3	1	0	1	0	2	1	0	0	1	0	0	2	1	1	4	0	0	0	0	0	0	3	0	0	0	0	0	0	0	0	0	0	0	0	0	0	0	0	0	0	0	0	0	0	0	0	0	0	0	0	0	0	0	0	0	0	0	0	0	0	0	0	0	0	0
chr1:138981084-138981153	0	2	4	1	4	1	9	2	3	5	0	2	0	1	2	6	0	0	3	0	3	3	0	2	3	0	0	2	0	1	0	0	1	2	0	2	1	0	9	0	5	1	2	0	1	2	1	2	5	2	3	1	2	7	4	0	4	5	3	6	5	2	0	8	1	4	2	1	4	2	0	0	0	0	0	0	0	0	0	0	1	0	0	0	1	2	0	0	0	0	0	0	0	2	4	3	0	8	0	3	2	3	4	7	7	4	5	11	1	4	0	0	0	2
chr1:138981084-138990709	0	2	2	1	3	0	8	1	0	3	0	1	0	1	2	1	0	0	3	0	3	3	0	1	0	0	0	0	0	1	0	0	0	1	0	1	1	0	8	0	1	1	2	0	0	2	0	1	3	2	3	1	1	7	4	0	2	5	2	6	5	2	0	5	1	1	1	1	4	2	0	0	0	0	0	0	0	0	0	0	1	0	0	0	0	2	0	0	0	0	0	0	0	2	2	0	0	3	0	3	2	3	3	2	7	1	2	5	0	1	0	0	0	2
chr1:138982279-138982359	0	2	4	1	4	1	9	2	3	5	0	2	0	1	2	6	0	0	3	0	3	3	0	2	3	0	0	2	0	1	0	0	1	2	0	2	1	0	9	0	5	1	2	0	1	2	1	2	5	2	3	1	2	7	4	0	4	5	3	6	5	2	0	8	1	4	2	1	4	2	0	0	0	0	0	0	0	0	0	0	1	0	0	0	1	2	0	0	0	0	0	0	0	2	4	3	1	8	0	3	2	3	4	7	7	4	5	11	1	4	0	0	0	2
chr1:138986805-138986864	0	0	1	0	0	0	2	0	0	0	0	0	0	1	0	0	0	0	3	0	3	3	0	2	3	0	0	2	0	2	0	0	1	2	0	2	2	0	9	0	5	1	2	0	1	2	1	2	3	0	0	0	0	0	0	0	0	0	3	5	2	1	0	0	0	0	1	0	3	1	0	0	0	0	0	0	0	0	0	0	1	0	0	0	1	2	0	0	0	0	0	0	0	0	4	1	1	7	0	3	2	3	3	7	7	3	5	11	1	4	0	0	0	2
chr1:138988013-138988066	0	2	4	1	5	1	9	2	3	5	0	2	0	1	2	6	0	0	3	0	3	3	0	2	3	0	0	2	0	2	0	0	1	2	0	2	2	0	9	0	5	1	2	0	1	2	1	2	5	2	3	1	2	7	4	0	4	5	3	6	5	2	0	8	1	4	2	1	4	3	0	0	0	0	0	1	0	0	0	0	1	0	0	0	1	2	0	0	0	0	0	0	0	2	4	3	1	8	0	3	2	3	4	7	10	4	5	11	1	4	2	0	0	2
chr1:138990599-138990709	0	2	4	1	5	1	9	2	3	5	0	2	0	1	2	6	0	0	3	0	3	3	0	2	3	0	0	2	0	2	0	0	1	2	0	2	2	0	9	0	5	1	2	0	1	2	1	2	5	2	3	1	2	7	4	0	4	5	3	6	5	2	0	8	1	4	2	1	4	3	0	0	0	0	0	1	0	0	0	0	1	0	0	0	1	2	0	0	0	0	0	0	0	2	4	3	1	8	0	3	2	3	4	7	10	4	5	11	1	4	2	0	0	2
chr1:43180858-43181032	0	7	11	3	11	6	16	6	2	3	0	16	8	6	8	10	2	0	0	0	0	0	1	1	0	0	2	0	0	0	0	0	0	1	0	0	0	0	0	0	0	0	0	0	0	0	0	0	0	0	0	0	1	0	0	0	0	0	0	0	0	0	0	0	0	0	0	0	0	0	0	0	0	0	0	0	0	0	0	0	0	0	0	0	0	0	0	0	0	0	0	0	0	1	0	0	0	0	0	0	0	0	0	0	0	0	1	0	0	0	0	0	0	0
chr1:43180858-43192414	0	7	11	3	11	6	16	6	2	3	0	11	8	6	8	10	2	0	0	0	0	0	1	1	0	0	0	0	0	0	0	0	0	1	0	0	0	0	0	0	0	0	0	0	0	0	0	0	0	0	0	0	1	0	0	0	0	0	0	0	0	0	0	0	0	0	0	0	0	0	0	0	0	0	0	0	0	0	0	0	0	0	0	0	0	0	0	0	0	0	0	0	0	1	0	0	0	0	0	0	0	0	0	0	0	0	1	0	0	0	0	0	0	0
chr1:43192236-43192414	0	7	11	3	11	6	16	6	2	3	0	16	8	6	8	10	2	0	0	0	0	0	1	1	0	0	2	0	0	0	0	0	0	1	0	0	0	0	0	0	0	0	0	0	0	0	0	0	0	0	0	0	1	0	0	0	0	0	0	0	0	0	0	0	0	0	0	0	0	0	0	0	0	0	0	0	0	0	0	0	0	0	0	0	0	0	0	0	0	0	0	0	0	1	0	0	0	0	0	0	0	0	0	0	0	0	1	0	0	0	0	0	0	0
chr1:87291826-87291955	0	3	4	7	6	4	14	3	4	8	1	0	11	1	4	5	0	5	4	1	5	4	0	5	6	1	3	3	10	5	11	5	4	20	5	3	1	4	6	2	8	7	6	5	0	2	1	3	2	0	1	3	3	2	5	2	1	1	6	5	3	6	9	4	4	0	3	1	1	2	0	0	0	0	0	0	2	0	0	0	1	0	1	1	5	1	0	2	0	1	0	2	1	0	2	7	2	0	0	7	6	6	2	4	7	10	0	0	3	1	0	6	2	2
chr1:87291826-87307730	0	3	4	4	4	4	14	2	4	8	1	0	9	1	4	4	0	5	4	1	5	2	0	5	6	1	3	3	10	5	11	5	4	20	5	3	1	4	6	2	8	7	6	5	0	2	1	3	2	0	1	3	3	2	5	2	1	1	5	5	3	6	9	4	4	0	3	1	1	2	0	0	0	0	0	0	1	0	0	0	1	0	1	1	5	1	0	2	0	1	0	2	1	0	2	7	2	0	0	7	6	4	2	4	7	10	0	0	3	1	0	6	2	2
chr1:87292906-87293001	0	3	4	7	6	4	14	3	4	8	1	0	11	1	4	5	0	5	4	1	5	4	0	5	6	1	3	3	10	5	11	5	4	20	5	4	1	4	6	2	7	7	6	5	0	2	1	3	2	0	1	3	3	2	5	2	1	1	6	5	3	6	9	4	4	0	3	1	1	2	0	0	0	0	0	0	2	0	0	0	1	0	1	1	5	1	0	2	0	1	0	2	1	0	2	7	1	0	0	7	6	6	2	4	7	10	0	0	3	1	0	6	2	2
chr1:87301719-87301833	0	3	4	7	6	4	14	3	4	8	1	0	11	1	4	5	0	5	4	1	5	4	0	5	6	1	3	3	10	5	11	5	4	20	5	4	1	4	6	2	8	7	6	5	0	2	1	3	2	0	1	3	3	2	5	2	1	1	5	5	3	6	9	4	4	0	3	1	1	2	0	0	0	0	0	0	2	0	0	0	1	0	1	1	5	1	0	2	0	1	0	2	1	0	2	6	2	0	0	7	6	6	2	4	7	10	0	0	3	1	0	6	2	2
chr1:87306694-87306805	0	3	4	7	4	4	14	2	4	8	1	0	9	1	4	4	0	5	4	1	5	4	0	5	6	1	3	3	10	5	11	5	4	20	5	3	1	4	6	2	8	7	6	5	0	2	1	3	2	0	1	3	3	2	5	2	1	1	5	4	3	6	9	4	4	0	3	1	1	2	0	0	0	0	0	0	1	0	0	0	1	0	1	1	5	1	0	2	0	1	0	2	1	0	2	7	2	0	0	7	6	6	2	4	7	10	0	0	3	1	0	6	2	2
chr1:87307690-87307730	0	3	4	4	4	4	14	2	4	8	1	0	9	1	4	4	0	5	4	1	5	4	0	5	6	1	3	3	10	5	11	5	4	20	5	3	1	4	6	2	8	7	6	5	0	2	1	3	2	0	1	3	3	2	5	2	1	1	5	5	3	6	9	4	4	0	3	1	1	2	0	0	0	0	0	0	1	0	0	0	1	0	1	1	5	1	0	2	0	1	0	2	1	0	2	7	2	0	0	7	6	6	2	4	7	10	0	0	3	1	0	6	2	2
chr2:139884014-139884082	1	7	6	3	13	5	13	4	0	1	3	8	1	4	1	7	3	6	4	4	3	9	1	2	6	1	2	5	2	12	14	7	4	6	4	2	3	2	4	3	3	0	8	1	4	2	1	11	0	2	6	2	3	0	6	1	1	2	0	1	5	0	4	0	5	0	0	0	0	0	0	0	2	5	0	0	0	0	1	0	2	4	2	5	0	1	0	2	1	0	0	1	0	0	2	1	4	3	1	5	6	15	0	2	9	3	2	0	0	2	3	0	0	0
chr2:139884014-139899419	1	7	6	3	11	5	8	4	0	1	3	2	0	4	1	7	3	4	4	4	3	9	0	0	0	1	0	4	2	10	13	6	2	4	4	2	1	1	3	3	2	0	7	0	4	2	0	6	0	2	3	2	3	0	6	1	1	2	0	1	5	0	4	0	5	0	0	0	0	0	0	0	2	5	0	0	0	0	1	0	1	4	2	4	0	1	0	0	1	0	0	1	0	0	0	1	3	2	1	4	6	14	0	1	4	2	2	0	0	2	2	0	0	0
chr2:139890162-139890229	1	7	6	3	13	5	13	4	0	1	3	8	1	4	1	7	3	6	4	4	3	9	1	2	6	1	2	5	2	12	14	7	4	6	4	2	3	2	4	3	3	0	8	1	4	2	1	11	0	2	6	2	3	0	6	1	1	2	0	1	5	0	4	0	5	0	0	0	0	0	0	0	2	5	0	0	0	0	1	0	2	4	2	5	0	1	0	2	1	0	0	1	0	0	2	1	4	3	1	5	6	15	0	2	9	3	2	0	0	2	3	0	0	0
chr2:139899207-139899419	1	7	6	3	13	5	13	4	0	1	3	8	1	4	1	7	3	6	4	4	3	9	1	2	6	1	2	5	2	12	14	7	4	6	4	2	3	2	4	3	3	0	8	1	4	2	1	11	0	2	6	2	3	0	6	1	1	2	0	1	5	0	4	0	5	0	0	0	0	0	0	0	2	5	0	0	0	0	1	0	2	4	2	5	0	1	0	2	1	0	0	1	0	0	2	1	4	3	1	5	6	15	0	2	9	3	2	0	0	2	3	0	0	0
chr2:20860165-20860206	0	3	4	0	2	10	6	0	4	1	0	0	0	1	2	0	0	0	1	0	0	0	0	0	0	0	0	0	0	0	0	0	0	0	0	0	0	0	0	0	0	0	0	0	0	0	0	0	0	2	9	4	1	0	3	2	1	4	0	4	2	2	9	5	2	3	5	2	0	0	0	0	0	0	0	0	0	0	0	0	0	0	0	0	0	0	0	0	0	0	0	0	0	0	0	0	0	0	0	0	0	0	1	0	0	0	0	0	0	0	0	0	0	0
chr2:20860392-20860517	0	3	4	0	2	11	6	0	4	1	0	0	0	1	2	0	0	0	1	2	0	0	0	0	0	0	0	0	1	0	0	0	0	0	0	0	0	0	0	0	0	0	0	0	0	0	0	0	0	2	9	4	1	0	3	2	1	4	0	4	2	2	9	5	2	3	5	2	0	0	0	0	0	0	0	0	0	0	0	0	0	0	0	0	0	0	0	0	0	0	0	0	0	0	0	0	0	0	0	0	0	0	1	0	0	0	0	0	0	0	0	0	0	0
chr2:20863712-20863801	0	3	4	0	2	11	6	0	4	1	0	0	0	1	2	0	0	0	1	2	0	0	0	0	0	0	0	0	1	0	0	0	0	0	0	0	0	0	0	0	0	0	0	0	0	0	0	0	0	2	9	4	1	0	3	2	1	4	0	4	2	2	9	5	2	3	5	2	0	0	0	0	0	0	0	0	0	0	0	0	0	0	0	0	0	0	0	0	0	0	0	0	0	0	0	0	0	0	0	0	0	0	1	0	0	0	0	0	0	0	0	0	0	0
chr2:20863878-20863951	0	3	4	0	2	11	6	0	4	1	0	0	0	1	2	0	0	0	1	2	0	0	0	0	0	0	0	0	1	0	0	0	0	0	0	0	0	0	0	0	0	0	0	0	0	0	0	0	0	2	9	4	1	0	3	2	1	4	0	4	2	2	9	5	2	3	5	2	0	0	0	0	0	0	0	0	0	0	0	0	0	0	0	0	0	0	0	0	0	0	0	0	0	0	0	0	0	0	0	0	0	0	1	0	0	0	0	0	0	0	0	0	0	0
chr2:20864529-20864607	0	3	4	0	2	11	6	0	4	1	0	0	0	1	2	0	0	0	1	2	0	0	0	0	0	0	0	0	1	0	0	0	0	0	0	0	0	0	0	0	0	0	0	0	0	0	0	0	0	2	9	4	1	0	3	2	1	4	0	4	2	2	9	5	2	3	5	2	0	0	0	0	0	0	0	0	0	0	0	0	0	0	0	0	0	0	0	0	0	0	0	0	0	0	0	0	0	0	0	0	0	0	1	0	0	0	0	0	0	0	0	0	0	0
chr2:20864692-20864847	0	6	6	0	2	11	6	0	4	1	1	0	0	1	2	0	0	0	1	2	0	0	0	0	0	0	0	0	1	0	0	0	0	2	0	0	0	0	0	0	0	0	0	0	0	0	0	0	0	2	9	4	1	0	3	2	1	4	0	4	2	2	9	5	2	3	5	2	0	0	0	0	0	0	0	0	0	0	0	0	0	0	0	0	0	0	0	0	0	0	0	1	0	0	0	0	0	0	0	0	0	0	1	0	0	0	0	0	0	0	0	0	0	0
chr2:68189158-68189223	0	5	9	6	10	12	6	4	5	3	0	1	1	0	3	6	0	0	4	0	0	4	0	2	0	0	0	4	3	7	10	11	10	4	7	9	0	6	7	2	4	7	14	0	0	0	0	0	1	0	0	0	0	0	0	0	0	0	0	2	0	0	0	0	1	0	1	0	0	0	0	0	0	0	0	0	0	2	0	0	0	0	0	2	0	0	0	0	0	0	0	0	0	0	0	1	0	2	0	0	0	0	0	0	2	2	0	0	1	0	0	0	1	0
chr2:68189158-68240485	0	0	3	4	8	9	4	1	4	1	0	1	1	0	3	5	0	0	2	0	0	4	0	2	0	0	0	3	3	2	9	5	7	2	1	6	0	0	6	2	1	3	10	0	0	0	0	0	1	0	0	0	0	0	0	0	0	0	0	0	0	0	0	0	1	0	1	0	0	0	0	0	0	0	0	0	0	2	0	0	0	0	0	0	0	0	0	0	0	0	0	0	0	0	0	0	0	1	0	0	0	0	0	0	2	0	0	0	1	0	0	0	1	0
chr2:68189330-68189378	0	5	9	6	10	12	6	4	5	3	0	1	1	0	3	6	0	0	4	0	0	4	0	2	0	0	0	4	3	7	10	11	10	4	7	9	0	8	7	2	4	7	14	0	0	0	0	0	1	0	0	0	0	0	0	0	0	0	0	2	0	0	0	0	1	0	1	0	0	0	0	0	0	0	0	0	0	2	0	0	0	0	0	2	0	0	0	0	0	0	0	0	0	0	0	1	0	2	0	0	0	0	0	0	2	2	0	0	1	0	0	0	1	0
chr2:68196418-68196551	0	3	7	6	10	12	6	1	5	3	0	2	1	0	4	7	0	1	4	0	0	4	0	2	0	0	0	4	3	7	15	11	10	4	7	9	0	8	8	2	4	7	14	0	0	0	0	0	1	0	0	0	0	0	0	0	0	0	0	2	0	0	0	0	1	0	1	0	0	0	0	0	0	0	0	0	0	2	0	0	0	0	0	2	0	0	0	0	0	0	0	0	0	0	0	1	0	2	0	0	0	0	0	0	2	2	0	0	1	0	0	0	1	0
chr2:68198741-68198842	0	3	7	6	10	12	6	1	5	3	0	2	1	0	4	7	0	1	4	0	0	4	0	2	0	0	0	4	3	7	15	11	10	4	7	9	0	7	8	2	4	7	14	0	0	0	0	0	1	0	0	0	0	0	0	0	0	0	0	2	0	0	0	0	1	0	1	0	0	0	0	0	0	0	0	0	0	2	0	0	0	0	0	2	0	0	0	0	0	0	0	0	0	0	0	1	0	2	0	0	0	0	0	0	2	2	0	0	1	0	0	0	1	0
chr2:68199340-68199449	0	3	7	6	10	12	6	1	5	3	0	2	1	0	4	7	0	1	4	0	0	4	0	2	0	0	0	4	3	7	15	11	10	4	7	9	0	7	8	2	4	7	14	0	0	0	0	0	1	0	0	0	0	0	0	0	0	0	0	2	0	0	0	0	1	0	1	0	0	0	0	0	0	0	0	0	0	2	0	0	0	0	0	2	0	0	0	0	0	0	0	0	0	0	0	1	0	2	0	0	0	0	0	0	2	2	0	0	1	0	0	0	1	0
chr2:68221258-68221313	0	3	8	5	12	15	14	5	5	3	0	8	9	2	5	9	0	1	2	0	2	4	0	3	0	0	0	8	12	2	22	8	11	11	6	7	0	8	15	8	7	11	19	3	2	2	1	0	1	0	0	0	1	0	0	0	0	0	0	2	0	0	0	1	6	0	1	3	0	2	2	0	0	0	0	0	0	2	0	0	0	0	0	2	0	0	0	0	0	0	0	0	0	0	1	1	0	4	0	9	0	0	0	0	3	1	0	0	2	0	3	0	5	0
chr2:68221258-68240485	0	2	4	1	4	4	8	4	0	2	0	6	8	2	1	2	0	0	0	0	2	0	0	1	0	0	0	4	9	0	8	2	3	9	1	1	0	3	7	6	5	4	5	3	2	2	1	0	0	0	0	0	1	0	0	0	0	0	0	0	0	0	0	1	5	0	0	3	0	2	2	0	0	0	0	0	0	0	0	0	0	0	0	0	0	0	0	0	0	0	0	0	0	0	1	0	0	2	0	9	0	0	0	0	0	1	0	0	1	0	3	0	4	0
chr2:68222455-68222596	0	3	8	5	12	15	14	5	5	3	0	8	9	2	5	9	0	1	2	0	2	4	0	3	0	0	0	8	12	2	22	8	11	11	6	7	0	8	15	8	7	11	19	3	2	2	1	0	1	0	0	0	1	0	0	0	0	0	0	2	0	0	0	1	6	0	1	3	0	2	2	0	0	0	0	0	0	2	0	0	0	0	0	2	0	0	0	0	0	0	0	0	0	0	1	1	0	4	0	9	0	0	0	0	3	1	0	0	2	0	3	0	5	0
chr2:68228768-68228876	0	3	8	5	12	15	14	5	5	3	0	8	9	2	5	9	0	1	2	0	2	4	0	3	0	0	0	8	12	2	22	8	11	11	6	7	0	8	15	8	7	11	19	3	2	2	1	0	1	0	0	0	1	0	0	0	0	0	0	2	0	0	0	1	6	0	1	3	0	2	2	0	0	0	0	0	0	2	0	0	0	0	0	2	0	0	0	0	0	0	0	0	0	0	1	1	0	4	0	9	0	0	0	0	3	1	0	0	2	0	3	0	5	0
chr2:68240373-68240485	0	3	8	5	12	15	14	5	4	3	0	8	9	2	5	9	0	1	2	0	2	4	0	3	0	0	0	8	12	2	22	8	10	11	2	7	0	5	15	8	7	11	19	3	2	2	1	0	1	0	0	0	1	0	0	0	0	0	0	2	0	0	0	1	6	0	1	3	0	2	2	0	0	0	0	0	0	2	0	0	0	0	0	0	0	0	0	0	0	0	0	0	0	0	1	1	0	4	0	9	0	0	0	0	2	1	0	0	2	0	3	0	5	0
chr2:76680914-76680988	0	2	1	0	1	1	9	2	0	0	0	0	0	0	0	0	0	0	0	0	0	0	0	0	0	0	0	0	0	0	0	0	0	0	0	0	0	0	0	0	0	0	0	0	0	0	0	0	0	0	6	2	1	14	12	5	2	5	0	3	2	2	5	6	4	0	6	3	2	0	5	0	0	0	0	0	0	0	0	0	0	0	0	0	0	0	0	0	0	0	0	0	0	0	0	0	0	0	0	0	0	0	0	0	0	0	0	0	0	0	0	0	0	0
chr2:76681899-76682108	0	2	1	0	1	1	9	2	0	0	0	0	0	0	0	0	0	0	0	0	0	0	0	0	0	0	0	0	0	0	0	0	0	0	0	0	0	0	0	0	0	0	0	0	0	0	0	0	0	0	6	2	1	14	15	7	2	5	0	3	2	2	5	6	4	0	6	3	2	0	5	0	0	0	0	0	0	0	0	0	0	0	0	0	0	0	0	0	0	0	0	0	0	0	0	0	0	0	0	0	0	0	0	0	0	0	0	0	0	0	0	0	0	0
chr2:76682401-76682481	0	2	1	0	1	1	7	2	0	0	0	0	0	0	0	0	0	0	0	0	0	0	0	0	0	0	0	0	0	0	0	0	0	0	0	0	0	0	0	0	0	0	0	0	0	0	0	0	0	0	6	2	1	9	14	6	2	7	0	3	2	2	5	6	4	0	6	3	2	0	5	0	0	0	0	0	0	0	0	0	0	0	0	0	0	0	0	0	0	0	0	0	0	0	0	0	0	0	0	0	0	0	0	0	0	0	0	0	0	0	0	0	0	0
chr2:76683949-76684032	0	1	0	0	1	0	5	1	0	0	0	0	0	0	0	0	0	0	0	0	0	0	0	0	0	0	0	0	0	0	0	0	0	0	0	0	0	0	0	0	0	0	0	0	0	0	0	0	0	5	5	8	21	22	34	13	13	26	0	18	4	0	2	6	0	0	4	3	7	0	9	0	0	0	0	0	0	0	0	0	0	0	0	0	0	0	0	0	0	0	0	0	0	0	0	0	0	0	0	0	0	0	0	0	0	0	0	0	0	0	0	0	0	0
chr2:76683949-76686710	0	1	3	0	1	0	5	1	0	0	0	0	0	0	0	0	0	0	0	0	0	0	0	0	0	0	0	0	0	0	0	0	0	0	0	0	0	0	0	0	0	0	0	0	0	0	0	0	0	5	4	8	21	19	27	13	11	25	0	18	2	0	0	2	0	0	4	1	4	0	7	0	0	0	0	0	0	0	0	0	0	0	0	0	0	0	0	0	0	0	0	0	0	0	0	0	0	0	0	0	0	0	0	0	0	0	0	0	0	0	0	0	0	0
chr2:76684195-76684272	0	1	0	0	1	0	5	1	0	0	0	0	0	0	0	0	0	0	0	0	0	0	0	0	0	0	0	0	0	0	0	0	0	0	0	0	0	0	0	0	0	0	0	0	0	0	0	0	0	5	5	8	21	22	34	13	13	26	0	18	4	0	2	6	0	0	4	3	7	0	9	0	0	0	0	0	0	0	0	0	0	0	0	0	0	0	0	0	0	0	0	0	0	0	0	0	0	0	0	0	0	0	0	0	0	0	0	0	0	0	0	0	0	0
chr2:76684494-76684562	0	1	3	0	1	0	6	1	0	0	0	0	0	0	0	0	0	0	0	0	0	0	0	0	0	0	0	0	0	0	0	0	0	0	0	0	0	0	0	0	0	0	0	0	0	0	0	0	0	8	7	8	22	22	34	13	14	30	0	21	5	0	2	6	0	0	4	3	7	0	9	0	0	0	0	0	0	0	0	0	0	0	0	0	0	0	0	0	0	0	0	0	0	0	0	0	0	0	0	0	0	0	0	0	0	0	0	0	0	0	0	0	0	0
chr2:76684731-76684811	0	1	3	0	1	0	6	1	0	0	0	0	0	0	0	0	0	0	0	0	0	0	0	0	0	0	0	0	0	0	0	0	0	0	0	0	0	0	0	0	0	0	0	0	0	0	0	0	0	8	7	8	22	22	34	13	14	30	0	21	5	0	2	6	0	0	4	3	7	0	9	0	0	0	0	0	0	0	0	0	0	0	0	0	0	0	0	0	0	0	0	0	0	0	0	0	0	0	0	0	0	0	0	0	0	0	0	0	0	0	0	0	0	0
chr2:76686609-76686710	0	1	3	0	1	0	6	1	0	0	0	0	0	0	0	0	0	0	0	0	0	0	0	0	0	0	0	0	0	0	0	0	0	0	0	0	0	0	0	0	0	0	0	0	0	0	0	0	0	8	7	8	22	21	34	13	12	29	0	21	5	0	2	6	0	0	4	2	6	0	9	0	0	0	0	0	0	0	0	0	0	0	0	0	0	0	0	0	0	0	0	0	0	0	0	0	0	0	0	0	0	0	0	0	0	0	0	0	0	0	0	0	0	0
chr2:98497319-98497569	88	0	0	0	0	0	0	0	0	0	0	0	0	0	0	0	0	4	0	0	0	0	0	4	0	0	4	0	0	0	0	0	0	0	0	0	0	0	0	0	0	0	0	0	0	0	0	0	0	0	0	0	0	0	0	0	0	4	0	0	0	0	0	0	0	0	0	0	0	0	0	0	0	0	0	0	0	0	0	0	0	0	0	0	0	0	0	0	0	0	0	0	0	28	0	12	0	140	0	68	41	112	0	256	0	143	156	114	190	328	58	116	74	0
chr3:116570178-116570308	0	3	0	1	2	0	0	1	0	0	0	2	0	0	0	0	0	0	0	0	0	0	0	0	0	0	0	0	0	0	0	0	0	0	0	0	0	0	0	0	0	0	0	0	0	0	0	0	0	0	3	5	0	2	0	3	2	0	0	0	5	7	3	6	2	2	0	1	5	0	8	0	0	0	0	0	0	0	0	0	0	0	0	0	0	0	0	0	0	0	0	0	0	0	0	0	0	0	0	0	0	0	0	0	0	0	0	0	0	0	0	0	0	0
chr3:116570178-116576292	0	3	0	1	2	0	0	1	0	0	0	2	0	0	0	0	0	0	0	0	0	0	0	0	0	0	0	0	0	0	0	0	0	0	0	0	0	0	0	0	0	0	0	0	0	0	0	0	0	0	3	5	0	2	0	3	2	0	0	0	5	5	3	6	2	2	0	1	5	0	8	0	0	0	0	0	0	0	0	0	0	0	0	0	0	0	0	0	0	0	0	0	0	0	0	0	0	0	0	0	0	0	0	0	0	0	0	0	0	0	0	0	0	0
chr3:116572268-116572402	0	3	1	1	2	0	0	1	0	0	0	2	0	1	0	0	0	0	0	0	0	0	0	0	0	0	0	0	0	0	0	0	0	0	0	0	0	0	0	0	0	0	0	0	0	0	0	0	0	0	3	5	0	2	0	3	2	0	0	0	9	7	3	6	2	3	0	2	5	0	8	0	0	0	0	0	0	0	0	0	0	0	0	0	0	0	0	0	0	0	0	0	0	0	0	0	0	0	0	0	0	0	0	0	0	0	0	0	0	0	0	0	0	0
chr3:116572704-116572816	0	3	1	1	2	0	0	1	0	0	0	2	0	1	0	0	0	0	0	0	0	0	0	0	0	0	0	0	0	0	0	0	0	0	0	0	0	0	0	0	0	0	0	0	0	0	0	0	0	0	3	5	0	2	0	3	2	0	0	0	9	7	3	6	2	3	0	2	5	0	8	0	0	0	0	0	0	0	0	0	0	0	0	0	0	0	0	0	0	0	0	0	0	0	0	0	0	0	0	0	0	0	0	0	0	0	0	0	0	0	0	0	0	0
chr3:116572905-116573029	0	3	1	1	2	0	0	1	0	0	0	2	0	1	0	0	0	0	0	0	0	0	0	0	0	0	0	0	0	0	0	0	0	0	0	0	0	0	0	0	0	0	0	0	0	0	0	0	0	0	3	5	0	2	0	3	2	0	0	0	9	7	3	6	2	3	0	2	5	0	8	0	0	0	0	0	0	0	0	0	0	0	0	0	0	0	0	0	0	0	0	0	0	0	0	0	0	0	0	0	0	0	0	0	0	0	0	0	0	0	0	0	0	0
chr3:116574375-116574525	0	3	1	1	2	0	0	1	0	0	0	2	0	1	0	0	0	0	0	0	0	0	0	0	0	0	0	0	0	0	0	0	0	0	0	0	0	0	0	0	0	0	0	0	0	0	0	0	0	0	3	5	0	2	0	3	2	0	0	0	9	5	3	6	2	3	0	2	5	0	8	0	0	0	0	0	0	0	0	0	0	0	0	0	0	0	0	0	0	0	0	0	0	0	0	0	0	0	0	0	0	0	0	0	0	0	0	0	0	0	0	0	0	0
chr3:116574641-116574796	0	3	1	1	2	0	0	1	0	0	0	2	0	1	0	0	0	0	0	0	0	0	0	0	0	0	0	0	0	0	0	0	0	0	0	0	0	0	0	0	0	0	0	0	0	0	0	0	0	0	3	5	0	2	0	3	2	0	0	0	9	5	3	6	2	3	0	2	5	0	8	0	0	0	0	0	0	0	0	0	0	0	0	0	0	0	0	0	0	0	0	0	0	0	0	0	0	0	0	0	0	0	0	0	0	0	0	0	0	0	0	0	0	0
chr3:116574892-116574993	0	3	1	1	2	0	0	1	0	0	0	2	0	1	0	0	0	0	0	0	0	0	0	0	0	0	0	0	0	0	0	0	0	0	0	0	0	0	0	0	0	0	0	0	0	0	0	0	0	0	3	5	0	2	0	3	2	0	0	0	9	5	3	6	2	3	0	2	5	0	8	0	0	0	0	0	0	0	0	0	0	0	0	0	0	0	0	0	0	0	0	0	0	0	0	0	0	0	0	0	0	0	0	0	0	0	0	0	0	0	0	0	0	0
chr3:116575237-116575400	0	3	1	1	2	0	0	1	0	0	0	2	0	1	0	0	0	0	0	0	0	0	0	0	0	0	0	0	0	0	0	0	0	0	0	0	0	0	0	0	0	0	0	0	0	0	0	0	0	0	3	5	0	2	0	3	2	0	0	0	9	5	3	6	2	3	0	2	5	0	8	0	0	0	0	0	0	0	0	0	0	0	0	0	0	0	0	0	0	0	0	0	0	0	0	0	0	0	0	0	0	0	0	0	0	0	0	0	0	0	0	0	0	0
chr3:116576169-116576292	0	3	1	1	2	0	0	1	0	0	0	2	0	1	0	0	0	0	0	0	0	0	0	0	0	0	0	0	0	0	0	0	0	0	0	0	0	0	0	0	0	0	0	0	0	0	0	0	0	0	3	5	0	2	0	3	2	0	0	0	9	5	3	6	2	3	0	2	5	0	8	0	0	0	0	0	0	0	0	0	0	0	0	0	0	0	0	0	0	0	0	0	0	0	0	0	0	0	0	0	0	0	0	0	0	0	0	0	0	0	0	0	0	0
chr3:135361261-135361359	1	5	3	10	10	4	2	5	2	2	1	2	3	0	0	4	0	0	0	0	0	1	2	0	1	1	0	1	0	0	3	0	2	1	1	0	0	8	0	0	0	0	1	0	0	0	0	0	0	0	3	1	1	0	3	0	0	1	3	2	0	6	0	3	1	0	2	0	3	2	1	0	0	0	1	0	0	0	0	0	0	0	0	1	0	0	0	0	0	0	0	0	0	0	1	2	0	4	0	5	2	1	3	0	1	1	0	0	0	0	2	3	0	0
chr3:135361261-135375100	1	5	3	10	8	4	2	5	2	2	0	2	3	0	0	4	0	0	0	0	0	0	2	0	1	1	0	1	0	0	3	0	2	1	1	0	0	6	0	0	0	0	1	0	0	0	0	0	0	0	3	1	0	0	3	0	0	1	2	2	0	6	0	3	1	0	2	0	3	2	1	0	0	0	1	0	0	0	0	0	0	0	0	1	0	0	0	0	0	0	0	0	0	0	1	2	0	3	0	5	2	1	3	0	1	1	0	0	0	0	2	2	0	0
chr3:135364789-135364826	1	5	3	10	10	4	2	5	2	2	1	2	3	0	0	4	0	0	0	0	0	1	2	0	1	1	0	1	0	0	3	0	2	1	1	0	0	8	0	0	0	0	1	0	0	0	0	0	0	0	3	1	1	0	3	0	0	1	3	2	0	6	0	3	1	0	2	0	3	2	1	0	0	0	1	0	0	0	0	0	0	0	0	1	0	0	0	0	0	0	0	0	0	0	1	2	0	4	0	5	2	1	3	0	1	1	0	0	0	0	2	3	0	0
chr3:135368676-135368754	1	5	3	10	10	4	2	5	2	2	1	2	3	0	0	4	0	0	0	0	0	1	2	0	1	1	0	1	0	0	3	0	2	1	1	0	0	8	0	0	0	0	1	0	0	0	0	0	0	0	3	1	1	0	3	0	0	1	3	2	0	6	0	3	1	0	2	0	3	2	1	0	0	0	1	0	0	0	0	0	0	0	0	1	0	0	0	0	0	0	0	0	0	0	1	2	0	4	0	5	2	1	3	0	1	1	0	0	0	0	2	3	0	0
chr3:135373514-135373553	1	5	3	10	10	4	2	5	2	2	1	2	3	0	0	4	0	0	0	0	0	1	2	0	1	1	0	1	0	0	3	0	2	1	1	0	0	8	0	0	0	0	1	0	0	0	0	0	0	0	3	1	1	0	3	0	0	1	3	2	0	6	0	3	1	0	2	0	3	2	1	0	0	0	1	0	0	0	0	0	0	0	0	1	0	0	0	0	0	0	0	0	0	0	1	2	0	4	0	5	2	1	3	0	1	1	0	0	0	0	2	3	0	0
chr3:135375031-135375100	1	5	3	10	10	4	2	5	2	2	1	2	3	0	0	4	0	0	0	0	0	1	2	0	1	1	0	1	0	0	3	0	2	1	1	0	0	8	0	0	0	0	1	0	0	0	0	0	0	0	3	1	1	0	3	0	0	1	3	2	0	6	0	3	1	0	2	0	3	2	1	0	0	0	1	0	0	0	0	0	0	0	0	1	0	0	0	0	0	0	0	0	0	0	1	2	0	4	0	5	2	1	3	0	1	1	0	0	0	0	2	3	0	0
chr3:51215471-51215636	0	3	0	2	5	5	6	0	2	0	0	1	2	3	2	2	0	2	4	1	1	0	1	0	0	2	0	2	1	0	0	1	2	1	2	0	0	1	0	0	2	3	1	0	1	0	0	1	3	0	1	1	0	2	4	1	2	6	0	0	5	4	0	0	2	3	6	1	0	0	0	0	0	0	0	0	1	0	1	0	0	0	0	0	0	0	0	0	0	0	1	0	0	1	0	0	0	1	0	0	1	0	0	6	0	2	3	1	3	0	0	0	0	0
chr3:51215471-51233456	0	3	0	2	5	5	3	0	2	0	0	1	0	3	0	2	0	0	4	1	1	0	1	0	0	2	0	0	1	0	0	1	2	1	0	0	0	1	0	0	0	0	1	0	1	0	0	1	0	0	1	1	0	0	1	0	2	6	0	0	5	4	0	0	1	3	6	0	0	0	0	0	0	0	0	0	0	0	1	0	0	0	0	0	0	0	0	0	0	0	1	0	0	1	0	0	0	1	0	0	1	0	0	6	0	2	2	1	3	0	0	0	0	0
chr3:51230643-51230872	0	3	0	2	5	5	6	0	2	0	0	1	2	3	3	2	0	1	4	1	1	0	1	0	0	2	0	2	1	0	0	1	2	1	2	0	0	1	0	0	2	3	1	0	1	0	0	1	3	0	1	1	0	2	4	1	2	6	0	0	5	4	0	0	2	3	6	1	0	0	0	0	0	0	0	0	1	0	1	0	0	0	0	0	0	0	0	0	0	0	1	0	0	1	0	0	0	1	0	0	1	0	0	6	0	2	3	2	3	0	0	0	0	0
chr3:51233369-51233456	0	3	0	2	5	5	6	0	2	0	0	1	2	3	3	2	0	1	4	1	1	0	1	0	0	2	0	2	1	0	0	1	2	1	2	0	0	1	0	0	2	3	1	0	1	0	0	1	3	0	1	1	0	2	4	1	2	6	0	0	5	4	0	0	2	3	6	1	0	0	0	0	0	0	0	0	1	0	1	0	0	0	0	0	0	0	0	0	0	0	1	0	0	1	0	0	0	1	0	0	1	0	0	6	0	2	3	2	3	0	0	0	0	0
chr3:84810808-84811386	0	0	0	0	0	0	2	0	0	5	1	0	0	2	0	0	0	2	0	0	0	2	0	0	8	0	2	4	0	6	10	0	4	0	0	4	0	0	0	2	4	0	2	0	0	0	2	0	0	0	0	2	2	0	0	0	0	1	0	0	0	0	0	0	0	0	0	0	2	3	0	4	0	0	2	0	2	0	4	0	1	0	0	0	0	0	0	6	0	0	0	2	0	0	2	6	0	4	0	0	2	4	2	0	0	1	3	2	4	4	0	2	0	0
chr4:141244147-141244629	1	0	2	0	1	0	2	0	0	0	0	0	0	0	0	0	7	3	4	1	0	3	1	4	0	2	0	5	7	5	14	6	5	5	4	7	1	6	3	8	15	7	6	2	2	7	9	0	3	0	1	0	1	1	1	0	1	2	1	2	2	0	2	0	0	2	0	2	0	2	0	0	0	2	0	0	2	2	0	0	5	2	1	0	0	1	1	0	1	2	0	0	2	0	1	0	0	4	0	0	2	1	0	2	2	2	1	2	3	0	2	0	0	2
chr4:141244147-141249703	1	0	2	0	1	0	0	0	0	0	0	0	0	0	0	0	7	3	4	1	0	3	1	2	0	2	0	5	7	1	14	6	5	5	4	7	1	6	3	8	13	7	6	2	2	7	9	0	3	0	1	0	1	1	1	0	1	2	1	2	2	0	2	0	0	0	0	2	0	2	0	0	0	2	0	0	2	2	0	0	5	2	1	0	0	1	1	0	1	2	0	0	2	0	1	0	0	2	0	0	1	1	0	2	2	2	1	2	3	0	2	0	0	0
chr4:141249383-141249703	1	0	2	0	1	0	0	0	0	0	0	0	0	0	0	0	7	3	4	1	0	3	1	2	0	2	0	5	7	1	14	6	5	5	4	7	1	6	3	8	13	7	6	0	2	7	9	0	3	0	1	0	1	1	1	0	1	2	1	2	2	0	2	0	0	0	0	2	0	2	0	0	0	2	0	0	2	2	0	0	5	2	1	0	0	1	1	0	1	2	0	0	2	0	1	0	0	2	0	0	1	1	0	2	2	2	1	2	3	0	2	0	0	0
chr4:150490653-150491121	0	2	1	0	3	0	0	0	0	0	0	0	0	0	0	0	0	4	0	1	2	2	4	1	6	2	0	4	0	1	2	6	6	4	0	0	0	5	0	1	0	0	4	2	5	0	0	6	0	5	0	0	0	0	0	0	0	0	0	0	0	0	0	0	0	0	0	0	0	1	0	0	0	0	0	0	2	0	0	0	1	0	0	0	0	0	0	0	2	0	0	3	0	1	4	0	5	6	0	0	0	0	4	0	1	4	2	0	0	1	2	2	0	0
chr4:150523800-150523925	0	1	2	1	6	3	4	0	0	0	1	0	0	0	3	3	0	0	1	1	1	2	0	1	0	2	0	6	0	1	8	0	2	4	2	1	0	4	1	2	2	0	5	2	4	0	1	0	0	1	1	0	0	0	2	0	0	0	1	0	2	0	0	1	0	0	3	0	0	0	0	0	0	0	1	0	0	0	1	0	3	0	0	0	0	0	0	0	0	0	0	3	0	1	0	0	7	4	0	0	0	0	4	0	1	7	0	3	0	1	4	0	0	0
chr4:9583812-9583856	1	4	5	0	1	4	5	1	3	1	1	2	4	6	3	4	0	0	1	0	0	0	7	0	4	0	0	8	5	1	1	3	0	1	3	3	0	2	0	3	2	0	1	2	0	0	0	0	0	1	1	0	6	0	1	1	1	1	1	3	3	0	0	0	1	0	4	0	5	2	0	0	0	2	0	0	0	0	2	0	2	0	0	0	1	4	0	0	1	0	0	0	4	0	2	0	0	0	0	0	0	1	0	3	5	4	1	0	0	0	0	0	0	0
chr4:9583812-9610938	1	4	5	0	1	3	4	1	3	1	1	2	4	6	3	3	0	0	1	0	0	0	7	0	4	0	0	8	5	1	1	3	0	1	3	3	0	2	0	2	2	0	1	0	0	0	0	0	0	1	1	0	4	0	1	1	1	1	0	3	3	0	0	0	1	0	4	0	5	2	0	0	0	2	0	0	0	0	2	0	2	0	0	0	1	4	0	0	1	0	0	0	4	0	2	0	0	0	0	0	0	1	0	3	5	4	1	0	0	0	0	0	0	0
chr4:9594663-9594698	1	4	5	0	1	4	5	1	4	2	1	2	4	6	3	4	0	0	1	0	0	0	7	0	4	0	0	8	5	2	1	3	0	1	3	3	0	2	0	3	2	0	1	3	0	0	0	0	0	1	1	0	6	0	1	1	1	2	1	3	3	1	0	0	1	0	4	0	5	2	0	0	0	2	0	0	0	0	2	0	2	0	0	0	1	4	1	3	1	0	0	0	4	0	2	0	0	0	0	0	0	1	0	4	5	4	1	0	0	0	0	0	0	0
chr4:9595377-9595415	1	4	5	0	1	4	5	1	4	2	1	2	4	6	3	4	0	0	1	0	0	0	7	0	4	0	0	8	5	2	1	3	0	1	3	3	0	2	0	3	2	0	1	3	0	0	0	0	0	1	1	0	6	0	1	1	1	2	1	3	3	1	0	0	1	0	4	0	5	2	0	0	0	2	0	0	0	0	2	0	2	0	0	0	1	4	1	3	1	0	0	0	4	0	2	0	0	0	0	0	0	1	0	4	5	4	1	0	0	0	0	0	0	0
chr4:9598269-9598301	1	4	5	0	1	4	5	1	4	2	1	2	4	6	3	4	0	0	1	0	0	0	7	0	4	0	0	8	5	2	1	3	0	1	3	3	0	2	0	3	2	0	1	3	0	0	0	0	0	1	1	0	6	0	1	1	1	2	1	6	3	1	0	0	1	0	4	0	5	2	0	0	0	2	0	0	0	0	2	0	2	0	0	0	1	4	1	3	1	0	0	0	4	0	2	0	0	0	0	0	0	1	0	4	5	4	1	0	0	0	0	0	0	0
chr4:9601307-9601363	1	4	5	0	1	4	5	1	4	2	1	2	4	6	3	4	0	0	1	0	0	0	7	0	4	0	0	8	5	2	1	3	0	1	3	3	0	2	0	3	2	0	1	3	0	0	0	0	0	2	1	0	6	0	1	1	1	2	1	6	3	1	0	0	1	0	4	0	5	2	0	0	0	2	0	0	0	0	2	0	2	0	0	0	1	4	3	3	1	0	0	0	4	0	2	0	0	0	0	0	0	1	0	4	5	4	1	0	0	0	0	0	0	0
chr4:9602469-9602501	1	4	5	0	1	4	5	1	4	2	1	2	4	6	3	4	0	0	1	0	0	0	7	0	4	0	0	8	5	2	1	3	0	1	3	3	0	2	0	3	2	0	1	4	0	0	0	0	0	2	1	0	6	0	1	1	1	2	1	6	3	1	0	0	1	0	4	0	5	2	0	0	0	2	0	0	0	0	2	0	2	0	0	0	1	4	3	3	1	0	0	0	4	0	2	0	0	0	0	0	0	1	0	4	5	4	1	0	0	0	0	0	0	0
chr4:9604516-9604629	1	4	5	0	1	4	5	1	4	2	1	2	4	6	3	4	0	0	1	0	0	0	7	0	4	0	0	8	5	2	1	3	0	1	3	3	0	2	0	3	2	0	1	4	0	0	0	0	0	2	1	0	6	0	1	1	1	2	1	6	3	1	0	0	1	0	4	0	5	2	0	0	0	2	0	0	0	0	2	0	2	0	0	0	1	4	3	3	1	0	0	0	4	0	2	0	0	0	0	0	0	1	0	4	5	4	1	0	0	0	0	0	0	0
chr4:9607797-9607871	1	4	5	0	1	3	4	0	3	1	1	2	2	6	3	3	0	0	1	0	0	0	7	0	4	0	0	8	5	2	1	3	0	1	3	3	0	2	0	3	2	0	1	4	0	0	0	0	0	1	1	0	6	0	1	1	0	2	1	6	3	1	0	0	1	0	4	0	5	2	0	0	0	2	0	0	0	0	2	0	2	0	0	0	1	4	3	3	1	0	0	0	4	0	2	0	0	0	0	0	0	1	0	4	5	4	1	0	0	0	0	0	0	0
chr4:9610843-9610938	1	4	5	0	1	3	4	1	3	1	1	2	4	6	3	3	0	0	1	0	0	0	7	0	4	0	0	8	5	2	1	3	0	1	3	3	0	2	0	3	2	0	1	4	0	0	0	0	0	2	1	0	6	0	1	1	1	2	1	6	3	1	0	0	1	0	4	0	5	2	0	0	0	2	0	0	0	0	2	0	2	0	0	0	1	4	3	3	1	0	0	0	4	0	2	0	0	0	0	0	0	1	0	4	5	4	1	0	0	0	0	0	0	0
chr5:107936065-107936160	0	2	4	4	1	7	5	1	3	0	0	0	0	6	3	6	1	0	0	0	0	1	1	1	0	2	0	3	2	6	5	8	8	5	1	5	0	2	4	1	1	0	3	1	0	0	0	3	0	0	0	1	5	2	0	0	0	0	1	0	0	0	1	2	0	1	0	0	0	3	2	1	0	2	1	2	2	3	1	0	0	3	0	2	1	3	3	3	1	0	4	1	1	0	0	1	2	5	0	0	0	1	0	3	0	0	0	0	0	0	0	0	0	0
chr5:107938228-107938374	0	2	4	4	1	7	5	1	3	0	0	0	0	6	3	6	1	0	0	0	0	1	1	1	0	2	0	3	2	6	5	8	8	5	1	5	0	2	4	1	1	0	3	1	0	0	0	3	0	0	0	1	5	2	0	0	0	0	1	0	0	0	1	2	0	1	0	0	0	3	2	1	0	2	1	2	2	3	1	0	0	3	0	2	1	3	3	3	1	0	4	1	1	0	0	1	2	5	0	0	0	1	0	3	0	0	0	0	0	0	0	0	0	0
chr5:110903263-110904632	0	0	4	6	2	0	0	4	0	0	2	0	4	2	4	4	0	0	0	4	2	2	2	4	0	0	2	0	0	0	6	0	0	4	0	4	0	6	0	0	0	0	0	2	0	0	2	2	0	0	0	2	0	6	4	2	0	2	0	0	4	0	0	0	2	0	0	0	4	6	0	2	0	0	0	0	0	0	0	0	2	0	0	0	0	2	0	0	0	0	0	0	2	8	0	2	2	0	0	0	4	0	0	0	0	4	0	0	0	0	0	0	0	2
chr5:112978026-112978245	0	1	0	0	0	0	0	0	0	0	0	0	0	0	0	0	0	0	0	0	0	0	0	0	0	0	0	0	0	0	0	0	0	0	0	0	0	0	0	0	0	0	0	0	0	0	0	0	0	0	5	1	0	5	6	4	1	4	0	1	3	6	1	5	9	2	4	0	1	0	7	0	0	0	0	0	0	0	0	0	0	0	0	0	0	0	0	0	0	0	0	0	0	0	0	0	0	0	0	0	0	0	0	0	0	0	0	0	0	0	0	0	0	0
chr5:112978026-112994310	0	1	0	0	0	0	0	0	0	0	0	0	0	0	0	0	0	0	0	0	0	0	0	0	0	0	0	0	0	0	0	0	0	0	0	0	0	0	0	0	0	0	0	0	0	0	0	0	0	0	5	1	0	4	5	4	1	3	0	1	2	6	1	5	9	2	4	0	1	0	7	0	0	0	0	0	0	0	0	0	0	0	0	0	0	0	0	0	0	0	0	0	0	0	0	0	0	0	0	0	0	0	0	0	0	0	0	0	0	0	0	0	0	0
chr5:112978937-112979120	0	1	0	0	0	0	0	0	0	0	0	0	0	0	0	0	0	0	0	0	0	0	0	0	0	0	0	0	0	0	0	0	0	0	0	0	0	0	0	0	0	0	0	0	0	0	0	0	0	0	5	1	0	5	6	4	1	4	0	1	3	6	1	5	9	2	4	0	1	0	7	0	0	0	0	0	0	0	0	0	0	0	0	0	0	0	0	0	0	0	0	0	0	0	0	0	0	0	0	0	0	0	0	0	0	0	0	0	0	0	0	0	0	0
chr5:112982241-112982400	0	1	0	0	0	0	0	0	0	0	0	0	0	0	0	0	0	0	0	0	0	0	0	0	0	0	0	0	0	0	0	0	0	0	0	0	0	0	0	0	0	0	0	0	0	0	0	0	0	0	5	1	0	5	6	4	1	4	0	1	3	6	1	5	9	2	4	0	1	0	7	0	0	0	0	0	0	0	0	0	0	0	0	0	0	0	0	0	0	0	0	0	0	0	0	0	0	0	0	0	0	0	0	0	0	0	0	0	0	0	0	0	0	0
chr5:112985617-112985767	0	1	0	0	0	0	0	0	0	0	0	0	0	0	0	0	0	0	0	0	0	0	0	0	0	0	0	0	0	0	0	0	0	0	0	0	0	0	0	0	0	0	0	0	0	0	0	0	0	0	5	1	0	5	6	4	1	4	0	1	3	6	1	5	9	2	4	0	1	0	7	0	0	0	0	0	0	0	0	0	0	0	0	0	0	0	0	0	0	0	0	0	0	0	0	0	0	0	0	0	0	0	0	0	0	0	0	0	0	0	0	0	0	0
chr5:112987483-112987563	0	1	0	0	0	0	0	0	0	0	0	0	0	0	0	0	0	0	0	0	0	0	0	0	0	0	0	0	0	0	0	0	0	0	0	0	0	0	0	0	0	0	0	0	0	0	0	0	0	0	5	1	0	5	6	4	1	4	0	1	3	6	1	5	9	2	4	0	1	0	7	0	0	0	0	0	0	0	0	0	0	0	0	0	0	0	0	0	0	0	0	0	0	0	0	0	0	0	0	0	0	0	0	0	0	0	0	0	0	0	0	0	0	0
chr5:112988486-112988678	0	1	0	0	0	0	0	0	0	0	0	0	0	0	0	0	0	0	0	0	0	0	0	0	0	0	0	0	0	0	0	0	0	0	0	0	0	0	0	0	0	0	0	0	0	0	0	0	0	0	5	1	0	5	6	4	1	4	0	1	3	6	1	5	9	2	4	0	1	0	7	0	0	0	0	0	0	0	0	0	0	0	0	0	0	0	0	0	0	0	0	0	0	0	0	0	0	0	0	0	0	0	0	0	0	0	0	0	0	0	0	0	0	0
chr5:112991070-112991160	0	1	0	0	0	0	0	0	0	0	0	0	0	0	0	0	0	0	0	0	0	0	0	0	0	0	0	0	0	0	0	0	0	0	0	0	0	0	0	0	0	0	0	0	0	0	0	0	0	0	5	1	0	5	6	4	1	4	0	1	3	6	1	5	9	2	4	0	1	0	7	0	0	0	0	0	0	0	0	0	0	0	0	0	0	0	0	0	0	0	0	0	0	0	0	0	0	0	0	0	0	0	0	0	0	0	0	0	0	0	0	0	0	0
chr5:112994137-112994310	0	1	0	0	0	0	0	0	0	0	0	0	0	0	0	0	0	0	0	0	0	0	0	0	0	0	0	0	0	0	0	0	0	0	0	0	0	0	0	0	0	0	0	0	0	0	0	0	0	0	5	1	0	5	6	4	1	4	0	1	3	6	1	5	9	2	4	0	1	0	7	0	0	0	0	0	0	0	0	0	0	0	0	0	0	0	0	0	0	0	0	0	0	0	0	0	0	0	0	0	0	0	0	0	0	0	0	0	0	0	0	0	0	0
chr5:118731398-118731635	0	8	2	2	0	0	4	4	4	0	0	2	6	22	0	2	0	2	8	0	0	4	0	0	2	0	0	2	2	0	0	0	2	2	0	6	0	1	0	3	4	0	4	0	0	0	2	2	0	2	0	2	2	0	6	4	0	0	0	6	0	0	0	2	2	0	2	2	4	0	0	0	0	0	0	0	0	0	0	0	2	0	0	0	0	0	0	0	0	0	0	2	0	0	0	2	4	0	0	4	0	0	0	2	4	2	0	2	2	6	0	0	4	0
chr5:130216242-130216427	0	1	1	3	0	4	0	2	1	2	0	9	3	3	3	3	0	0	2	0	4	2	0	0	3	0	0	3	2	8	0	4	3	6	1	0	0	5	0	1	0	5	3	2	1	0	0	1	0	1	0	2	4	3	2	8	0	0	1	7	0	2	1	3	0	0	0	0	0	0	2	0	0	1	0	1	0	1	0	0	1	2	1	0	1	3	0	0	1	0	0	1	0	0	0	1	1	3	1	1	0	0	0	0	0	0	2	6	0	0	0	0	0	0
chr5:130219718-130219884	0	1	1	3	0	4	0	2	1	2	0	9	3	3	3	3	0	0	2	0	4	2	0	0	3	0	0	3	2	8	0	4	3	6	1	0	0	5	0	1	0	5	3	2	1	0	0	1	0	1	0	2	4	3	2	8	0	0	1	7	0	2	1	3	0	0	0	0	0	0	2	0	0	1	0	1	0	1	0	0	1	2	1	0	1	3	0	0	1	0	0	1	0	0	0	1	1	3	1	1	0	0	0	0	0	0	2	6	0	0	0	0	0	0
chr5:135150360-135150442	0	0	0	0	0	0	2	1	0	0	0	2	1	2	1	3	3	0	3	0	0	2	0	3	7	0	0	4	4	4	2	2	1	13	2	3	1	2	2	4	4	5	4	2	7	2	4	3	1	12	4	8	7	8	6	2	5	4	1	4	7	7	13	9	5	6	8	3	6	0	2	2	1	2	0	1	0	0	5	0	2	1	1	0	1	0	6	4	1	2	0	0	6	0	0	0	1	0	0	0	0	0	0	3	0	0	0	3	0	0	0	0	0	0
chr5:135150360-135152871	0	0	0	0	0	0	2	1	0	0	0	2	1	2	1	3	3	0	3	0	0	2	0	3	7	0	0	4	4	4	2	2	1	10	2	3	1	2	2	4	4	5	4	2	7	2	4	3	1	12	4	8	7	8	6	2	5	4	1	4	7	7	13	9	5	6	8	3	6	0	2	2	1	2	0	1	0	0	5	0	2	1	1	0	1	0	6	4	1	2	0	0	6	0	0	0	1	0	0	0	0	0	0	3	0	0	0	2	0	0	0	0	0	0
chr5:135150590-135150679	0	0	0	0	0	0	2	1	0	0	0	2	1	2	1	3	3	0	3	0	0	2	0	3	7	0	0	4	4	4	2	2	1	13	2	3	1	2	2	4	4	5	4	2	7	2	4	3	1	12	4	8	7	8	6	2	5	4	1	4	7	7	13	9	5	6	8	3	6	0	2	2	1	2	0	1	0	0	5	0	1	1	1	0	1	0	6	4	1	2	0	0	6	0	0	0	1	0	0	0	0	0	0	3	0	0	0	3	0	0	0	0	0	0
chr5:135150924-135150968	0	0	0	0	0	0	2	1	0	0	0	2	1	2	1	3	3	0	3	0	0	2	0	3	7	0	0	4	4	4	2	2	1	13	2	3	1	2	2	4	4	5	4	2	7	2	4	3	1	12	4	8	7	8	6	2	5	4	1	4	7	7	13	9	5	6	8	3	6	0	2	2	1	2	0	1	0	0	5	0	1	1	1	0	1	0	6	4	1	2	0	0	6	0	0	0	1	0	0	0	0	0	0	3	0	0	0	3	0	0	0	0	0	0
chr5:135152504-135152705	0	0	0	0	0	0	2	1	0	1	0	2	1	2	1	5	0	0	3	0	0	2	0	3	5	0	0	4	2	4	1	2	1	13	2	3	1	2	2	4	4	5	5	2	9	2	4	3	1	12	7	8	8	8	7	2	5	5	1	4	11	7	13	12	4	6	6	3	7	0	3	2	1	0	0	1	0	0	4	0	2	1	1	0	1	0	6	4	1	2	0	0	6	0	0	0	1	0	0	0	0	0	0	3	0	0	0	3	0	0	0	0	0	0
chr5:135152791-135152871	0	0	0	0	0	0	2	1	0	1	0	2	1	2	1	6	3	0	3	0	0	2	0	3	7	0	0	4	4	4	2	2	1	13	2	3	1	2	2	4	4	5	6	2	9	2	4	3	1	12	7	8	9	8	7	2	5	5	1	4	11	7	13	12	5	6	8	3	7	0	3	2	1	2	0	1	0	0	5	0	2	1	1	0	1	0	6	4	1	2	0	0	6	0	0	0	1	0	0	0	0	0	0	3	0	0	0	3	0	0	0	0	0	0
chr5:143075875-143076684	0	0	0	0	0	0	0	0	0	0	0	0	0	0	0	2	2	0	0	0	0	0	0	6	2	0	4	0	0	0	6	0	2	0	0	0	0	4	0	0	0	0	0	0	0	0	0	0	0	0	0	0	0	0	5	0	0	6	0	0	0	0	0	0	0	0	0	0	0	7	0	0	0	0	0	0	0	0	2	0	0	0	0	0	0	0	0	0	0	0	0	0	0	0	0	0	2	0	0	4	0	0	0	6	2	2	0	6	0	0	0	0	0	0
chr5:29986128-29986448	0	0	2	0	0	0	2	0	0	0	0	0	0	0	0	0	0	0	0	0	0	0	0	0	0	0	0	0	0	0	0	0	0	0	0	0	0	0	0	0	0	0	0	0	0	0	0	2	0	0	4	4	0	6	6	18	2	2	0	4	4	10	0	0	6	0	0	2	2	0	8	0	0	0	0	0	0	0	0	0	0	0	0	0	0	0	0	0	0	0	0	0	0	0	0	0	0	0	0	0	0	0	0	0	0	0	0	0	0	0	0	0	0	0
chr5:3797021-3797138	5	0	1	0	1	1	2	0	1	1	1	0	1	1	2	2	0	0	0	1	2	1	1	3	0	2	0	2	4	4	5	3	5	10	8	1	7	6	2	4	11	2	3	1	2	0	3	0	1	0	0	0	0	0	0	3	0	0	1	3	4	3	0	0	0	1	0	0	0	3	0	0	1	2	0	1	0	0	0	0	3	0	0	2	2	0	0	0	0	2	0	0	0	3	2	1	2	0	0	1	0	4	1	9	7	1	1	1	0	1	0	1	4	0
chr5:3797021-3822787	2	0	0	0	1	1	0	0	0	1	1	0	1	1	2	2	0	0	0	1	2	0	1	1	0	2	0	2	4	4	5	3	1	10	8	1	7	6	2	4	11	2	3	1	2	0	1	0	1	0	0	0	0	0	0	3	0	0	1	1	4	3	0	0	0	1	0	0	0	3	0	0	0	0	0	1	0	0	0	0	3	0	0	0	2	0	0	0	0	2	0	0	0	3	2	1	2	0	0	1	0	4	1	9	6	1	1	1	0	1	0	1	4	0
chr5:3805594-3805776	5	0	1	0	1	2	2	0	1	2	1	0	1	1	2	2	0	0	0	1	2	1	1	4	1	2	0	2	5	4	6	3	5	11	9	1	7	6	2	4	11	5	3	1	2	0	3	3	1	0	0	0	0	0	0	3	0	0	1	3	4	3	0	0	0	1	0	0	0	3	0	0	1	2	0	1	1	0	0	0	3	0	0	2	2	0	0	0	0	2	0	0	0	3	2	1	3	0	0	1	0	4	2	11	7	1	1	1	0	1	0	1	4	0
chr5:3819429-3819729	5	0	1	0	1	2	2	0	0	2	1	0	1	1	2	2	0	0	0	1	2	0	1	4	1	2	0	2	5	4	6	3	5	11	9	1	7	6	2	4	11	5	3	1	2	0	3	3	1	0	0	0	0	0	0	3	0	0	1	3	4	3	0	0	0	1	0	0	0	0	0	0	1	2	0	1	1	0	0	0	3	0	0	2	2	0	0	0	0	2	0	0	0	3	2	1	3	0	0	1	0	4	2	11	7	1	1	1	0	1	0	1	4	0
chr5:3822517-3822787	5	0	1	0	1	2	2	0	0	2	1	0	1	1	2	2	0	0	0	1	2	0	1	4	1	2	0	2	5	4	6	3	5	11	9	1	7	6	2	4	11	5	3	1	2	0	3	3	1	0	0	0	0	0	0	3	0	0	1	3	4	3	0	0	0	1	0	0	0	3	0	0	1	2	0	1	1	0	0	0	3	0	0	2	2	0	0	0	0	2	0	0	0	3	2	1	3	0	0	1	0	4	2	11	7	1	1	1	0	1	0	1	4	0
chr5:65723332-65723425	0	3	2	5	1	6	7	6	2	2	2	0	1	4	1	0	1	6	3	0	0	1	3	0	0	0	1	3	3	4	5	5	3	9	2	4	5	6	4	5	0	0	1	2	0	0	1	3	1	3	2	2	3	3	1	2	0	0	0	0	0	0	0	8	0	1	2	1	3	6	8	0	0	0	2	0	0	1	4	0	0	0	1	1	3	0	3	0	0	4	0	0	0	3	1	5	3	6	0	2	2	0	1	6	3	5	5	2	0	4	0	4	0	1
chr5:65723332-65751891	0	3	2	5	1	6	7	6	2	2	2	0	1	3	1	0	1	6	3	0	0	1	3	0	0	0	1	3	3	4	5	5	3	9	2	4	5	6	4	5	0	0	1	2	0	0	1	3	1	3	2	2	3	3	1	2	0	0	0	0	0	0	0	8	0	1	2	1	3	6	8	0	0	0	2	0	0	1	4	0	0	0	1	1	3	0	3	0	0	4	0	0	0	3	1	5	3	6	0	2	2	0	1	6	3	5	5	2	0	3	0	4	0	1
chr5:65728875-65728933	0	3	2	5	1	6	7	6	2	2	2	0	1	4	2	0	1	6	3	0	0	1	3	0	0	0	2	3	3	4	8	5	3	9	2	4	5	6	4	5	0	0	1	2	0	0	1	3	1	3	0	2	3	3	1	2	0	0	1	0	0	0	0	8	0	1	2	1	3	6	8	0	2	0	2	0	0	1	4	0	0	0	1	1	3	0	3	0	0	4	0	0	0	3	3	5	3	6	0	2	2	0	1	6	3	5	5	2	0	4	0	4	0	1
chr5:65738729-65738811	0	3	2	5	1	6	7	6	2	2	2	0	1	4	2	0	1	6	3	0	0	1	3	0	0	0	2	3	3	4	8	5	3	9	2	4	5	6	4	5	0	0	1	2	0	0	1	3	1	3	2	2	3	3	1	2	0	0	1	0	0	0	0	8	0	1	2	1	3	6	8	0	2	0	2	0	0	1	4	0	0	0	1	1	3	0	3	0	0	4	0	0	0	3	3	5	3	6	0	2	2	0	1	6	3	5	5	2	0	4	0	4	0	1
chr5:65749219-65749318	0	3	2	5	1	6	7	6	2	2	2	0	1	3	2	0	1	6	3	0	0	1	3	0	0	0	2	3	3	4	8	5	3	9	2	4	5	6	4	5	0	0	1	2	0	0	1	3	1	3	2	2	3	3	1	2	0	0	1	0	0	0	0	8	0	1	2	1	3	6	8	0	2	0	2	0	0	1	4	0	0	0	1	1	3	0	3	0	0	4	0	0	0	3	3	5	3	6	0	2	2	0	1	6	3	5	5	2	0	3	0	4	0	1
chr5:65751763-65751891	0	3	2	5	1	6	7	6	2	2	2	0	1	3	2	0	1	6	3	0	0	1	3	0	0	0	2	3	3	4	8	5	3	9	2	4	5	6	4	5	0	0	1	2	0	0	1	3	1	3	2	2	3	3	1	2	0	0	1	0	0	0	0	8	0	1	2	1	3	6	8	0	0	0	2	0	0	1	4	0	0	0	1	1	3	0	3	0	0	4	0	0	0	3	3	5	3	6	0	2	2	0	1	6	3	5	5	2	0	3	0	4	0	1
chr6:119029562-119029667	0	2	5	0	5	5	5	0	1	1	0	8	8	8	1	8	1	0	3	0	2	1	0	0	0	0	5	0	2	0	1	0	0	0	0	0	0	0	0	0	0	0	0	0	2	0	0	0	0	0	0	0	0	0	1	0	0	0	0	0	0	0	0	0	0	0	0	1	0	0	0	0	0	0	0	0	0	1	0	0	0	0	0	0	0	0	0	0	0	1	0	0	0	0	0	0	0	0	0	0	0	0	0	0	0	2	0	6	0	0	0	1	2	0
chr6:119029562-119034476	0	2	5	0	5	5	4	0	1	1	0	8	8	8	1	8	1	0	2	0	2	1	0	0	0	0	5	0	2	0	1	0	0	0	0	0	0	0	0	0	0	0	0	0	2	0	0	0	0	0	0	0	0	0	1	0	0	0	0	0	0	0	0	0	0	0	0	1	0	0	0	0	0	0	0	0	0	1	0	0	0	0	0	0	0	0	0	0	0	1	0	0	0	0	0	0	0	0	0	0	0	0	0	0	0	2	0	6	0	0	0	1	2	0
chr6:119034155-119034476	0	2	5	0	5	5	5	0	1	1	0	8	8	8	1	8	1	0	3	0	2	1	0	0	0	0	5	0	2	0	1	0	0	0	0	0	0	0	0	0	0	0	0	0	2	0	0	0	0	0	0	0	0	0	1	0	0	0	0	0	0	0	0	0	0	0	0	1	0	0	0	0	0	0	0	0	0	1	0	0	0	0	0	0	0	0	0	0	0	1	0	0	0	0	0	0	0	0	0	0	0	0	0	0	0	2	0	6	0	0	0	1	2	0
chr6:119897071-119897151	1	13	6	7	13	13	17	6	10	7	0	5	4	4	8	8	2	4	1	0	4	7	3	1	2	2	0	4	1	4	5	5	5	10	6	4	1	3	1	7	11	3	11	9	3	2	4	1	11	8	7	12	4	8	19	14	7	5	0	11	12	8	12	6	8	9	6	12	18	0	7	2	0	2	0	0	0	1	2	0	2	1	2	5	1	1	0	2	5	0	2	0	0	2	2	1	2	1	0	0	2	1	2	2	3	2	9	4	5	6	0	5	7	0
chr6:119897071-119897989	1	13	6	7	13	13	17	6	10	7	0	5	4	4	8	8	2	4	1	0	4	7	3	1	2	2	0	4	1	4	5	5	5	10	6	4	1	3	1	7	11	3	11	9	3	2	4	1	11	8	7	12	4	8	19	14	7	5	0	11	12	8	12	6	8	9	6	12	18	0	7	2	0	2	0	0	0	1	2	0	2	1	2	5	1	1	0	2	5	0	2	0	0	2	2	1	2	1	0	0	2	1	2	2	3	2	9	4	5	6	0	5	7	0
chr6:119897768-119897989	1	13	6	7	13	13	17	6	10	7	0	5	4	4	8	8	2	4	1	0	4	7	3	1	2	2	0	4	1	4	5	5	5	10	6	4	1	3	1	7	11	3	11	9	3	2	4	1	11	8	7	12	4	8	19	14	7	5	0	11	12	8	12	6	8	9	6	12	18	0	7	2	0	2	0	0	0	1	2	0	2	1	2	5	1	1	0	2	5	0	2	0	0	2	2	1	2	1	0	0	2	1	2	2	3	2	9	4	5	6	0	5	7	0
chr6:23107139-23107250	0	0	0	0	0	0	0	0	0	0	0	0	0	0	0	0	0	0	0	0	0	0	0	0	0	0	0	2	7	6	1	5	8	3	9	3	0	11	4	1	7	1	3	3	3	6	4	0	8	0	0	0	0	0	0	0	0	0	0	0	0	0	0	0	0	0	0	0	0	0	0	4	3	1	1	3	6	0	3	8	0	0	5	5	5	2	1	1	2	3	1	0	2	0	0	0	0	0	0	0	0	0	0	0	0	0	0	0	0	0	0	0	0	0
chr6:23107139-23122736	0	0	0	0	0	0	0	0	0	0	0	0	0	0	0	0	0	0	0	0	0	0	0	0	0	0	0	2	7	6	1	5	8	3	9	3	0	11	4	1	7	1	3	3	3	6	4	0	8	0	0	0	0	0	0	0	0	0	0	0	0	0	0	0	0	0	0	0	0	0	0	4	3	1	1	3	5	0	3	8	0	0	5	5	5	2	1	1	2	3	1	0	2	0	0	0	0	0	0	0	0	0	0	0	0	0	0	0	0	0	0	0	0	0
chr6:23107616-23107738	0	0	0	0	0	0	0	0	0	0	0	0	0	0	0	0	0	0	0	0	0	0	0	0	0	0	0	2	7	6	1	5	8	3	9	3	0	11	4	1	7	1	3	3	3	6	4	0	8	0	0	0	0	0	0	0	0	0	0	0	0	0	0	0	0	0	0	0	0	0	0	4	3	1	1	3	6	0	3	8	0	0	5	5	5	2	1	1	2	3	1	0	2	0	0	0	0	0	0	0	0	0	0	0	0	0	0	0	0	0	0	0	0	0
chr6:23109426-23109574	0	0	0	0	0	0	0	0	0	0	0	0	0	0	0	0	0	0	0	0	0	0	0	0	0	0	0	2	7	6	1	5	8	3	9	3	0	11	4	1	7	1	3	3	3	6	4	0	8	0	0	0	0	0	0	0	0	0	0	0	0	0	0	0	0	0	0	0	0	0	0	4	3	1	1	3	6	0	3	8	0	0	5	5	5	2	1	1	2	3	1	0	2	0	0	0	0	0	0	0	0	0	0	0	0	0	0	0	0	0	0	0	0	0
chr6:23113425-23113552	0	0	0	0	0	0	0	0	0	0	0	0	0	0	0	0	0	0	0	0	0	0	0	0	0	0	0	2	7	6	1	5	8	3	9	3	0	11	4	1	7	1	3	3	3	6	4	0	8	0	0	0	0	0	0	0	0	0	0	0	0	0	0	0	0	0	0	0	0	0	0	4	3	1	1	3	6	0	3	8	0	0	5	5	5	2	1	1	2	3	1	0	2	0	0	0	0	0	0	0	0	0	0	0	0	0	0	0	0	0	0	0	0	0
chr6:23113675-23113753	0	0	0	0	0	0	0	0	0	0	0	0	0	0	0	0	0	0	0	0	0	0	0	0	0	0	0	2	7	6	1	5	8	3	9	3	0	11	4	1	7	1	3	3	3	6	4	0	8	0	0	0	0	0	0	0	0	0	0	0	0	0	0	0	0	0	0	0	0	0	0	4	3	1	1	3	6	0	3	8	0	0	5	5	5	2	1	1	2	3	1	0	2	0	0	0	0	0	0	0	0	0	0	0	0	0	0	0	0	0	0	0	0	0
chr6:23114840-23114986	0	0	0	0	0	0	0	0	0	0	0	0	0	0	0	0	0	0	0	0	0	0	0	0	0	0	0	2	7	6	1	5	8	3	9	3	0	11	4	1	7	1	3	3	3	6	4	0	8	0	0	0	0	0	0	0	0	0	0	0	0	0	0	0	0	0	0	0	0	0	0	4	3	1	1	3	6	0	3	8	0	0	5	5	5	2	1	1	2	3	1	0	2	0	0	0	0	0	0	0	0	0	0	0	0	0	0	0	0	0	0	0	0	0
chr6:23115087-23115154	0	0	0	0	0	0	0	0	0	0	0	0	0	0	0	0	0	0	0	0	0	0	0	0	0	0	0	2	7	6	1	5	8	3	9	3	0	11	4	1	7	1	3	3	3	6	4	0	8	0	0	0	0	0	0	0	0	0	0	0	0	0	0	0	0	0	0	0	0	0	0	4	3	1	1	3	6	0	3	8	0	0	5	5	5	2	1	1	2	3	1	0	2	0	0	0	0	0	0	0	0	0	0	0	0	0	0	0	0	0	0	0	0	0
chr6:23118669-23118753	0	0	0	0	0	0	0	0	0	0	0	0	0	0	0	0	0	0	0	0	0	0	0	0	0	0	0	2	7	6	1	5	8	3	9	3	0	11	4	1	7	1	3	3	3	6	4	0	8	0	0	0	0	0	0	0	0	0	0	0	0	0	0	0	0	0	0	0	0	0	0	4	3	1	1	3	6	0	3	8	0	0	5	5	5	2	1	1	2	3	1	0	2	0	0	0	0	0	0	0	0	0	0	0	0	0	0	0	0	0	0	0	0	0
chr6:23120876-23121052	0	0	0	0	0	0	0	0	0	0	0	0	0	0	0	0	0	0	0	0	0	0	0	0	0	0	0	2	7	6	1	5	8	3	9	3	0	11	4	1	7	1	3	3	3	6	4	0	8	0	0	0	0	0	0	0	0	0	0	0	0	0	0	0	0	0	0	0	0	0	0	4	3	1	1	3	6	0	3	8	0	0	5	5	5	2	1	1	2	3	1	0	2	0	0	0	0	0	0	0	0	0	0	0	0	0	0	0	0	0	0	0	0	0
chr6:23122512-23122736	0	0	0	0	0	0	0	0	0	0	0	0	0	0	0	0	0	0	0	0	0	0	0	0	0	0	0	2	7	6	1	5	8	3	9	3	0	11	4	1	7	1	3	3	3	6	4	0	8	0	0	0	0	0	0	0	0	0	0	0	0	0	0	0	0	0	0	0	0	0	0	4	3	1	1	3	5	0	3	8	0	0	5	5	5	2	1	1	2	3	1	0	2	0	0	0	0	0	0	0	0	0	0	0	0	0	0	0	0	0	0	0	0	0
chr6:8537817-8537968	3	8	0	0	0	0	0	0	1	0	0	0	0	0	0	2	3	8	4	0	5	4	3	0	3	0	1	3	3	1	2	4	1	3	0	6	0	3	0	2	7	1	3	3	1	5	1	3	0	9	0	0	0	3	1	0	2	0	3	5	3	1	0	1	0	0	0	1	0	5	1	3	0	0	1	0	1	3	0	0	1	1	1	2	0	2	1	0	3	1	0	1	1	3	4	2	0	5	0	6	3	1	2	0	1	3	3	0	4	0	2	3	1	1
chr6:8558500-8558586	3	8	0	0	2	0	0	0	1	0	0	0	0	0	0	2	3	8	4	0	5	4	3	0	3	0	1	3	3	1	2	4	1	3	0	6	0	3	0	2	7	1	3	3	1	5	1	3	0	9	0	0	0	3	1	0	2	0	3	5	3	1	0	1	0	0	0	1	0	5	1	3	0	0	1	0	1	3	0	0	1	1	1	2	0	2	1	0	3	1	0	1	1	3	4	2	0	5	0	6	3	1	2	0	1	3	3	0	4	0	2	3	1	1
chr6:8573185-8573298	3	8	0	0	2	0	0	0	1	0	0	0	0	0	0	2	3	8	4	0	5	4	3	0	3	0	1	3	3	1	2	4	1	3	0	5	0	3	0	2	4	0	3	3	1	5	1	3	0	9	0	0	0	3	1	0	2	0	3	5	3	1	0	1	0	0	0	1	0	5	1	3	0	0	1	0	1	3	0	0	1	1	1	2	0	2	1	0	3	1	0	1	1	3	4	2	0	5	0	6	3	1	2	0	1	3	3	0	4	0	2	3	1	1
chr6:8579587-8579739	3	2	0	0	4	0	0	0	1	0	0	0	0	0	0	0	2	6	1	0	3	3	3	0	3	0	1	3	2	1	0	1	1	3	0	4	0	1	0	2	4	0	1	3	0	0	0	1	0	9	0	0	0	3	1	0	0	0	3	5	2	0	0	0	0	0	0	0	0	5	1	3	0	0	1	0	0	0	0	0	0	1	1	0	0	2	0	0	3	1	0	1	1	3	4	2	0	5	0	6	3	1	2	0	1	3	2	0	3	0	0	1	0	1
chr7:120651310-120651519	0	2	0	0	5	1	2	1	0	1	0	0	0	8	1	1	1	1	0	2	4	0	0	0	1	0	1	9	1	2	4	2	7	4	2	5	2	6	0	1	1	1	4	1	0	1	0	1	0	0	0	0	0	0	0	0	0	0	0	1	0	0	1	0	0	4	0	0	0	3	0	0	0	0	2	0	0	0	0	0	0	0	1	0	0	0	0	0	0	0	0	0	0	0	0	0	1	2	0	0	4	2	0	0	3	1	0	0	1	0	0	2	0	2
chr7:120656438-120656622	0	2	0	0	5	1	2	1	0	1	0	0	0	8	1	1	1	1	0	2	4	0	0	0	1	0	1	9	1	2	4	2	7	4	2	5	2	6	0	1	1	1	4	1	0	1	0	1	0	0	0	0	0	0	0	0	0	0	0	1	0	0	1	0	0	4	0	0	0	3	0	0	0	0	2	0	0	0	0	0	0	0	1	0	0	0	0	0	0	0	0	0	0	0	0	0	1	3	0	0	4	2	0	0	3	1	0	0	1	0	0	2	0	2
chr7:122761717-122762100	0	5	1	5	10	3	2	0	2	2	0	0	1	3	1	2	0	0	0	2	0	0	1	0	0	0	0	3	0	1	2	3	0	0	0	3	0	1	0	1	0	2	0	0	0	0	0	2	0	6	0	0	0	0	0	3	0	0	1	1	1	5	0	0	0	4	0	0	2	1	0	0	0	3	0	3	0	2	0	0	5	2	0	0	0	0	0	0	0	0	0	0	0	0	1	2	1	1	0	0	0	0	2	0	2	1	0	0	0	0	0	0	0	0
chr7:28735405-28735592	0	0	0	0	0	0	0	0	0	0	0	0	0	0	0	0	0	0	0	0	0	0	0	0	0	0	0	0	0	0	0	0	0	0	0	0	0	0	0	0	0	0	0	0	0	0	0	0	0	13	33	42	24	24	15	29	13	15	0	11	24	46	44	30	51	19	14	18	19	0	18	0	0	0	0	0	0	0	0	0	0	0	0	0	0	0	0	0	0	0	0	0	0	0	0	0	0	0	0	0	0	0	0	0	0	0	0	0	0	0	0	0	0	0
chr7:28735405-28740318	0	0	0	0	0	0	0	0	0	0	0	0	0	0	0	0	0	0	0	0	0	0	0	0	0	0	0	0	0	0	0	0	0	0	0	0	0	0	0	0	0	0	0	0	0	0	0	0	0	13	33	41	24	23	15	29	13	15	0	11	24	46	44	30	50	19	14	18	19	0	18	0	0	0	0	0	0	0	0	0	0	0	0	0	0	0	0	0	0	0	0	0	0	0	0	0	0	0	0	0	0	0	0	0	0	0	0	0	0	0	0	0	0	0
chr7:28737772-28737853	0	0	0	0	0	0	0	0	0	0	0	0	0	0	0	0	0	0	0	0	0	0	0	0	0	0	0	0	0	0	0	0	0	0	0	0	0	0	0	0	0	0	0	0	0	0	0	0	0	13	33	42	24	24	15	30	13	15	0	11	24	46	44	30	51	19	14	18	19	0	18	0	0	0	0	0	0	0	0	0	0	0	0	0	0	0	0	0	0	0	0	0	0	0	0	0	0	0	0	0	0	0	0	0	0	0	0	0	0	0	0	0	0	0
chr7:28739813-28739917	0	0	0	0	0	0	0	0	0	0	0	0	0	0	0	0	0	0	0	0	0	0	0	0	0	0	0	0	0	0	0	0	0	0	0	0	0	0	0	0	0	0	0	0	0	0	0	0	0	13	33	42	24	24	15	30	13	15	0	12	24	46	44	30	55	19	14	18	19	0	18	0	0	0	0	0	0	0	0	0	0	0	0	0	0	0	0	0	0	0	0	0	0	0	0	0	0	0	0	0	0	0	0	0	0	0	0	0	0	0	0	0	0	0
chr7:28740006-28740134	0	0	0	0	0	0	0	0	0	0	0	0	0	0	0	0	0	0	0	0	0	0	0	0	0	0	0	0	0	0	0	0	0	0	0	0	0	0	0	0	0	0	0	0	0	0	0	0	0	13	33	42	24	24	15	30	13	15	0	12	24	46	44	30	55	19	14	18	19	0	18	0	0	0	0	0	0	0	0	0	0	0	0	0	0	0	0	0	0	0	0	0	0	0	0	0	0	0	0	0	0	0	0	0	0	0	0	0	0	0	0	0	0	0
chr7:28740230-28740318	0	0	0	0	0	0	0	0	0	0	0	0	0	0	0	0	0	0	0	0	0	0	0	0	0	0	0	0	0	0	0	0	0	0	0	0	0	0	0	0	0	0	0	0	0	0	0	0	0	13	33	42	24	24	15	30	13	15	0	12	24	46	44	30	55	19	14	18	19	0	18	0	0	0	0	0	0	0	0	0	0	0	0	0	0	0	0	0	0	0	0	0	0	0	0	0	0	0	0	0	0	0	0	0	0	0	0	0	0	0	0	0	0	0
chr7:99584369-99584487	1	15	8	3	6	6	17	1	12	3	2	4	6	3	8	5	8	4	5	2	4	5	1	2	1	5	1	10	7	6	7	13	19	17	10	14	3	11	1	4	8	5	10	1	3	4	2	4	5	0	1	3	0	1	1	4	1	0	3	5	1	3	5	6	0	3	4	1	3	2	3	5	1	4	2	7	3	3	3	2	3	7	3	2	4	1	0	3	3	4	2	2	2	0	0	2	7	5	0	7	4	1	8	4	6	5	1	1	4	1	0	2	3	2
chr7:99584369-99604747	1	15	8	3	6	6	17	1	12	3	2	4	6	3	8	5	8	4	5	2	4	5	1	2	1	5	1	10	7	6	7	13	14	17	10	14	3	9	1	4	8	5	10	1	3	4	2	4	5	0	1	3	0	1	1	4	2	0	3	5	1	3	5	6	0	3	4	1	3	2	3	5	1	4	2	7	3	3	3	2	3	7	3	2	4	1	0	3	3	4	2	2	2	0	0	2	7	5	0	5	4	1	8	4	6	5	1	1	4	1	0	2	3	2
chr7:99592166-99592312	1	15	8	3	6	6	17	4	12	3	2	4	6	3	8	5	8	4	5	2	4	5	1	2	1	5	1	10	7	6	7	13	19	17	10	14	3	11	1	4	8	5	10	1	3	4	2	4	5	0	1	3	0	1	1	4	2	0	3	5	1	3	5	6	0	3	4	1	3	2	3	5	1	4	2	7	3	3	3	2	3	7	3	3	4	1	0	3	3	4	2	2	2	0	0	2	7	5	0	7	4	1	8	4	6	5	1	1	4	1	0	2	3	2
chr7:99604674-99604747	1	15	8	3	6	6	17	4	12	3	2	4	6	3	8	5	8	4	5	2	4	5	1	2	1	5	1	10	7	6	7	13	14	17	10	14	3	9	1	4	8	5	10	1	3	4	2	4	5	0	1	3	0	1	1	4	2	0	3	5	1	3	5	6	0	3	4	1	3	2	3	5	1	4	2	7	3	3	3	2	3	7	3	2	4	1	0	3	3	4	2	2	2	0	0	2	7	5	0	5	4	1	8	4	6	5	1	1	4	1	0	2	3	2
chr8:121280323-121280541	0	0	0	0	0	0	0	0	2	0	0	0	0	4	0	0	0	0	0	0	0	0	0	0	0	0	0	0	0	0	0	0	0	0	0	0	0	0	0	0	0	0	0	4	0	0	0	0	0	0	14	18	12	8	8	26	2	14	0	8	4	0	12	22	2	22	6	14	28	0	14	0	0	0	0	0	0	0	0	0	0	0	0	0	0	0	0	0	0	0	0	0	0	0	0	0	0	0	0	0	0	0	0	0	2	0	0	0	0	0	0	0	0	0
chr8:3308383-3308934	0	0	0	0	2	6	0	0	2	0	2	0	0	0	0	6	8	2	0	0	0	0	0	0	0	2	0	10	0	0	0	0	2	0	2	2	0	8	0	2	0	0	0	0	0	0	0	0	0	0	2	2	2	0	0	6	0	8	0	4	0	0	0	0	0	0	0	0	0	0	0	10	0	0	2	0	4	0	0	0	2	0	0	0	0	0	0	2	0	0	0	4	0	0	4	0	0	0	0	0	0	0	0	0	0	2	0	0	0	0	0	0	0	0
chr8:37404714-37405912	0	8	4	12	4	6	28	8	12	0	0	6	8	4	4	10	0	0	0	0	0	0	0	0	0	0	0	0	0	0	0	0	0	10	0	0	0	0	0	0	0	0	0	4	0	0	0	0	0	0	0	0	4	0	0	0	0	4	0	0	2	0	2	2	0	0	0	0	0	0	0	2	0	0	0	0	2	0	0	0	0	0	0	0	0	0	0	0	0	0	0	0	0	0	0	0	0	2	0	0	0	4	0	0	0	0	0	0	0	0	0	0	0	0
chr8:78071269-78071428	0	9	7	1	12	6	1	1	8	0	0	1	0	2	0	3	0	2	0	0	0	1	0	1	0	0	0	0	6	2	7	1	2	5	5	0	0	6	4	3	2	0	0	4	0	4	0	0	3	0	1	3	0	2	2	2	0	6	0	0	0	0	0	3	1	1	0	1	0	2	0	0	0	0	0	2	0	0	0	0	0	1	0	0	0	0	0	0	0	0	0	0	2	0	0	0	1	1	0	0	0	0	4	1	1	0	0	2	0	0	0	0	2	0
chr8:78072901-78073006	0	9	7	1	12	6	1	1	8	0	0	1	0	2	0	3	0	2	0	0	0	1	0	1	0	0	0	0	6	2	7	1	2	5	5	0	0	6	4	3	2	0	0	4	0	4	0	0	3	0	1	3	0	2	2	2	0	6	0	0	0	0	0	3	1	1	0	1	0	2	0	0	0	0	0	2	0	0	0	0	0	1	0	0	0	0	0	0	0	0	0	0	2	0	0	0	1	1	0	0	0	0	4	1	1	0	0	2	0	0	0	0	2	0
chr8:78078243-78078301	0	9	7	1	12	7	1	1	8	0	0	2	0	2	0	3	0	2	0	0	0	1	0	1	0	0	0	1	6	2	7	1	2	5	5	0	0	6	4	3	2	0	0	4	0	4	0	0	3	0	1	3	0	3	2	2	0	6	0	0	0	0	0	3	2	1	0	1	0	2	0	0	0	0	0	2	0	0	0	0	0	1	0	0	0	0	0	0	0	0	0	0	2	0	0	0	1	1	0	0	0	0	4	1	1	0	0	2	0	0	0	0	2	0
chr8:78085176-78085263	0	9	6	1	12	10	3	1	8	0	0	2	2	3	0	3	0	0	0	0	0	3	0	1	0	0	0	1	6	1	7	2	2	7	5	0	0	6	3	3	2	3	0	4	0	4	0	0	3	0	1	3	0	3	2	3	0	7	0	0	1	0	0	2	2	1	0	1	0	2	0	0	0	0	0	0	0	0	0	0	1	1	0	0	0	0	0	0	0	0	0	0	2	0	0	0	1	2	0	0	0	0	2	1	1	0	0	2	0	0	0	0	2	0
chr8:78091715-78091789	0	7	3	1	7	6	2	1	5	0	0	2	2	3	0	1	0	0	0	0	0	3	0	0	0	0	0	1	5	1	5	2	2	7	5	0	0	6	3	3	1	3	0	4	0	4	0	0	3	0	1	3	0	1	2	3	0	7	0	0	1	0	0	2	1	1	0	1	0	2	0	0	0	0	0	0	0	0	0	0	1	1	0	0	0	0	0	0	0	0	0	0	2	0	0	0	0	1	0	0	0	0	2	0	1	0	0	2	0	0	0	0	2	0
chr8:78111380-78111425	1	3	0	1	7	8	7	4	6	1	0	3	2	3	0	7	0	0	1	1	0	2	0	0	0	0	0	2	1	0	0	0	3	3	4	2	0	0	0	0	0	3	0	3	1	0	1	0	0	0	4	3	4	1	2	2	5	6	0	4	2	5	5	0	1	0	4	0	0	1	0	0	0	0	0	0	0	0	0	0	1	1	0	0	0	0	0	0	0	0	0	0	0	0	0	0	0	2	0	0	0	0	0	0	0	1	0	0	0	0	0	2	0	0
chr8:78115283-78115364	1	3	0	0	7	7	5	4	4	1	0	3	2	2	0	7	0	0	1	1	0	2	0	0	0	0	0	2	1	0	0	0	3	3	3	2	0	0	0	0	0	3	0	3	1	0	1	0	0	0	4	3	4	1	2	1	5	6	0	4	1	5	5	0	1	0	4	0	0	0	0	0	0	0	0	0	0	0	0	0	1	0	0	0	0	0	0	0	0	0	0	0	0	0	0	0	0	2	0	0	0	0	0	0	0	1	0	0	0	0	0	2	0	0
chr8:78136177-78136271	1	3	4	0	6	5	7	4	4	2	0	2	0	2	0	7	0	0	1	1	0	0	0	0	0	0	0	3	1	1	0	0	5	1	5	2	0	0	1	2	0	1	0	3	3	0	2	0	0	0	5	6	4	0	2	0	5	5	0	4	1	5	5	0	1	0	4	0	0	0	0	0	0	0	0	0	0	0	0	0	0	0	0	0	0	0	0	0	0	0	0	2	0	0	0	0	0	1	0	0	0	0	0	0	0	1	0	0	0	0	0	2	0	0
chr8:78137651-78137757	1	3	4	0	6	5	7	4	4	2	0	2	0	2	0	7	0	0	1	1	0	0	0	0	0	0	0	3	1	1	0	0	5	1	5	2	0	0	1	2	0	1	0	3	3	0	2	0	0	0	5	6	4	0	2	0	5	5	0	4	1	5	5	0	1	0	4	0	0	0	0	0	0	0	0	0	0	0	0	0	0	0	0	0	0	0	0	0	0	0	0	2	0	0	0	0	0	1	0	0	0	0	0	0	0	1	0	0	0	0	0	2	0	0
chr8:79844804-79845043	1	2	1	1	16	0	4	0	10	2	2	0	6	0	6	6	4	5	0	2	5	6	8	6	7	5	0	6	6	9	5	2	10	12	15	8	6	3	2	4	11	5	4	3	1	1	4	5	0	1	0	0	4	0	0	0	1	0	8	0	1	0	4	1	3	1	3	2	1	4	3	0	0	0	1	0	0	0	0	0	3	0	0	0	0	1	0	0	0	0	0	1	0	1	7	5	3	3	0	4	4	0	5	12	7	6	0	3	0	7	0	3	3	4
chr8:79844804-79863292	1	2	1	1	13	0	2	0	10	2	2	0	6	0	6	5	4	5	0	2	5	6	8	6	7	5	0	6	2	9	5	2	10	12	15	5	6	2	2	3	11	3	4	3	1	1	4	5	0	1	0	0	4	0	0	0	1	0	7	0	1	0	4	1	3	1	3	2	1	4	3	0	0	0	1	0	0	0	0	0	3	0	0	0	0	1	0	0	0	0	0	1	0	1	7	4	3	3	0	4	5	0	4	12	7	3	0	3	0	7	0	2	3	4
chr8:79847112-79847169	1	2	1	1	16	0	4	0	10	2	2	2	6	0	6	6	4	5	0	2	5	6	8	6	7	5	0	6	6	9	5	2	10	12	15	8	6	3	2	4	11	5	4	3	1	1	4	5	0	1	0	0	4	0	0	0	1	0	8	0	1	0	4	1	3	1	3	2	1	4	3	0	0	0	1	0	0	0	0	0	3	0	0	0	0	1	0	0	0	0	0	1	0	1	7	5	3	3	0	4	5	0	5	12	7	6	0	3	0	7	0	3	3	4
chr8:79863189-79863292	1	2	1	1	13	0	3	0	10	2	2	2	6	0	6	6	4	5	0	2	5	6	8	6	7	5	0	6	4	9	5	2	10	12	15	5	6	3	2	3	11	3	4	3	1	1	4	5	0	1	0	0	4	0	0	0	1	0	8	0	1	0	4	1	3	1	3	2	1	4	3	0	0	0	1	0	0	0	0	0	3	0	0	0	0	1	0	0	0	0	0	1	0	1	7	5	3	3	0	4	5	0	4	12	7	5	0	3	0	7	0	2	3	4
chr8:80098413-80098993	2	0	0	2	2	0	2	2	2	0	0	0	0	2	0	6	4	0	0	0	2	6	2	0	0	0	0	0	0	0	0	0	0	2	0	2	0	2	0	0	0	2	0	0	0	0	0	0	0	0	8	2	0	0	0	0	0	2	0	2	0	2	6	0	8	0	2	0	0	0	2	0	0	0	0	0	0	0	2	0	0	0	2	0	0	0	0	0	2	0	0	0	0	0	2	3	0	4	0	0	0	0	2	2	6	2	4	4	0	0	1	0	0	0
chr8:85498413-85498944	0	18	36	6	36	16	18	21	16	18	2	4	24	32	20	40	8	10	0	2	0	6	2	8	4	0	0	2	0	4	4	10	12	4	4	16	0	6	18	10	14	0	14	10	4	0	6	0	0	8	24	14	5	21	18	6	10	16	2	16	18	54	36	30	14	14	10	6	0	0	22	2	4	0	0	6	0	0	0	0	6	0	4	6	4	8	4	2	10	4	8	8	0	6	10	2	0	10	0	2	4	2	4	4	14	10	6	4	4	6	2	2	2	0
chr9:108410786-108411817	0	0	0	4	0	0	0	0	0	0	6	0	4	0	0	4	0	0	0	0	0	10	0	0	8	0	0	0	0	0	2	4	0	4	4	0	0	0	6	0	2	0	4	0	0	0	0	4	2	0	0	0	0	0	0	0	0	0	10	0	0	0	0	0	4	0	0	0	4	0	0	0	2	0	0	0	0	0	0	0	6	0	0	4	4	0	0	0	2	2	0	0	0	0	0	4	4	0	0	2	0	8	2	0	8	0	0	0	0	0	0	0	0	0
chr9:121960959-121961008	0	2	6	5	17	7	10	0	0	5	2	4	6	6	4	5	1	5	0	0	5	1	2	0	1	0	6	0	1	0	0	3	0	4	0	2	1	3	0	2	1	0	3	2	0	1	0	0	3	0	1	0	5	4	4	3	3	0	2	2	1	2	2	2	2	3	1	0	3	1	0	0	0	0	0	0	3	2	0	0	1	0	1	0	0	3	0	1	0	2	2	2	0	1	0	6	2	0	0	0	1	5	1	4	7	5	5	0	1	0	1	1	0	0
chr9:121960959-121966667	0	2	6	5	15	6	10	0	0	4	2	4	6	4	4	5	1	5	0	0	5	1	2	0	1	0	6	0	1	0	0	2	0	4	0	2	1	3	0	2	1	0	3	2	0	1	0	0	3	0	1	0	5	4	3	2	3	0	2	1	1	2	2	2	2	2	1	0	2	1	0	0	0	0	0	0	3	2	0	0	1	0	1	0	0	3	0	1	0	2	2	1	0	1	0	4	2	0	0	0	1	5	1	4	7	5	5	0	1	0	1	1	0	0
chr9:121961694-121961816	0	2	6	5	15	6	5	0	0	5	2	4	6	6	4	3	1	5	0	0	5	1	2	0	1	0	6	0	1	0	0	3	0	3	0	2	1	3	0	2	1	0	3	2	0	1	0	0	3	0	0	0	1	2	3	3	3	0	2	2	1	2	2	2	2	3	1	0	3	1	0	0	0	0	0	0	0	0	0	0	0	0	0	0	0	3	0	1	0	2	2	2	0	1	0	2	2	0	0	0	1	3	1	2	7	5	4	0	1	0	1	1	0	0
chr9:121965972-121966667	0	3	6	5	17	7	10	0	2	5	2	4	6	8	4	5	1	5	0	0	5	1	2	0	1	0	6	0	1	0	0	3	0	4	0	2	1	3	2	2	1	0	3	2	0	1	0	0	3	0	1	0	7	4	4	3	3	0	2	2	1	3	2	2	2	3	1	0	3	1	0	0	0	0	0	0	3	2	0	0	1	0	1	0	0	3	0	1	0	2	2	2	0	1	0	6	2	0	0	0	7	5	1	4	7	5	5	0	1	0	1	1	0	0
chr9:3024412-3025579	0	0	0	0	0	0	0	0	0	0	6	0	0	0	0	0	0	0	0	0	0	0	14	0	0	0	0	0	0	0	0	0	0	0	0	0	0	0	0	0	0	0	0	2	0	0	0	0	0	0	0	12	12	0	0	0	0	0	0	0	0	0	0	0	0	0	6	0	0	0	0	0	0	0	0	0	0	0	0	0	0	0	0	0	0	0	0	0	0	0	0	0	0	0	0	0	6	0	0	0	0	0	0	0	0	0	0	0	0	0	0	0	0	0
chr9:32157743-32157825	2	6	8	0	7	7	5	1	2	2	2	2	0	5	1	5	1	1	0	0	0	0	1	4	0	0	0	0	0	0	0	0	0	0	1	0	0	0	0	0	3	0	0	0	1	0	0	0	0	0	0	0	0	0	0	1	0	0	0	0	0	0	0	0	0	0	0	0	0	0	0	0	0	0	0	0	0	0	0	0	1	0	0	0	0	0	0	0	0	0	0	0	0	0	0	1	0	1	0	0	0	0	2	0	2	4	0	1	0	0	1	0	1	0
chr9:32157743-32162083	2	6	8	0	7	7	5	1	2	2	2	2	0	5	1	5	1	1	0	0	0	0	1	4	0	0	0	0	0	0	0	0	0	0	1	0	0	0	0	0	3	0	0	0	1	0	0	0	0	0	0	0	0	0	0	1	0	0	0	0	0	0	0	0	0	0	0	0	0	0	0	0	0	0	0	0	0	0	0	0	1	0	0	0	0	0	0	0	0	0	0	0	0	0	0	1	0	1	0	0	0	0	2	0	2	4	0	1	0	0	1	0	1	0
chr9:32158404-32158511	2	6	8	0	7	7	5	1	2	2	2	2	0	5	1	5	1	1	0	0	0	0	1	4	0	0	0	0	0	0	0	0	0	0	1	0	0	0	0	0	3	0	0	0	1	0	0	0	0	0	0	0	0	0	0	1	0	0	0	0	0	0	0	0	0	0	0	0	0	0	0	0	0	0	0	0	0	0	0	0	1	0	0	0	0	0	0	0	0	0	0	0	0	0	0	1	0	1	0	0	0	0	2	0	2	4	0	1	0	0	1	0	1	0
chr9:32158782-32158927	2	6	8	0	7	7	5	1	2	2	2	2	0	5	1	5	1	1	0	0	0	0	1	4	0	0	0	0	0	0	0	0	0	0	1	0	0	0	0	0	3	0	0	0	1	0	0	0	0	0	0	0	0	0	0	1	0	0	0	0	0	0	0	0	0	0	0	0	0	0	0	0	0	0	0	0	0	0	0	0	1	0	0	0	0	0	0	0	0	0	0	0	0	0	0	1	0	1	0	0	0	0	2	0	2	4	0	1	0	0	1	0	1	0
chr9:32159676-32159871	2	6	8	0	7	7	5	1	2	2	2	2	0	5	1	5	1	1	0	0	0	0	1	4	0	0	0	0	0	0	0	0	0	0	1	0	0	0	0	0	3	0	0	0	1	0	0	0	0	0	0	0	0	0	0	1	0	0	0	0	0	0	0	0	0	0	0	0	0	0	0	0	0	0	0	0	0	0	0	0	1	0	0	0	0	0	0	0	0	0	0	0	0	0	0	1	0	1	0	0	0	0	2	0	2	4	0	1	0	0	1	0	1	0
chr9:32161938-32162083	2	6	8	0	7	7	5	1	2	2	2	2	0	5	1	5	1	1	0	0	0	0	1	4	0	0	0	0	0	0	0	0	0	0	1	0	0	0	0	0	3	0	0	0	1	0	0	0	0	0	0	0	0	0	0	1	0	0	0	0	0	0	0	0	0	0	0	0	0	0	0	0	0	0	0	0	0	0	0	0	1	0	0	0	0	0	0	0	0	0	0	0	0	0	0	1	0	1	0	0	0	0	2	0	2	4	0	1	0	0	1	0	1	0
chr9:65701904-65702777	4	4	2	0	8	2	2	0	2	0	2	0	0	0	6	2	2	0	0	2	0	0	0	0	6	0	0	4	2	6	0	2	2	0	2	0	0	2	0	0	4	2	4	0	0	0	0	2	0	0	0	0	4	0	2	4	0	0	0	2	0	4	2	0	8	2	0	0	0	0	0	0	0	2	0	0	0	4	0	0	2	0	0	0	0	0	0	0	0	0	0	0	0	0	1	4	6	8	0	0	0	0	1	0	0	0	0	0	0	0	0	0	0	0
chr9:77081241-77081285	0	5	8	4	9	15	9	2	6	1	0	0	2	2	4	3	0	0	0	0	0	0	0	0	0	0	0	0	0	0	0	0	0	0	0	0	0	0	0	0	0	0	0	0	0	0	0	0	0	0	0	1	0	0	0	1	2	3	0	0	2	0	0	1	0	0	0	0	0	0	0	0	0	0	0	0	0	0	0	0	0	0	0	0	0	0	0	0	0	0	0	0	0	0	0	0	0	0	0	0	0	0	0	0	0	0	0	0	0	0	0	0	0	0
chr9:77088634-77088678	0	5	8	4	11	16	8	3	6	1	0	0	2	2	4	3	0	0	0	0	0	0	0	0	0	0	0	0	0	0	0	0	0	0	0	0	0	0	0	0	0	0	0	0	0	0	0	0	0	0	0	1	0	0	0	1	2	3	0	0	2	0	0	1	0	0	0	0	0	0	0	0	0	0	0	0	0	0	0	0	0	0	0	0	0	0	0	0	0	0	0	0	0	0	0	0	0	0	0	0	0	0	0	0	0	0	0	0	0	0	0	0	0	0
chr9:77097606-77097665	0	5	7	4	11	16	8	3	6	1	0	0	2	2	4	3	0	0	0	0	0	0	0	0	0	0	0	0	0	0	0	0	0	0	0	0	0	0	0	0	0	0	0	0	0	0	0	0	0	0	0	1	0	0	0	1	2	3	0	0	2	0	0	1	0	0	0	0	0	0	0	0	0	0	0	0	0	0	0	0	0	0	0	0	0	0	0	0	0	0	0	0	0	0	0	0	0	0	0	0	0	0	0	0	0	0	0	0	0	0	0	0	0	0
chr9:77097954-77098019	0	5	7	4	11	16	8	3	6	1	0	0	2	2	4	3	0	0	0	0	0	0	0	0	0	0	0	0	0	0	0	0	0	0	0	0	0	0	0	0	0	0	0	0	0	0	0	0	0	0	0	1	0	0	0	1	2	3	0	0	2	0	0	1	0	0	0	0	0	0	0	0	0	0	0	0	0	0	0	0	0	0	0	0	0	0	0	0	0	0	0	0	0	0	0	0	0	0	0	0	0	0	0	0	0	0	0	0	0	0	0	0	0	0
chr9:96474003-96474079	4	9	1	0	6	9	2	0	3	6	0	2	1	0	2	1	3	12	6	4	7	6	5	1	4	0	5	8	8	5	16	7	1	11	3	5	0	8	5	3	5	1	1	6	5	0	1	9	4	0	0	1	0	0	2	2	1	0	2	3	0	0	0	1	3	1	1	0	2	3	0	0	0	1	0	0	0	0	2	0	1	0	0	0	0	0	0	0	0	0	0	1	0	0	0	2	1	11	0	8	5	4	1	0	6	9	0	5	4	0	1	4	0	2
chr9:96474003-96493552	4	9	1	0	6	9	2	0	3	5	0	2	1	0	2	1	3	12	6	4	7	6	5	1	4	0	5	8	8	5	16	7	1	11	3	5	0	8	5	3	5	1	1	6	5	0	1	5	4	0	0	1	0	0	2	2	1	0	2	3	0	0	0	1	3	1	1	0	2	3	0	0	0	1	0	0	0	0	2	0	1	0	0	0	0	0	0	0	0	0	0	1	0	0	0	2	1	11	0	8	5	4	1	0	6	9	0	5	4	0	1	2	0	2
chr9:96484766-96484860	4	9	1	0	6	9	3	0	3	6	1	2	1	0	2	1	5	12	7	6	8	9	9	1	4	0	6	9	8	7	17	7	3	11	7	8	0	8	5	3	6	1	2	6	5	1	1	9	4	0	0	1	0	0	3	2	1	0	4	3	1	0	0	1	3	1	3	0	2	3	0	0	0	1	0	0	0	0	2	0	3	0	0	0	0	0	0	0	0	0	0	2	0	0	5	3	1	16	0	9	5	4	3	1	8	15	0	5	4	0	1	5	0	2
chr9:96488146-96488249	4	9	1	0	6	9	3	0	3	6	1	2	1	0	2	1	5	12	7	6	8	9	9	1	4	0	6	9	8	7	17	7	3	11	7	8	0	8	5	3	6	1	2	6	5	1	1	9	4	0	0	1	0	0	3	2	1	0	4	3	1	0	0	1	3	1	3	0	2	3	0	0	0	1	0	0	0	0	2	0	3	0	0	0	0	0	0	0	0	0	0	2	0	0	5	3	1	16	0	9	5	4	3	1	8	15	0	5	4	0	1	5	0	2
chr9:96493435-96493552	4	9	1	0	6	9	3	0	3	6	1	2	1	0	2	1	5	12	7	6	8	9	9	1	4	0	6	9	8	7	17	7	3	11	7	8	0	8	5	3	6	1	2	6	5	1	1	9	4	0	0	1	0	0	3	2	1	0	4	3	1	0	0	1	3	1	3	0	2	3	0	0	0	1	0	0	0	0	2	0	3	0	0	0	0	0	0	0	0	0	0	2	0	0	5	3	1	16	0	9	5	4	3	1	8	15	0	5	4	0	1	5	0	2
