Tissue	circID	Cons_coords	type	gene_id	gene_type	gene_name	Change	circAtlas	circBase	circPedia	NtoolsDE	medianLFC	medianPadj	medianStat	LFC_lineal	padj_lineal	changeLineal	NtissuesDE	Tissues
Colon	cRNA_0029	chr13:41492053-41492496	FULLEX	ENSMUSG00000021365.16	protein_coding	Nedd9	UP	mmu-Nedd9_0001	NA	MMU_CIRCpedia_19616	4	1.5568919920631914	0.0119532600713964	3.907589394079917	-0.06658945576115129	0.8945521037204512	NS	4	Colon, Heart, Kidney, Muscle
Colon	cRNA_0078	chr12:82387436-82389273	FULLEX	ENSMUSG00000042700.17	protein_coding	Sipa1l1	UP	mmu-Sipa1l1_0031	mm9_circ_007155	MMU_CIRCpedia_31036	3	1.1770209467625192	4.1665058653521e-7	6.247032560206851	-0.17505228413465088	0.2713954563240973	NS	4	Colon, Ileon, Kidney, Liver
Colon	cRNA_0155	chr10:12312025-12331308	JNC-JNC	ENSMUSG00000019820.12	protein_coding	Utrn	DOWN	mmu-Utrn_0025	mm9_circ_009056	MMU_CIRCpedia_6294	4	-1.5408878794692011	4.323194719103141e-4	-4.625180417130914	-0.03551670013976857	0.8994317800666511	NS	2	Colon, Ileon
Colon	cRNA_0234	chr16:13515197-13516939	JNC-JNC	ENSMUSG00000022684.16	protein_coding	Bfar	UP	mmu-Bfar_0002	mm9_circ_009604	MMU_CIRCpedia_8487	4	2.4506671573049443	9.410835159179563e-6	5.5136443837135065	-0.1551448051693402	0.37843553388848944	NS	5	Colon, Ileon, Kidney, Liver, Muscle
Colon	cRNA_0271	chr15:57915620-57918478	FULLEX	ENSMUSG00000022361.15	protein_coding	Zhx1	UP	mmu-Zhx1_0001	NA	MMU_CIRCpedia_24066	4	1.3187793479977226	0.03447863578301593	3.1658276783464316	0.19919483943514799	0.15445933434589273	NS	2	Colon, Kidney
Colon	cRNA_0284	chr15:99717375-99717839	FULLEX	ENSMUSG00000023022.15	protein_coding	Lima1	UP	mmu-Lima1_0005	NA	MMU_CIRCpedia_36195	3	1.244787134134467	0.02800346987129214	3.276575806704307	0.007547469626175388	0.9837690763220174	NS	1	Colon
Colon	cRNA_0285	chr15:99717375-99724718	JNC-JNC	ENSMUSG00000023022.15	protein_coding	Lima1	UP	mmu-Lima1_0003	NA	MMU_CIRCpedia_36196	3	1.0951122730931429	2.516143064238583e-4	4.755860534114692	0.007547469626175388	0.9837690763220174	NS	2	Colon, Ileon
Colon	cRNA_0299	chr14:34398911-34417062	JNC-JNC	ENSMUSG00000041408.19	protein_coding	Wapl	UP	mmu-Wapal_0026	NA	MMU_CIRCpedia_17425	4	1.6886793095591146	0.0238835977188311	3.381163058283365	0.2941419399045408	0.18475124718903296	NS	2	Colon, Liver
Colon	cRNA_0300	chr14:34413639-34417062	JNC-JNC	ENSMUSG00000041408.19	protein_coding	Wapl	UP	mmu-Wapal_0027	mm9_circ_002816	MMU_CIRCpedia_17430	4	0.7907740235297032	0.00729071392288455	3.728530371368907	0.2941419399045408	0.18475124718903296	NS	3	Colon, Kidney, Liver
Colon	cRNA_0314	chr14:75013021-75023830	JNC-JNC	ENSMUSG00000068015.9	protein_coding	Lrch1	DOWN	mmu-Lrch1_0015	mm9_circ_013364	MMU_CIRCpedia_28856	3	-1.0579902919614068	0.00491942493513365	-3.892167308678027	-0.33431643343637313	0.1813246497668084	NS	1	Colon
Colon	cRNA_0320	chr14:120562206-120562824	FULLEX	ENSMUSG00000022139.18	protein_coding	Mbnl2	UP	mmu-Mbnl2_0008	NA	MMU_CIRCpedia_5057	4	1.156505778352939	0.03123220157383065	3.210308411892309	-0.021077546357532326	0.9516159055901913	NS	4	Colon, Heart, Kidney, Muscle
Colon	cRNA_0327	chr18:21280789-21281961	FULLEX	ENSMUSG00000042680.9	protein_coding	Garem1	UP	mmu-Garem_0002	NA	MMU_CIRCpedia_13152	3	1.395129931075119	0.04175075836819639	3.112354418094698	-0.023523244867930827	0.9642386108247345	NS	1	Colon
Colon	cRNA_0344	chr18:73808232-73811110	JNC-JNC	ENSMUSG00000024515.14	protein_coding	Smad4	DOWN	mmu-Smad4_0010	mm9_circ_006973	MMU_CIRCpedia_28512	3	-0.9484583851310588	0.00317864835335443	-4.031280486032178	0.33439200425740506	0.43924773364973085	NS	1	Colon
Colon	cRNA_0356	chr19:29731000-29732417	FULLEX	ENSMUSG00000046138.16	protein_coding	9930021J03Rik	UP	mmu-9930021J03Rik_0010	NA	MMU_CIRCpedia_15577	4	1.4311448993115867	7.270441193938533e-5	5.041434542006204	0.35857931180304115	0.1474047491241772	NS	2	Colon, Kidney
Colon	cRNA_0398	chr7:97310020-97313973	JNC-JNC	ENSMUSG00000035623.15	protein_coding	Rsf1	UP	mmu-Rsf1_0003,mmu-Rsf1_0036	mm9_circ_014201	MMU_CIRCpedia_35603	4	1.1835898221356411	0.00235907511492807	4.236003358127091	0.06667978432046404	0.776789077272967	NS	3	Colon, Kidney, Liver
Colon	cRNA_0410	chr7:120651310-120656622	JNC-JNC	ENSMUSG00000030876.8	protein_coding	Mettl9	UP	mmu-Mettl9_0005	mm9_circ_008117	MMU_CIRCpedia_5314	4	1.1959598669205789	6.153055816359677e-6	5.6155059031605346	0.2714402820143537	0.2891432213643591	NS	3	Colon, Kidney, Muscle
Colon	cRNA_0520	chr5:103930990-103932379	JNC-JNC	ENSMUSG00000029313.19	protein_coding	Aff1	UP	mmu-Aff1_0001	NA	MMU_CIRCpedia_1036	4	1.612032566686379	2.1408332034159375e-4	4.798431668758373	0.22835945374458078	0.2145201666812663	NS	1	Colon
Colon	cRNA_0582	chr4:108336070-108336938	FULLEX	ENSMUSG00000034610.15	protein_coding	Tut4	UP	mmu-Zcchc11_0037	mm9_circ_005135	MMU_CIRCpedia_2348	4	1.0339012829505785	0.02662605289199333	3.329282617694691	0.33546833436073814	0.15891996358729618	NS	2	Colon, Kidney
Colon	cRNA_0584	chr4:108574986-108584742	JNC-JNC	ENSMUSG00000034557.15	protein_coding	Zfyve9	UP	mmu-Zfyve9_0032	mm9_circ_005300	MMU_CIRCpedia_2501	4	1.1430252586762029	0.00530565882649737	3.881714011570964	0.40326002277115885	0.10885934574314138	NS	1	Colon
Colon	cRNA_0584	chr4:108574986-108584742	JNC-JNC	ENSMUSG00000034557.15	protein_coding	Zfyve9	UP	mmu-Zfyve9_0032	mm9_circ_005300	MMU_CIRCpedia_2501	4	1.1430252586762029	0.00530565882649737	3.881714011570964	0.40326002277115885	0.10885934574314138	NS	1	Kidney
Colon	cRNA_0600	chr4:141033825-141036391	JNC-JNC	ENSMUSG00000006445.4	protein_coding	Epha2	UP	mmu-Epha2_0002	mm9_circ_005186	MMU_CIRCpedia_9054	3	1.3630700006537242	0.03612465739550599	3.1488462315248023	-0.6608977343186817	0.2582570776542582	NS	2	Colon, Ileon
Colon	cRNA_0643	chr3:122541538-122542126	FULLEX	ENSMUSG00000053965.11	protein_coding	Pde5a	UP	mmu-Pde5a_0009	mm9_circ_007906	MMU_CIRCpedia_5878	4	1.7449030497034037	8.145077532317974e-5	5.023521752476524	0.09184142841045516	0.7461191475685871	NS	1	Colon
Colon	cRNA_0645	chr3:122575216-122611716	JNC-JNC	ENSMUSG00000053965.11	protein_coding	Pde5a	UP	mmu-Pde5a_0007	mm9_circ_007474	MMU_CIRCpedia_5887	4	1.6203649533630098	2.002503356079176e-6	5.895322539730722	0.09184142841045516	0.7461191475685871	NS	3	Colon, Ileon, Kidney
Colon	cRNA_0692	chr2:72800499-72801858	FULLEX	ENSMUSG00000027109.17	protein_coding	Sp3	UP	mmu-Sp3_0005	NA	MMU_CIRCpedia_28256	4	1.4690598199224971	0.00676072737013659	3.7637117345760953	0.11924919554792897	0.4759644986337089	NS	1	Colon
Colon	cRNA_0728	chr2:165890375-165893626	JNC-JNC	ENSMUSG00000027678.18	protein_coding	Ncoa3	UP	mmu-Ncoa3_0001	NA	MMU_CIRCpedia_39954	3	1.1491024312249412	0.02459268645492313	3.3474916995796384	-0.08273476218430446	0.677401464406305	NS	2	Colon, Muscle
Colon	cRNA_0751	chr1:52747323-52748914	FULLEX	ENSMUSG00000041439.16	protein_coding	Mfsd6	UP	mmu-Mfsd6_0001	mm9_circ_009434	MMU_CIRCpedia_22419	3	0.8548741345675464	0.00245357564609601	4.103589896465761	-0.2860620324962216	0.3978430655339123	NS	1	Colon
Colon	cRNA_0802	chr9:32157743-32162083	JNC-JNC	ENSMUSG00000041444.15	protein_coding	Arhgap32	DOWN	mmu-Arhgap32_0014	NA	MMU_CIRCpedia_16463	3	-1.1547469470013385	0.04080409554006609	-3.101918927628535	0.3317627483379319	0.0798358839093149	UP	1	Heart
Colon	cRNA_0802	chr9:32157743-32162083	JNC-JNC	ENSMUSG00000041444.15	protein_coding	Arhgap32	DOWN	mmu-Arhgap32_0014	NA	MMU_CIRCpedia_16463	3	-1.1547469470013385	0.04080409554006609	-3.101918927628535	0.3317627483379319	0.0798358839093149	UP	1	Colon
Colon	cRNA_0819	chr9:65701904-65702777	FULLEX	ENSMUSG00000040524.10	protein_coding	Zfp609	UP	mmu-Zfp609_0001	mm9_circ_004501	MMU_CIRCpedia_26291	3	1.3955177757324784	0.00245357564609601	4.110567457741361	0.21465801130980355	0.11512262132958945	NS	3	Colon, Kidney, Muscle
Colon	cRNA_0832	chr9:83834577-83873875	JNC-JNC	ENSMUSG00000032263.15	protein_coding	Bckdhb	UP	mmu-Bckdhb_0003	NA	MMU_CIRCpedia_31466	3	1.5608210862955585	0.03275901292000971	3.188672650131758	0.01728130539295217	0.9771698416219413	NS	4	Colon, Kidney, Liver, Muscle
Colon	cRNA_0869	chr8:58036801-58037261	FULLEX	ENSMUSG00000031608.14	protein_coding	Galnt7	UP	mmu-Galnt7_0001	NA	MMU_CIRCpedia_23862	4	2.140010554078335	6.031147333412875e-4	4.5073140074555464	-0.1140014896689508	0.8138863665516701	NS	1	Colon
Colon	cRNA_0874	chr8:73121748-73134150	JNC-JNC	ENSMUSG00000006276.11	protein_coding	Eps15l1	UP	mmu-Eps15l1_0005	mm9_circ_003878	MMU_CIRCpedia_28052	3	0.8167087196152469	0.02800346987129214	3.2800892793786027	-0.18826513804125855	0.2322914456183171	NS	2	Colon, Kidney
Colon	cRNA_1132	chr5:21124523-21132728	JNC-JNC	ENSMUSG00000039968.10	protein_coding	Rsbn1l	UP	mmu-Rsbn1l_0003	NA	MMU_CIRCpedia_13095	3	1.503223622756414	0.00556232819137198	3.8433984174564695	0.13729115238291775	0.4123162384484937	NS	1	Colon
Colon	cRNA_1196	chr4:131931443-131933026	FULLEX	ENSMUSG00000040025.18	protein_coding	Ythdf2	UP	mmu-Ythdf2_0001	NA	MMU_CIRCpedia_7780	3	1.533627963210898	0.02479982683351679	3.337893894651158	0.11388596664979787	0.6443996179013074	NS	1	Colon
Colon	cRNA_1421	chr19:42550991-42552780	FULLEX	ENSMUSG00000025184.11	protein_coding	R3hcc1l	DOWN	mmu-R3hcc1l_0002	mm9_circ_011137	MMU_CIRCpedia_19886	4	-1.5668065618680989	6.959624615719414e-4	-4.4544336716296025	-0.15571625781220735	0.6355409405111699	NS	4	Colon, Ileon, Kidney, Liver
Colon	cRNA_1522	chr9:59303634-59313138	JNC-JNC	ENSMUSG00000025234.12	protein_coding	Arih1	DOWN	mmu-Arih1_0016	NA	MMU_CIRCpedia_24472	3	-1.5680228149638202	0.03426891348025027	-3.221988607985765	-0.05927505334342542	0.7945727112183537	NS	2	Colon, Muscle
Colon	cRNA_1922	chr3:98198203-98198657	FULLEX	ENSMUSG00000027875.13	protein_coding	Hmgcs2	UP	mmu-Hmgcs2_0001	NA	MMU_CIRCpedia_39801	4	2.5086215205511597	6.565461841085711e-5	5.100747419636282	1.1111986784206038	0.3907214028595253	NS	1	Colon
Colon	cRNA_2456	chr5:106765937-106767508	EX-JNC	ENSMUSG00000049606.17	protein_coding	Zfp644	UP	mmu-Zfp644_0011	mm9_circ_001406	NA	3	1.4102791216255397	0.00354076736797568	4.051383076246561	0.1570617399041059	0.399160443508973	NS	3	Colon, Kidney, Liver
Heart	cRNA_0004	chrX:82921653-82930839	JNC-JNC	ENSMUSG00000045103.20	protein_coding	Dmd	UP	mmu-Dmd_0056	NA	MMU_CIRCpedia_31435	4	2.327500656381824	4.827899076801427e-5	5.217993525852762	0.21110012557898672	0.27844552066255984	NS	1	Heart
Heart	cRNA_0022	chr13:18994602-18998463	JNC-JNC	ENSMUSG00000041236.9	protein_coding	Vps41	UP	mmu-Vps41_0007	mm9_circ_008691	MMU_CIRCpedia_12569	3	2.10289402477577	0.02993077951639823	3.2029046925703244	-0.18503449918916134	0.28318518395556275	NS	1	Heart
Heart	cRNA_0029	chr13:41492053-41492496	FULLEX	ENSMUSG00000021365.16	protein_coding	Nedd9	UP	mmu-Nedd9_0001	NA	MMU_CIRCpedia_19616	4	2.0545881291674073	3.484193861070277e-4	4.633593256817976	-0.14321324390933454	0.5722102529185811	NS	4	Colon, Heart, Kidney, Muscle
Heart	cRNA_0060	chr12:35135938-35157555	JNC-JNC	ENSMUSG00000020590.17	protein_coding	Snx13	UP	mmu-Snx13_0040	NA	MMU_CIRCpedia_17616	3	1.507198663560618	0.02108900080949299	3.352444031890738	-0.04390701855625011	0.8839230067003891	NS	1	Heart
Heart	cRNA_0083	chr12:85910338-85926249	JNC-JNC	ENSMUSG00000012609.20	protein_coding	Ttll5	UP	mmu-Ttll5_0044	NA	MMU_CIRCpedia_32173	3	0.6008070848694202	0.03541421564997359	3.134752253826913	0.04223121858443956	0.9290294206934325	NS	2	Heart, Kidney
Heart	cRNA_0089	chr12:101849515-101856877	JNC-JNC	ENSMUSG00000021188.15	protein_coding	Trip11	UP	mmu-Trip11_0002	NA	MMU_CIRCpedia_586	3	1.597123917328186	0.03255332767209042	3.190463448414555	-0.1542097505826084	0.5205388502347246	NS	1	Heart
Heart	cRNA_0124	chr11:65109355-65124010	JNC-JNC	ENSMUSG00000020542.19	protein_coding	Myocd	UP	mmu-Myocd_0001	NA	MMU_CIRCpedia_26108	4	0.9676468261220538	0.02324353750297119	3.3061008775048526	0.37503865258172925	0.24828964441015952	NS	1	Heart
Heart	cRNA_0261	chr15:4064742-4089478	JNC-JNC	ENSMUSG00000022186.15	protein_coding	Oxct1	UP	mmu-Oxct1_0011	NA	MMU_CIRCpedia_19333	4	1.8903226125626469	0.00499460030560979	3.8646354990081537	-0.5132619277872101	0.011765454578106344	DOWN	1	Heart
Heart	cRNA_0262	chr15:4076947-4089478	JNC-JNC	ENSMUSG00000022186.15	protein_coding	Oxct1	UP	mmu-Oxct1_0001	mm9_circ_000453	MMU_CIRCpedia_19364	4	1.6768414347426208	7.0202056809748e-5	5.3215992350126875	-0.5132619277872101	0.011765454578106344	DOWN	2	Heart, Kidney
Heart	cRNA_0290	chr14:8456108-8456690	JNC-JNC	ENSMUSG00000021738.6	protein_coding	Atxn7	UP	mmu-Atxn7_0001	NA	MMU_CIRCpedia_8902	4	1.2912009366201809	5.39829252180888e-4	4.480156760584022	0.060281057081154076	0.8289272109628945	NS	2	Heart, Kidney
Heart	cRNA_0320	chr14:120562206-120562824	FULLEX	ENSMUSG00000022139.18	protein_coding	Mbnl2	UP	mmu-Mbnl2_0008	NA	MMU_CIRCpedia_5057	4	1.5982944051732382	1.354903135063032e-4	4.938345198412935	0.1286646130558626	0.5504181408656355	NS	4	Colon, Heart, Kidney, Muscle
Heart	cRNA_0367	chr19:45910056-45928942	JNC-JNC	ENSMUSG00000039901.11	protein_coding	Armh3	UP	mmu-9130011E15Rik_0030	NA	MMU_CIRCpedia_20739	3	2.7062789607287363	3.6368710867042207e-4	4.625666675699904	-0.18424722111740588	0.5039665132909388	NS	1	Heart
Heart	cRNA_0424	chr6:22132228-22145686	JNC-JNC	ENSMUSG00000062980.16	protein_coding	Cped1	UP	mmu-Cped1_0001	mm9_circ_015231	MMU_CIRCpedia_13458	3	1.0407115222446317	0.0195267450725575	3.392317277969476	-0.07794265637941593	0.7739003824182832	NS	1	Heart
Heart	cRNA_0424	chr6:22132228-22145686	JNC-JNC	ENSMUSG00000062980.16	protein_coding	Cped1	UP	mmu-Cped1_0001	mm9_circ_015231	MMU_CIRCpedia_13458	3	1.0407115222446317	0.0195267450725575	3.392317277969476	-0.07794265637941593	0.7739003824182832	NS	1	Muscle
Heart	cRNA_0451	chr6:52596962-52607334	JNC-JNC	ENSMUSG00000029776.12	protein_coding	Hibadh	UP	mmu-Hibadh_0005	NA	MMU_CIRCpedia_22407	3	1.3596501489476869	0.03840977072092005	3.0924580515187197	-0.21160710997862722	0.16627456717455127	NS	2	Heart, Muscle
Heart	cRNA_0458	chr6:93731995-93750670	JNC-JNC	ENSMUSG00000045095.17	protein_coding	Magi1	UP	mmu-Magi1_0041	NA	MMU_CIRCpedia_34585	3	1.1713407972373804	0.01461513961580423	3.505928870477433	0.24997220522317395	0.48870364506619807	NS	1	Heart
Heart	cRNA_0482	chr5:25552359-25558406	JNC-JNC	ENSMUSG00000038056.16	protein_coding	Kmt2c	UP	mmu-Kmt2c_0018	NA	MMU_CIRCpedia_14487	3	1.2355739025197383	0.0257075206327037	3.2774072798899305	0.07101435220125238	0.8445862058283217	NS	2	Heart, Kidney
Heart	cRNA_0501	chr5:66520061-66522463	JNC-JNC	ENSMUSG00000029207.17	protein_coding	Apbb2	UP	mmu-Apbb2_0008	mm9_circ_002581	MMU_CIRCpedia_26486	3	0.8874111423245784	0.00928738964728798	3.6848388537616503	-0.0853322803628855	0.856031269980557	NS	1	Heart
Heart	cRNA_0542	chr5:138614828-138615316	FULLIN	ENSMUSG00000058291.15	protein_coding	Zfp68	UP	mmu-Zfp68_0001,mmu-Zfp68_0002	NA	NA	4	1.1319865142486405	0.01103814697347271	3.569559464063347	0.2049288509053646	0.3048602529323275	NS	1	Heart
Heart	cRNA_0640	chr3:106438453-106446919	JNC-JNC	ENSMUSG00000040774.16	protein_coding	Cept1	UP	mmu-Cept1_0002	mm9_circ_007135	MMU_CIRCpedia_1783	4	1.013551246326756	0.00124940128721115	4.276033142415844	0.020871874190556725	0.9459848818926128	NS	1	Heart
Heart	cRNA_0640	chr3:106438453-106446919	JNC-JNC	ENSMUSG00000040774.16	protein_coding	Cept1	UP	mmu-Cept1_0002	mm9_circ_007135	MMU_CIRCpedia_1783	4	1.013551246326756	0.00124940128721115	4.276033142415844	0.020871874190556725	0.9459848818926128	NS	1	Liver
Heart	cRNA_0752	chr1:53295788-53321251	JNC-JNC	ENSMUSG00000026098.14	protein_coding	Pms1	UP	mmu-Pms1_0001	mm9_circ_001535	MMU_CIRCpedia_22574	4	0.6935305970769782	0.0094866474246993	3.655386239954825	0.14863800721641596	0.6561372664156291	NS	2	Heart, Kidney
Heart	cRNA_0795	chr9:3441055-3460131	JNC-JNC	ENSMUSG00000025898.7	protein_coding	Cwf19l2	UP	mmu-Cwf19l2_0007	NA	MMU_CIRCpedia_17285	3	0.9118870521470952	0.00130175631841909	4.271924388186852	0.2747042630767956	0.1755149284771804	NS	2	Heart, Kidney
Heart	cRNA_0802	chr9:32157743-32162083	JNC-JNC	ENSMUSG00000041444.15	protein_coding	Arhgap32	UP	mmu-Arhgap32_0014	NA	MMU_CIRCpedia_16463	3	1.0285764072446928	0.01930221102045007	3.400326866968607	0.36777080880867447	0.23969004504152383	NS	1	Heart
Heart	cRNA_0802	chr9:32157743-32162083	JNC-JNC	ENSMUSG00000041444.15	protein_coding	Arhgap32	UP	mmu-Arhgap32_0014	NA	MMU_CIRCpedia_16463	3	1.0285764072446928	0.01930221102045007	3.400326866968607	0.36777080880867447	0.23969004504152383	NS	1	Colon
Heart	cRNA_0844	chr9:107642694-107644907	JNC-JNC	ENSMUSG00000032580.13	protein_coding	Rbm5	UP	mmu-Rbm5_0011	NA	MMU_CIRCpedia_2172	3	1.7461536335963352	0.04591699831271671	3.0198464267354885	0.045848999915240135	0.8917714397827065	NS	1	Heart
Heart	cRNA_0855	chr8:8689206-8689489	FULLEX	ENSMUSG00000001300.17	protein_coding	Efnb2	UP	mmu-Efnb2_0001	NA	MMU_CIRCpedia_32422	4	1.684358941072321	0.00632199166413788	3.785604381354928	-0.23662030439273796	0.4721264943971766	NS	3	Heart, Ileon, Kidney
Heart	cRNA_0879	chr8:78071269-78085263	JNC-JNC	ENSMUSG00000037148.9	protein_coding	Arhgap10	UP	mmu-Arhgap10_0013	NA	MMU_CIRCpedia_29632	4	1.4081893991345376	5.26730139867315e-4	4.5466485037418325	0.21554268435911608	0.24027601969435378	NS	1	Heart
Heart	cRNA_0881	chr8:78085176-78115364	JNC-JNC	ENSMUSG00000037148.9	protein_coding	Arhgap10	UP	mmu-Arhgap10_0023	NA	MMU_CIRCpedia_29641	3	2.050241231264349	0.01416000238358325	3.540219263222391	0.21554268435911608	0.24027601969435378	NS	1	Heart
Heart	cRNA_0886	chr8:81526730-81527024	FULLEX	ENSMUSG00000031714.10	protein_coding	Gab1	UP	mmu-Gab1_0001	mm9_circ_015224	MMU_CIRCpedia_30620	3	1.666544158151407	7.575195515770998e-5	5.105353534086611	-0.08136054785198125	0.8296082622937484	NS	3	Heart, Kidney, Muscle
Heart	cRNA_0911	chr13:9770809-9785502	JNC-JNC	ENSMUSG00000021156.18	protein_coding	Zmynd11	UP	mmu-Zmynd11_0007	mm9_circ_001794	MMU_CIRCpedia_35531	4	1.561405409613553	0.01891535746187754	3.376395728417948	0.14116689132969018	0.3778771625170391	NS	1	Heart
Heart	cRNA_0958	chr11:44511241-44534296	JNC-JNC	ENSMUSG00000057098.15	protein_coding	Ebf1	UP	mmu-Ebf1_0004	NA	MMU_CIRCpedia_20355	3	2.446320324252464	0.00516012983831237	3.835450611025704	-0.3556307886406642	0.2004747118434213	NS	2	Heart, Muscle
Heart	cRNA_0981	chr10:55999607-56027949	JNC-JNC	ENSMUSG00000038122.10	protein_coding	Tbc1d32	UP	mmu-Tbc1d32_0014	mm9_circ_014615	MMU_CIRCpedia_23481	3	2.2105431848848824	0.00391252030388964	3.936059507298528	0.1288056883714992	0.6619622600075534	NS	1	Heart
Heart	cRNA_1011	chr16:3955230-3972897	JNC-JNC	ENSMUSG00000022521.11	protein_coding	Crebbp	UP	mmu-Crebbp_0013	NA	MMU_CIRCpedia_19623	3	1.3438236478302945	0.0194074981453683	3.4237243366535237	0.06107396926850474	0.9144622094192658	NS	1	Heart
Heart	cRNA_1043	chr14:47253734-47254252	FULLEX	ENSMUSG00000021838.18	protein_coding	Samd4	UP	mmu-Samd4_0001	mm9_circ_005305	MMU_CIRCpedia_21017	3	1.0158461789255684	0.03367931222981323	3.157040768554517	0.143022663184232	0.6606289649748099	NS	1	Heart
Heart	cRNA_1088	chr19:40325430-40353610	JNC-JNC	ENSMUSG00000025006.19	protein_coding	Sorbs1	UP	mmu-Sorbs1_0055	NA	MMU_CIRCpedia_19320	3	1.5533983734030734	0.01191791713258766	3.570572562970988	0.39699211857509725	0.2518830056088069	NS	1	Heart
Heart	cRNA_1148	chr5:106783476-106786501	FULLEX	ENSMUSG00000049606.17	protein_coding	Zfp644	UP	mmu-Zfp644_0016	NA	MMU_CIRCpedia_1799	4	2.1286611424338826	4.786205993236864e-4	4.523859149515406	0.11101303798840353	0.48513174113585156	NS	2	Heart, Kidney
Heart	cRNA_1149	chr5:107912542-107938374	JNC-JNC	ENSMUSG00000011831.17	protein_coding	Evi5	UP	mmu-Evi5_0012	NA	MMU_CIRCpedia_2169	3	1.4699299789797131	5.582711278889018e-4	4.488736939810222	-0.06141758685505942	0.8331301201192977	NS	1	Heart
Heart	cRNA_1252	chr1:24750593-24770980	JNC-JNC	ENSMUSG00000073725.9	protein_coding	Lmbrd1	UP	mmu-Lmbrd1_0001	NA	MMU_CIRCpedia_14215	4	1.552801258606606	0.0201355204819145	3.385903476908904	0.26641633247876184	0.2973743093147804	NS	1	Heart
Heart	cRNA_1311	chr9:78464739-78468088	JNC-JNC	ENSMUSG00000049624.15	protein_coding	Slc17a5	UP	mmu-Slc17a5_0011	NA	MMU_CIRCpedia_29939	4	2.266380187878324	4.7700496695878296e-4	4.5436172044247325	0.07773643635773538	0.8433416766435909	NS	2	Heart, Kidney
Heart	cRNA_1317	chr9:100587206-100620195	JNC-JNC	ENSMUSG00000037286.16	protein_coding	Stag1	UP	mmu-Stag1_0055	mm9_circ_007796	MMU_CIRCpedia_260	4	1.731681411203363	0.00783728192026997	3.69814105825805	0.36662016069007375	0.17526443696351726	NS	1	Heart
Heart	cRNA_1497	chr2:68189158-68199449	JNC-JNC	ENSMUSG00000027030.16	protein_coding	Stk39	UP	mmu-Stk39_0018	NA	MMU_CIRCpedia_26987	3	1.7161755431802883	1.9675600320550164e-4	4.83776790046732	0.222048973395278	0.1960675970144412	NS	2	Heart, Kidney
Heart	cRNA_1517	chr1:179826927-179867765	JNC-JNC	ENSMUSG00000026490.19	protein_coding	Cdc42bpa	UP	mmu-Cdc42bpa_0014	NA	MMU_CIRCpedia_12236	3	1.770024462520788	0.02336997976564615	3.293491463121704	-0.0037582620541715722	0.9928557605180663	NS	1	Heart
Heart	cRNA_1534	chr8:48352471-48353891	JNC-JNC	ENSMUSG00000031563.9	protein_coding	Wwc2	UP	mmu-Wwc2_0002	mm9_circ_013863	MMU_CIRCpedia_21227	4	1.229618499798678	0.03076506546535098	3.1745721000605	0.19077221148468415	0.46547662033953646	NS	1	Heart
Heart	cRNA_1537	chr8:87358014-87399697	JNC-JNC	ENSMUSG00000047866.21	protein_coding	Lonp2	UP	mmu-Lonp2_0014	NA	MMU_CIRCpedia_32521	3	2.43016990919113	0.00206994226809845	4.123119673698139	0.06570335039471321	0.752879092836993	NS	1	Heart
Heart	cRNA_1653	chr18:4649075-4649405	FULLEX	ENSMUSG00000033960.7	protein_coding	Jcad	UP	mmu-9430020K01Rik_0001	NA	MMU_CIRCpedia_20885	3	1.2052667435364974	0.00250225454240836	4.087132097332682	0.025405806656279492	0.9395649783194358	NS	1	Heart
Heart	cRNA_1664	chr18:65311990-65331797	JNC-JNC	ENSMUSG00000024589.19	protein_coding	Nedd4l	UP	mmu-Nedd4l_0014	NA	MMU_CIRCpedia_26090	3	1.1659714153925511	0.01520084789198599	3.490168081412303	-0.0195372362871127	0.9616886303530807	NS	1	Heart
Heart	cRNA_1761	chr3:97700055-97704124	JNC-JNC	ENSMUSG00000038170.16	protein_coding	Pde4dip	UP	mmu-Pde4dip_0028	NA	MMU_CIRCpedia_35644	3	1.041894150027771	0.03852000160403977	3.084531550821359	0.11933131281382689	0.8079349508720499	NS	2	Heart, Kidney
Heart	cRNA_1786	chr2:76683949-76686710	JNC-JNC	ENSMUSG00000051747.16	protein_coding	Ttn	UP	mmu-Ttn_0122	NA	NA	4	2.8458843827653135	0.00140142186944698	4.230483333432885	-0.265276438129819	0.6036839797424639	NS	2	Heart, Muscle
Heart	cRNA_1791	chr2:76853790-76861051	JNC-JNC	ENSMUSG00000044033.17	protein_coding	Ccdc141	UP	mmu-Ccdc141_0024	NA	MMU_CIRCpedia_29482	4	1.9576988940280553	3.225536451564403e-4	4.687000719701281	-0.0707812681879116	0.8746041398442864	NS	1	Heart
Heart	cRNA_1794	chr2:76919414-76938823	JNC-JNC	ENSMUSG00000044033.17	protein_coding	Ccdc141	UP	mmu-Ccdc141_0018	NA	MMU_CIRCpedia_29512	4	1.390136355272108	5.790169806905469e-4	4.4254015138343465	-0.0707812681879116	0.8746041398442864	NS	1	Heart
Heart	cRNA_1819	chr1:118470832-118479886	JNC-JNC	ENSMUSG00000064302.14	protein_coding	Clasp1	UP	mmu-Clasp1_0017,mmu-Clasp1_0073	NA	MMU_CIRCpedia_4537	3	1.597932418021065	0.00516012983831237	3.8292750687585766	-0.7763834983214756	0.005648932830976056	DOWN	1	Heart
Heart	cRNA_1845	chr9:77072047-77098019	JNC-JNC	ENSMUSG00000032355.17	protein_coding	Mlip	UP	mmu-Mlip_0029	mm9_circ_012617	MMU_CIRCpedia_29558	3	1.3475989233280754	9.830535803003624e-5	5.024537333810517	-0.0182207431571944	0.9510864765007914	NS	1	Heart
Heart	cRNA_1862	chr9:110808538-110810031	JNC-JNC	ENSMUSG00000032495.9	protein_coding	Lrrc2	UP	mmu-Lrrc2_0003	NA	NA	3	1.4420548213652749	0.0373960224951007	3.1059568729941605	0.15695126479575705	0.6060226401836709	NS	1	Heart
Heart	cRNA_1873	chr8:37404714-37405912	FULLEX	ENSMUSG00000031523.17	protein_coding	Dlc1	UP	mmu-Dlc1_0001	mm9_circ_011180	MMU_CIRCpedia_18324	3	0.7074645262048675	0.01267860170496157	3.578969522433225	0.21078274593220844	0.4216235994721985	NS	1	Heart
Heart	cRNA_1879	chr8:78037360-78085263	JNC-JNC	ENSMUSG00000037148.9	protein_coding	Arhgap10	UP	mmu-Arhgap10_0024	NA	MMU_CIRCpedia_29608	3	1.829863997259419	0.00246375178441367	4.059913282299336	0.21554268435911608	0.24027601969435378	NS	1	Heart
Heart	cRNA_1886	chr13:51832870-51833989	JNC-JNC	ENSMUSG00000035139.15	protein_coding	Secisbp2	UP	mmu-Secisbp2_0001	NA	MMU_CIRCpedia_215458	3	1.606921590457284	0.02142415680276497	3.3714022095823437	0.11522664449672898	0.6707032277738054	NS	1	Heart
Heart	cRNA_2382	chr12:52562862-52566750	FULLEX	ENSMUSG00000035133.10	protein_coding	Arhgap5	UP	mmu-Arhgap5_0009,mmu-Arhgap5_0019	mm9_circ_011007	MMU_CIRCpedia_22395	3	1.3788399709550432	1.5642873248079915e-8	6.658706453411364	0.20464461673990103	0.3433855700515664	NS	4	Heart, Kidney, Liver, Muscle
Heart	cRNA_2807	chr13:64343966-64344489	EX-JNC	ENSMUSG00000033102.16	protein_coding	Cdc14b	UP	mmu-Cdc14b_0024,mmu-Cdc14b_0043	NA	NA	3	1.7087639292982015	8.631498158123589e-4	4.24584910398375	-0.12125563144002562	0.5800316146714893	NS	1	Heart
Ileon	cRNA_0078	chr12:82387436-82389273	FULLEX	ENSMUSG00000042700.17	protein_coding	Sipa1l1	UP	mmu-Sipa1l1_0031	mm9_circ_007155	MMU_CIRCpedia_31036	4	1.1295760592803712	0.01076005955819479	3.813963494327768	-0.08824688193057753	0.6619235661736057	NS	4	Colon, Ileon, Kidney, Liver
Ileon	cRNA_0155	chr10:12312025-12331308	JNC-JNC	ENSMUSG00000019820.12	protein_coding	Utrn	DOWN	mmu-Utrn_0025	mm9_circ_009056	MMU_CIRCpedia_6294	4	-1.2754573589868616	3.6195637942863503e-6	-5.9075034389610614	0.22312487513863896	0.27111689160306107	NS	2	Colon, Ileon
Ileon	cRNA_0336	chr18:39230683-39244953	JNC-JNC	ENSMUSG00000036452.19	protein_coding	Arhgap26	UP	mmu-Arhgap26_0012	mm9_circ_018468	MMU_CIRCpedia_19041	3	1.142472150304384	0.01807378172164107	3.50139936619035	0.2040372216677332	0.4279906000883071	NS	2	Ileon, Kidney
Ileon	cRNA_0348	chr18:79129766-79130395	FULLEX	ENSMUSG00000024548.12	protein_coding	Setbp1	DOWN	mmu-Setbp1_0001	mm9_circ_012515	MMU_CIRCpedia_30067	4	-1.3521696692014222	0.01035868422128267	-3.7475989578804585	-0.1612081015711469	0.6664454074296929	NS	1	Ileon
Ileon	cRNA_0436	chr6:37880468-37908435	JNC-JNC	ENSMUSG00000029833.18	protein_coding	Trim24	DOWN	mmu-Trim24_0002	NA	MMU_CIRCpedia_18697	3	-1.2474867051580782	0.04479756230460029	-3.1153501469189835	0.09984477539319382	0.5257081210245548	NS	1	Ileon
Ileon	cRNA_0449	chr6:50120699-50140629	JNC-JNC	ENSMUSG00000038388.15	protein_coding	Pals2	DOWN	mmu-Mpp6_0011	mm9_circ_010146	MMU_CIRCpedia_21740	3	-1.0966058384676876	0.01975649008601531	-3.445136124254972	-0.28303279078155175	0.10425419374283314	NS	1	Ileon
Ileon	cRNA_0466	chr6:119029562-119034476	JNC-JNC	ENSMUSG00000051331.17	protein_coding	Cacna1c	DOWN	mmu-Cacna1c_0026	mm9_circ_006741	MMU_CIRCpedia_4657	4	-1.4624408797170534	0.01658806672879034	-3.5660069680858246	0.3155158387170926	0.4516145381670868	NS	1	Ileon
Ileon	cRNA_0467	chr6:119897071-119897989	JNC-JNC	ENSMUSG00000030166.15	protein_coding	Rad52	DOWN	mmu-Rad52_0003,mmu-Rad52_0005	mm9_circ_012490	MMU_CIRCpedia_4990,MMU_CIRCpedia_4991	3	-0.9408741652304728	0.018467814809788	-3.5378800760182276	0.22462293858058008	0.12525202800411217	NS	1	Ileon
Ileon	cRNA_0491	chr5:34000456-34003611	JNC-JNC	ENSMUSG00000057406.17	protein_coding	Nsd2	DOWN	mmu-Whsc1_0009	mm9_circ_003195	MMU_CIRCpedia_17008	4	-0.909233314637185	0.01022614723903386	-3.744861652990852	-0.24841063524519383	0.101552659812996	NS	1	Ileon
Ileon	cRNA_0494	chr5:36728640-36729381	FULLEX	ENSMUSG00000029192.18	protein_coding	Tbc1d14	UP	mmu-Tbc1d14_0003	NA	MMU_CIRCpedia_18130	4	1.235485499564019	0.00604887075246704	3.9627544047055583	0.10987552266783657	0.6845272670957742	NS	1	Ileon
Ileon	cRNA_0510	chr5:77415779-77416670	FULLEX	ENSMUSG00000029249.16	protein_coding	Rest	UP	mmu-Rest_0001	mm9_circ_012626	MMU_CIRCpedia_29594	4	1.4277559170817948	0.01638619818937889	3.5802138678191104	0.039773748888548746	0.7112461420421963	NS	1	Ileon
Ileon	cRNA_0518	chr5:101929241-101946382	JNC-JNC	ENSMUSG00000029330.9	protein_coding	Cds1	DOWN	mmu-Cds1_0002	mm9_circ_004198	MMU_CIRCpedia_572	4	-0.9982598909665772	0.01188278175976896	-3.74560223643104	0.10415033277459762	0.6935860911744057	NS	1	Ileon
Ileon	cRNA_0530	chr5:117472833-117482078	JNC-JNC	ENSMUSG00000066894.15	protein_coding	Vsig10	UP	mmu-Vsig10_0001	NA	MMU_CIRCpedia_213768	4	0.9575627754695708	0.00368097173258049	4.09305283882628	-0.24553822496675165	0.27921795596083976	NS	1	Ileon
Ileon	cRNA_0600	chr4:141033825-141036391	JNC-JNC	ENSMUSG00000006445.4	protein_coding	Epha2	UP	mmu-Epha2_0002	mm9_circ_005186	MMU_CIRCpedia_9054	4	1.7832718379606514	0.00766260569565782	3.873502753060971	-0.4838991684556881	0.17760282037049388	NS	2	Colon, Ileon
Ileon	cRNA_0629	chr3:88909080-88915184	JNC-JNC	ENSMUSG00000028053.14	protein_coding	Ash1l	UP	mmu-Ash1l_0015	mm9_circ_009027	MMU_CIRCpedia_33267	3	0.8921007113617815	0.04305414774734546	3.117360996328395	0.25147407826325513	0.1585076468081935	NS	2	Ileon, Kidney
Ileon	cRNA_0645	chr3:122575216-122611716	JNC-JNC	ENSMUSG00000053965.11	protein_coding	Pde5a	UP	mmu-Pde5a_0007	mm9_circ_007474	MMU_CIRCpedia_5887	4	2.6351915672437887	4.5479496872747914e-8	6.710844363513973	-0.2299452673661914	0.19372486401987643	NS	3	Colon, Ileon, Kidney
Ileon	cRNA_0664	chr2:13386569-13463938	JNC-JNC	ENSMUSG00000026726.11	protein_coding	Cubn	UP	mmu-Cubn_0007	NA	NA	4	3.435063225918042	8.831309748897649e-5	5.024880264919298	0.7739835076591017	0.20806376559983028	NS	2	Ileon, Kidney
Ileon	cRNA_0665	chr2:13408777-13463938	JNC-JNC	ENSMUSG00000026726.11	protein_coding	Cubn	UP	mmu-Cubn_0001	NA	NA	3	2.3156931095270306	0.01015978635170318	3.834023566969507	0.7739835076591017	0.20806376559983028	NS	2	Ileon, Kidney
Ileon	cRNA_0678	chr2:48760301-48763485	JNC-JNC	ENSMUSG00000052155.6	protein_coding	Acvr2a	DOWN	mmu-Acvr2a_0010	mm9_circ_002037	MMU_CIRCpedia_21408	3	-0.7559364675281477	0.04305414774734546	-3.1448944610986165	0.4098605533023258	0.02810266700907927	UP	1	Ileon
Ileon	cRNA_0698	chr2:104301094-104302192	FULLEX	ENSMUSG00000027177.15	protein_coding	Hipk3	DOWN	mmu-Hipk3_0011	mm9_circ_013422	MMU_CIRCpedia_1229	4	-1.1656028556807727	6.542640767368889e-6	-5.574588638258011	0.08730491974461606	0.5734434505821671	NS	1	Ileon
Ileon	cRNA_0739	chr1:7190418-7190839	FULLEX	ENSMUSG00000051285.18	protein_coding	Pcmtd1	UP	mmu-Pcmtd1_0002	NA	MMU_CIRCpedia_27728	4	1.407053579469567	0.01694228153480496	3.6282231097492894	0.08570487604774324	0.577002412578169	NS	3	Ileon, Kidney, Liver
Ileon	cRNA_0809	chr9:55714297-55767202	JNC-JNC	ENSMUSG00000034007.11	protein_coding	Scaper	UP	mmu-Scaper_0012	NA	MMU_CIRCpedia_23308	4	1.0189604372392091	0.01993841206985532	3.460531237484789	-0.05774533921691572	0.6712338412696608	NS	2	Ileon, Kidney
Ileon	cRNA_0839	chr9:96474003-96493552	JNC-JNC	ENSMUSG00000032413.13	protein_coding	Rasa2	DOWN	mmu-Rasa2_0027	mm9_circ_001729	MMU_CIRCpedia_35405	4	-0.9297603462132076	0.01513562477496684	-3.5759301901275045	0.030777382591710138	0.9100429138625157	NS	1	Kidney
Ileon	cRNA_0839	chr9:96474003-96493552	JNC-JNC	ENSMUSG00000032413.13	protein_coding	Rasa2	DOWN	mmu-Rasa2_0027	mm9_circ_001729	MMU_CIRCpedia_35405	4	-0.9297603462132076	0.01513562477496684	-3.5759301901275045	0.030777382591710138	0.9100429138625157	NS	1	Ileon
Ileon	cRNA_0855	chr8:8689206-8689489	FULLEX	ENSMUSG00000001300.17	protein_coding	Efnb2	UP	mmu-Efnb2_0001	NA	MMU_CIRCpedia_32422	3	1.1341971099987564	0.04479756230460029	3.098199307470062	-0.5046356617171055	0.004854523367670966	DOWN	3	Heart, Ileon, Kidney
Ileon	cRNA_0917	chr13:45948985-46110051	JNC-JNC	ENSMUSG00000046876.17	protein_coding	Atxn1	DOWN	mmu-Atxn1_0001,mmu-Atxn1_0002	NA	MMU_CIRCpedia_20702	3	-1.1270584098692784	0.01854179535699709	-3.5079310559717753	1.1397357563810528	1.3792803237189221e-5	UP	2	Ileon, Liver
Ileon	cRNA_1072	chr18:70713724-70726411	JNC-JNC	ENSMUSG00000024513.17	protein_coding	Mbd2	DOWN	mmu-Mbd2_0007	NA	MMU_CIRCpedia_27522	3	-1.3043730878946018	0.01793797609634414	-3.517405193008418	-0.1771261161676446	0.3300290815760284	NS	1	Ileon
Ileon	cRNA_1192	chr4:121039803-121047455	JNC-JNC	ENSMUSG00000049878.14	protein_coding	Rlf	DOWN	mmu-Rlf_0002	mm9_circ_018293	MMU_CIRCpedia_5350	4	-1.1437556834868123	0.03069196052521942	-3.2008409929252073	-0.01030631597082542	0.9418794651501138	NS	1	Ileon
Ileon	cRNA_1327	chr8:23351533-23352817	JNC-JNC	ENSMUSG00000031540.15	protein_coding	Kat6a	UP	mmu-Kat6a_0008	NA	MMU_CIRCpedia_13622	3	1.3741604603584692	0.01821023558301862	3.4926389098003177	0.08969108175252302	0.6989700636879743	NS	1	Ileon
Ileon	cRNA_1358	chr13:98211507-98213828	JNC-JNC	ENSMUSG00000021662.12	protein_coding	Arhgef28	DOWN	mmu-Arhgef28_0010,mmu-Arhgef28_0023	NA	MMU_CIRCpedia_35725	3	-1.4423410897967528	0.01494346587265213	-3.655741032295437	-0.44155134644450317	0.18203088253645403	NS	1	Ileon
Ileon	cRNA_1421	chr19:42550991-42552780	FULLEX	ENSMUSG00000025184.11	protein_coding	R3hcc1l	DOWN	mmu-R3hcc1l_0002	mm9_circ_011137	MMU_CIRCpedia_19886	4	-1.9528792596365616	5.924225439199687e-7	-6.074077224267152	-0.07043422470969504	0.7473068603528906	NS	4	Colon, Ileon, Kidney, Liver
Ileon	cRNA_2374	chr11:87940803-87942158	JNC-EX	ENSMUSG00000018379.18	protein_coding	Srsf1	UP	mmu-Srsf1_0001	NA	NA	3	1.4150336378457826	0.03101956706339927	3.1015867877222396	-0.1759148381947568	0.11606424811312006	NS	2	Ileon, Kidney
Ileon	cRNA_2400	chr16:96197569-96223734	JNC-EX	NA	NA	NA	UP	mmu-Igsf5_0001	NA	NA	3	0.9081029396081752	0.01448668699948847	3.635335510221771	NA	NA	NS	1	Ileon
Ileon	cRNA_2481	chr7:132549773-132552164	IN-JNC	ENSMUSG00000030967.16	protein_coding	Zranb1	DOWN	mmu-ENSMUSG00000030849,ENSMUSG00000030967_0007	mm9_circ_004212	NA	3	-0.6295207381598218	0.0314178059383598	-3.1531509985042314	0.1141159110770162	0.43525694496106826	NS	1	Ileon
Kidney	cRNA_0029	chr13:41492053-41492496	FULLEX	ENSMUSG00000021365.16	protein_coding	Nedd9	UP	mmu-Nedd9_0001	NA	MMU_CIRCpedia_19616	4	1.6214054197246637	2.9043742813305315e-4	4.493160466990408	-0.3330244070014934	5.104439136697652e-5	DOWN	4	Colon, Heart, Kidney, Muscle
Kidney	cRNA_0065	chr12:51806002-51807953	JNC-JNC	ENSMUSG00000035247.17	protein_coding	Hectd1	UP	mmu-Hectd1_0012	mm9_circ_002888	MMU_CIRCpedia_22183	4	1.10378372125344	0.00331446538325246	3.777324089814068	0.08865447853566755	0.29272215556537456	NS	1	Kidney
Kidney	cRNA_0075	chr12:75531906-75562572	JNC-JNC	ENSMUSG00000021051.11	protein_coding	Ppp2r5e	UP	mmu-Ppp2r5e_0007	NA	MMU_CIRCpedia_29068	3	1.407511609296672	8.654535998989613e-4	4.170955867229785	0.19173915200498293	0.14512586614236772	NS	1	Kidney
Kidney	cRNA_0078	chr12:82387436-82389273	FULLEX	ENSMUSG00000042700.17	protein_coding	Sipa1l1	UP	mmu-Sipa1l1_0031	mm9_circ_007155	MMU_CIRCpedia_31036	3	0.6016569328119153	0.01819857235573787	3.127664118328917	-0.5570789583290815	4.353551245679119e-4	DOWN	4	Colon, Ileon, Kidney, Liver
Kidney	cRNA_0083	chr12:85910338-85926249	JNC-JNC	ENSMUSG00000012609.20	protein_coding	Ttll5	UP	mmu-Ttll5_0044	NA	MMU_CIRCpedia_32173	4	0.7598060203342227	0.02213891380135521	3.0559927643601217	0.14161190145413804	0.23966489037446023	NS	2	Heart, Kidney
Kidney	cRNA_0094	chr12:111559011-111584817	JNC-JNC	ENSMUSG00000007411.17	protein_coding	Mark3	UP	mmu-Mark3_0013	mm9_circ_011801	MMU_CIRCpedia_3204	3	0.6371755433615369	0.03168952744169506	2.870792589178638	-0.056059200867133105	0.2420668523655708	NS	1	Kidney
Kidney	cRNA_0094	chr12:111559011-111584817	JNC-JNC	ENSMUSG00000007411.17	protein_coding	Mark3	UP	mmu-Mark3_0013	mm9_circ_011801	MMU_CIRCpedia_3204	3	0.6371755433615369	0.03168952744169506	2.870792589178638	-0.056059200867133105	0.2420668523655708	NS	1	Liver
Kidney	cRNA_0103	chr11:6143154-6143476	FULLEX	ENSMUSG00000053838.15	protein_coding	Nudcd3	UP	mmu-Nudcd3_0002	mm9_circ_005786	MMU_CIRCpedia_25157	4	1.1545152954114033	0.01082204304860576	3.3478129412069393	-0.06794670651904945	0.22510408978270485	NS	1	Kidney
Kidney	cRNA_0115	chr11:28817466-28818039	JNC-JNC	ENSMUSG00000020467.16	protein_coding	Efemp1	UP	mmu-Efemp1_0001	NA	MMU_CIRCpedia_15312	3	1.0809965408240243	0.0150286435322658	3.2246132643708636	0.026780509535718748	0.8785111684910449	NS	1	Kidney
Kidney	cRNA_0125	chr11:68720741-68736250	JNC-JNC	ENSMUSG00000018736.15	protein_coding	Ndel1	UP	mmu-Ndel1_0012	NA	MMU_CIRCpedia_27059	4	1.3829591561696055	1.0532489627678406e-9	6.9955059434034075	0.14164653177994307	0.25046918425836684	NS	1	Kidney
Kidney	cRNA_0141	chr11:85467608-85474820	JNC-JNC	ENSMUSG00000059439.16	protein_coding	Bcas3	UP	mmu-Bcas3_0008	NA	MMU_CIRCpedia_32099	3	1.3415697896861694	0.00506335505956065	3.624885737793414	-0.12259673888017218	0.3194950060197594	NS	1	Kidney
Kidney	cRNA_0154	chr10:9673866-9675812	JNC-JNC	ENSMUSG00000019790.18	protein_coding	Stxbp5	DOWN	mmu-Stxbp5_0013,mmu-Stxbp5_0047	mm9_circ_010719	MMU_CIRCpedia_35705	3	-1.359346986246864	0.02307570289209955	-3.015003306825812	0.4639295243806285	2.2706238279862953e-4	UP	1	Kidney
Kidney	cRNA_0167	chr10:42072462-42073897	FULLEX	ENSMUSG00000048756.12	protein_coding	Foxo3	UP	mmu-Foxo3_0001	NA	MMU_CIRCpedia_19807	3	1.4501026506508916	0.00816202530176172	3.4530183225339472	0.5046087174501737	0.14452537517072098	NS	1	Kidney
Kidney	cRNA_0206	chr17:51224555-51227631	JNC-JNC	ENSMUSG00000023923.11	protein_coding	Tbc1d5	UP	mmu-Tbc1d5_0002,mmu-Tbc1d5_0127	NA	MMU_CIRCpedia_21984	4	1.2140031170364856	5.050275991436123e-6	5.505313642072969	0.07440099773693504	0.3812470044605383	NS	1	Kidney
Kidney	cRNA_0231	chr16:11048374-11056963	JNC-JNC	ENSMUSG00000062203.16	protein_coding	Gspt1	UP	mmu-Gspt1_0009,mmu-Gspt1_0010	NA	MMU_CIRCpedia_3345,MMU_CIRCpedia_3346	4	2.239405471550632	0.00766816149325368	3.5582113646039977	-0.1328224897205393	0.11739228911797545	NS	1	Kidney
Kidney	cRNA_0234	chr16:13515197-13516939	JNC-JNC	ENSMUSG00000022684.16	protein_coding	Bfar	UP	mmu-Bfar_0002	mm9_circ_009604	MMU_CIRCpedia_8487	4	1.795744713579026	3.6708946783994535e-5	5.033747489450488	0.02101394546012547	0.8559887216792336	NS	5	Colon, Ileon, Kidney, Liver, Muscle
Kidney	cRNA_0236	chr16:16833762-16836339	JNC-JNC	ENSMUSG00000063358.18	protein_coding	Mapk1	UP	mmu-Mapk1_0006	NA	MMU_CIRCpedia_11792	4	0.9986812178550226	0.00844367638420966	3.4376332516244585	0.02649690365848574	0.6034011540534792	NS	1	Kidney
Kidney	cRNA_0257	chr16:94184771-94186282	JNC-JNC	ENSMUSG00000040785.20	protein_coding	Ttc3	UP	mmu-Ttc3_0030	NA	MMU_CIRCpedia_34777	3	1.1380090082518597	0.02162579759807266	3.082981909738093	-0.06803417710651904	0.5607983421231997	NS	1	Kidney
Kidney	cRNA_0262	chr15:4076947-4089478	JNC-JNC	ENSMUSG00000022186.15	protein_coding	Oxct1	UP	mmu-Oxct1_0001	mm9_circ_000453	MMU_CIRCpedia_19364	4	1.380834216577051	6.87582094440857e-7	5.878459481055305	-1.2433445829966976	3.5065336192943763e-28	DOWN	2	Heart, Kidney
Kidney	cRNA_0269	chr15:55072127-55081669	JNC-JNC	ENSMUSG00000022419.17	protein_coding	Deptor	UP	mmu-Deptor_0001	NA	MMU_CIRCpedia_23097	3	1.1862276510138945	0.01155174642925684	3.3020163747868754	-0.053703385662173864	0.6787209344413893	NS	1	Kidney
Kidney	cRNA_0273	chr15:72871821-72903492	JNC-JNC	ENSMUSG00000047921.19	protein_coding	Trappc9	UP	mmu-Trappc9_0019	NA	MMU_CIRCpedia_28258	4	1.082778929208147	6.833574646805093e-4	4.251725754527455	-0.49943906199046445	0.0011046703062925383	DOWN	1	Kidney
Kidney	cRNA_0311	chr14:57971335-57971875	FULLEX	ENSMUSG00000021959.17	protein_coding	Lats2	UP	mmu-Lats2_0001	NA	MMU_CIRCpedia_23936	4	1.3851555215935296	0.030385190067905882	2.913084383502648	-0.10296077243341382	0.4200316622222965	NS	2	Ileon, Kidney
Kidney	cRNA_0336	chr18:39230683-39244953	JNC-JNC	ENSMUSG00000036452.19	protein_coding	Arhgap26	UP	mmu-Arhgap26_0012	mm9_circ_018468	MMU_CIRCpedia_19041	4	1.222744820287625	0.00145194744039149	4.0293884948033085	-0.4187481332124093	9.360008597187096e-5	DOWN	2	Ileon, Kidney
Kidney	cRNA_0374	chr19:57740062-57766377	JNC-JNC	ENSMUSG00000054843.10	protein_coding	Atrnl1	UP	mmu-Atrnl1_0023,mmu-Atrnl1_0152	mm9_circ_018381	MMU_CIRCpedia_23942	3	0.9588792627537028	0.0305123844079318	2.9340319405668134	-0.2645017979360512	0.042122889964183834	DOWN	1	Kidney
Kidney	cRNA_0375	chr19:57740062-57785935	JNC-JNC	ENSMUSG00000054843.10	protein_coding	Atrnl1	UP	mmu-Atrnl1_0022,mmu-Atrnl1_0147	mm9_circ_006555	MMU_CIRCpedia_23943	3	0.9039186022969684	0.041206167693505	2.738459704779889	-0.2645017979360512	0.042122889964183834	DOWN	1	Kidney
Kidney	cRNA_0382	chr7:46499602-46500482	JNC-JNC	ENSMUSG00000063229.16	protein_coding	Ldha	UP	mmu-Ldha_0003	NA	MMU_CIRCpedia_20984	4	1.9204359307072585	0.00996232085787132	3.4765710051620826	-0.7049579758415452	4.2178623254640757e-7	DOWN	1	Kidney
Kidney	cRNA_0432	chr6:31426431-31436002	JNC-JNC	ENSMUSG00000025609.16	protein_coding	Mkln1	UP	mmu-Mkln1_0038	NA	MMU_CIRCpedia_16143	3	1.047246142048571	0.0319211484963318	2.9060230952560153	-0.002911719339816707	0.9564597414213712	NS	1	Kidney
Kidney	cRNA_0470	chr6:134518615-134519008	FULLEX	ENSMUSG00000030201.16	protein_coding	Lrp6	UP	mmu-Lrp6_0008	NA	MMU_CIRCpedia_8121	4	1.0067553420102886	0.02226548449883386	3.047270137118536	0.033632011512251106	0.7967607407838818	NS	1	Kidney
Kidney	cRNA_0482	chr5:25552359-25558406	JNC-JNC	ENSMUSG00000038056.16	protein_coding	Kmt2c	UP	mmu-Kmt2c_0018	NA	MMU_CIRCpedia_14487	4	1.2099619056115225	0.00454442656409113	3.875696546988057	0.11608798794195563	0.3083106847630169	NS	2	Heart, Kidney
Kidney	cRNA_0490	chr5:32977210-32993032	JNC-JNC	ENSMUSG00000054280.15	protein_coding	Prr14l	DOWN	mmu-Prr14l_0004	mm9_circ_006147	MMU_CIRCpedia_16668	3	-0.46702223000877136	0.01064786648195519	-3.3692443931513134	-0.18105621830593657	0.2043072374900215	NS	1	Kidney
Kidney	cRNA_0492	chr5:36676617-36682392	JNC-JNC	ENSMUSG00000029192.18	protein_coding	Tbc1d14	UP	mmu-Tbc1d14_0001	mm9_circ_004797	MMU_CIRCpedia_18119	3	0.42322611898911033	0.04444089827633668	2.7085481665720437	-0.2656642603033344	0.14728659096574429	NS	1	Kidney
Kidney	cRNA_0511	chr5:89232501-89327703	JNC-JNC	ENSMUSG00000060961.17	protein_coding	Slc4a4	UP	mmu-Slc4a4_0047	NA	MMU_CIRCpedia_225302	3	0.6050198049945104	0.03161359471516603	2.8765135734103735	0.18242285546057557	0.21848562301034016	NS	1	Kidney
Kidney	cRNA_0533	chr5:121910730-121916168	JNC-JNC	ENSMUSG00000042605.17	protein_coding	Atxn2	UP	mmu-Atxn2_0004	mm9_circ_016398	MMU_CIRCpedia_5594	4	1.4265371644352938	0.00429853989993581	3.699040714570505	-0.09718472710119935	0.6506033019653003	NS	1	Kidney
Kidney	cRNA_0538	chr5:135150360-135152871	JNC-JNC	ENSMUSG00000005373.14	protein_coding	Mlxipl	DOWN	mmu-Mlxipl_0001	NA	MMU_CIRCpedia_8211	3	-0.6677718205215716	0.00132999002109022	-4.04516965821641	-0.12390096125968258	0.44363461927639436	NS	2	Kidney, Liver
Kidney	cRNA_0574	chr4:84209930-84211899	FULLEX	ENSMUSG00000028487.19	protein_coding	Bnc2	UP	mmu-Bnc2_0004	mm9_circ_017382	MMU_CIRCpedia_31591	4	0.9242860513738874	0.00891653012693954	3.4299021716344757	0.06854728848115321	0.6461948366719411	NS	1	Kidney
Kidney	cRNA_0584	chr4:108574986-108584742	JNC-JNC	ENSMUSG00000034557.15	protein_coding	Zfyve9	DOWN	mmu-Zfyve9_0032	mm9_circ_005300	MMU_CIRCpedia_2501	3	-0.5411267933908208	0.02346754997795038	-3.008354256730996	-0.04702327631638233	0.4003856833994165	NS	1	Colon
Kidney	cRNA_0584	chr4:108574986-108584742	JNC-JNC	ENSMUSG00000034557.15	protein_coding	Zfyve9	DOWN	mmu-Zfyve9_0032	mm9_circ_005300	MMU_CIRCpedia_2501	3	-0.5411267933908208	0.02346754997795038	-3.008354256730996	-0.04702327631638233	0.4003856833994165	NS	1	Kidney
Kidney	cRNA_0642	chr3:121021959-121029413	JNC-JNC	ENSMUSG00000028132.16	protein_coding	Tlcd4	UP	mmu-Tmem56_0002	NA	MMU_CIRCpedia_5375	3	0.5446868916117925	0.03168952744169506	2.869122489491026	-0.24225572573821275	0.08267173156632968	DOWN	1	Kidney
Kidney	cRNA_0645	chr3:122575216-122611716	JNC-JNC	ENSMUSG00000053965.11	protein_coding	Pde5a	UP	mmu-Pde5a_0007	mm9_circ_007474	MMU_CIRCpedia_5887	3	1.4218970538025295	0.01653012700331394	3.1631901307162944	0.24286025722626706	0.11186576119803048	NS	3	Colon, Ileon, Kidney
Kidney	cRNA_0664	chr2:13386569-13463938	JNC-JNC	ENSMUSG00000026726.11	protein_coding	Cubn	UP	mmu-Cubn_0007	NA	NA	4	1.7581322003601223	0.0096492482600633	3.398444257183465	-0.3542901637569029	0.007634735262594721	DOWN	2	Ileon, Kidney
Kidney	cRNA_0665	chr2:13408777-13463938	JNC-JNC	ENSMUSG00000026726.11	protein_coding	Cubn	UP	mmu-Cubn_0001	NA	NA	3	1.2971124519109458	0.04063714129669762	2.745515712722983	-0.3542901637569029	0.007634735262594721	DOWN	2	Ileon, Kidney
Kidney	cRNA_0675	chr2:33150490-33214715	JNC-JNC	ENSMUSG00000038831.17	protein_coding	Ralgps1	UP	mmu-Ralgps1_0003,mmu-Ralgps1_0044	mm9_circ_002760	MMU_CIRCpedia_16821	3	1.5184135995148451	0.00189944442024913	3.963965531394028	-0.38680699475864316	0.002280378962376536	DOWN	2	Kidney, Muscle
Kidney	cRNA_0717	chr2:144096646-144101098	JNC-JNC	ENSMUSG00000027423.16	protein_coding	Snx5	UP	mmu-Snx5_0001,mmu-Snx5_0010	mm9_circ_015445	MMU_CIRCpedia_9461	3	0.9304137561345118	0.03857867051402268	2.777739210812498	-0.18616977318697736	0.01169989989585947	DOWN	1	Kidney
Kidney	cRNA_0760	chr1:74020073-74036263	JNC-JNC	ENSMUSG00000055322.17	protein_coding	Tns1	UP	mmu-Tns1_0020	NA	MMU_CIRCpedia_40011	4	0.861336856102166	0.0082477273684788	3.4750511181245	0.2391063083199957	0.20006336799850793	NS	3	Heart, Kidney, Muscle
Kidney	cRNA_0791	chr1:185118443-185129464	JNC-JNC	ENSMUSG00000026615.15	protein_coding	Eprs	UP	mmu-Eprs_0019,mmu-Eprs_0023	mm9_circ_005659	MMU_CIRCpedia_12532	4	1.2229749728757362	0.00417843897870941	3.777270710133585	-0.11962521095207078	0.07034214415616999	DOWN	1	Kidney
Kidney	cRNA_0820	chr9:66447344-66455237	JNC-JNC	ENSMUSG00000032376.13	protein_coding	Usp3	UP	mmu-Usp3_0003	NA	MMU_CIRCpedia_26583	3	0.9849506902011596	0.03719123826377404	2.79612909517863	-0.01608336519563021	0.8797849140690763	NS	1	Kidney
Kidney	cRNA_0821	chr9:66447344-66474185	JNC-JNC	ENSMUSG00000032376.13	protein_coding	Usp3	DOWN	mmu-Usp3_0002	mm9_circ_008057	MMU_CIRCpedia_26585	3	-0.5427858860437346	0.0331246010040578	-2.8520219576733936	-0.01608336519563021	0.8797849140690763	NS	1	Kidney
Kidney	cRNA_0822	chr9:66469836-66474185	JNC-JNC	ENSMUSG00000032376.13	protein_coding	Usp3	DOWN	mmu-Usp3_0001	mm9_circ_003144	MMU_CIRCpedia_26596	3	-1.315919473301262	0.0103434841878924	-3.344456944216232	-0.01608336519563021	0.8797849140690763	NS	1	Kidney
Kidney	cRNA_0854	chr8:3308383-3308934	FULLEX	ENSMUSG00000005534.11	protein_coding	Insr	UP	mmu-Insr_0016	NA	MMU_CIRCpedia_16558	4	0.9149488190394844	3.4568298133140106e-4	4.434104507537356	0.09394542210082181	0.6434926556760001	NS	4	Heart, Ileon, Kidney, Muscle
Kidney	cRNA_0855	chr8:8689206-8689489	FULLEX	ENSMUSG00000001300.17	protein_coding	Efnb2	UP	mmu-Efnb2_0001	NA	MMU_CIRCpedia_32422	4	1.4880855430200628	7.031183179430101e-5	4.8958421562243295	0.010456991605174859	0.931513339027716	NS	3	Heart, Ileon, Kidney
Kidney	cRNA_0870	chr8:61782253-61783052	JNC-JNC	ENSMUSG00000031642.10	protein_coding	Sh3rf1	UP	mmu-Sh3rf1_0001	NA	MMU_CIRCpedia_25056	4	0.9496533916353248	0.00298274918906453	3.812791571499019	0.22820019597332847	0.23866651647284284	NS	1	Kidney
Kidney	cRNA_0873	chr8:68746955-68749477	JNC-JNC	ENSMUSG00000053886.5	protein_coding	Sh2d4a	UP	mmu-Sh2d4a_0001	NA	MMU_CIRCpedia_229635	3	1.4643357222914504	0.00743434729251798	3.496905860550915	0.19213687762921725	0.21228595203021428	NS	1	Kidney
Kidney	cRNA_0880	chr8:78071269-78091789	JNC-JNC	ENSMUSG00000037148.9	protein_coding	Arhgap10	UP	mmu-Arhgap10_0012	mm9_circ_015986	MMU_CIRCpedia_29633	4	0.4099217338914352	0.0096492482600633	3.3997244413467342	-0.23781948743057368	0.0036100973492415862	DOWN	1	Kidney
Kidney	cRNA_0887	chr8:85498413-85498944	FULLEX	ENSMUSG00000001911.17	protein_coding	Nfix	DOWN	mmu-Nfix_0002	mm9_circ_002886	MMU_CIRCpedia_31796	4	-0.474237694738579	0.0219265192960741	-3.0390521834405297	-0.05595559405870787	0.6615062712053208	NS	3	Kidney, Liver, Muscle
Kidney	cRNA_0895	chr8:106822796-106835761	JNC-JNC	ENSMUSG00000031902.11	protein_coding	Nfatc3	UP	mmu-Nfatc3_0014	NA	MMU_CIRCpedia_1682	3	0.8835991831726754	0.03319614746798419	2.8499683047151096	0.020748311631802026	0.9058760921845911	NS	1	Kidney
Kidney	cRNA_0951	chr12:102774159-102779102	JNC-JNC	ENSMUSG00000041702.8	protein_coding	Btbd7	UP	mmu-Btbd7_0017	NA	MMU_CIRCpedia_775	4	1.0307057564350042	0.00678083937985504	3.5327871856635946	-0.012354921056724496	0.9252162916320256	NS	1	Kidney
Kidney	cRNA_0959	chr11:46112163-46115032	JNC-JNC	ENSMUSG00000020340.17	protein_coding	Cyfip2	DOWN	mmu-Cyfip2_0005	NA	MMU_CIRCpedia_20828	4	-0.7888783770233008	0.03231223527426061	-2.846960177681825	-0.23461915021614654	0.17691940957043348	NS	1	Kidney
Kidney	cRNA_0984	chr10:75520126-75535929	JNC-JNC	ENSMUSG00000020196.11	protein_coding	Cabin1	DOWN	mmu-Cabin1_0005	mm9_circ_010009	MMU_CIRCpedia_29116	4	-0.7906269570669571	0.04073295934056209	-2.755904974199034	-0.004549431484062676	0.9840051934655892	NS	1	Kidney
Kidney	cRNA_0990	chr10:116773302-116775386	JNC-JNC	ENSMUSG00000064181.7	protein_coding	Rab3ip	UP	mmu-Rab3ip_0010,mmu-Rab3ip_0004	NA	MMU_CIRCpedia_4177	4	0.5418224163351879	0.00919361842750757	3.377532926502557	-0.26168563048939975	0.001618539250240051	DOWN	1	Kidney
Kidney	cRNA_1022	chr15:3357456-3487490	JNC-JNC	ENSMUSG00000055737.13	protein_coding	Ghr	UP	mmu-Ghr_0002	NA	MMU_CIRCpedia_39157	3	0.9235279231393732	0.01999406920602843	3.0811000263074217	-0.7369841834748817	1.2442753180828869e-11	DOWN	1	Kidney
Kidney	cRNA_1076	chr18:82686697-82700412	JNC-JNC	ENSMUSG00000041258.19	protein_coding	Zfp236	DOWN	mmu-Zfp236_0001	mm9_circ_002334	MMU_CIRCpedia_31090	3	-0.932468421078576	0.04459969488311938	-2.7061324416959973	0.023815549220267216	0.8255947768368549	NS	1	Kidney
Kidney	cRNA_1090	chr19:42550991-42571982	JNC-JNC	ENSMUSG00000025184.11	protein_coding	R3hcc1l	DOWN	mmu-R3hcc1l_0004	NA	MMU_CIRCpedia_19888	3	-1.1639503083068692	0.04060595214830372	-2.753330806334323	-0.06625266964618154	0.571844670431339	NS	1	Kidney
Kidney	cRNA_1100	chr7:122742973-122762100	JNC-JNC	ENSMUSG00000052707.9	protein_coding	Tnrc6a	UP	mmu-Tnrc6a_0001	NA	MMU_CIRCpedia_5990	3	0.9996827872691804	0.01521202060848475	3.2165509117596867	-0.18491852840015943	0.36045858156106286	NS	1	Kidney
Kidney	cRNA_1107	chr7:137046708-137055343	JNC-JNC	ENSMUSG00000031068.9	protein_coding	Glrx3	UP	mmu-Glrx3_0004	NA	MMU_CIRCpedia_8508	3	1.1644795711942018	0.04523861740855418	2.6974314855058767	0.07897906721608627	0.4707308506128361	NS	1	Kidney
Kidney	cRNA_1136	chr5:25552359-25554938	JNC-JNC	ENSMUSG00000038056.16	protein_coding	Kmt2c	UP	mmu-Kmt2c_0021,mmu-Kmt2c_0074	mm9_circ_001796	MMU_CIRCpedia_14486	4	1.5651430119964522	3.456099866382973e-4	4.457776923927911	0.11608798794195563	0.3083106847630169	NS	1	Kidney
Kidney	cRNA_1144	chr5:89232501-89304461	JNC-JNC	ENSMUSG00000060961.17	protein_coding	Slc4a4	UP	mmu-Slc4a4_0053	NA	MMU_CIRCpedia_33338	3	0.929520316310402	0.03874231243679575	2.775070591594309	0.18242285546057557	0.21848562301034016	NS	1	Kidney
Kidney	cRNA_1152	chr5:122729143-122732751	JNC-JNC	ENSMUSG00000029469.15	protein_coding	Ift81	UP	mmu-Ift81_0003	NA	MMU_CIRCpedia_5830	3	0.9189547670702094	0.04544440482011003	2.693785436207407	0.12351207771903591	0.18569697068005436	NS	1	Kidney
Kidney	cRNA_1189	chr4:117439797-117450359	JNC-JNC	ENSMUSG00000033423.17	protein_coding	Eri3	UP	mmu-Eri3_0019	mm9_circ_017355	MMU_CIRCpedia_4290	3	0.9088493328639682	0.02335665300130824	3.041961274815098	0.04878416831479211	0.6508937220453197	NS	1	Kidney
Kidney	cRNA_1233	chr2:91310658-91312325	JNC-JNC	ENSMUSG00000027253.16	protein_coding	Lrp4	UP	mmu-Lrp4_0004	NA	MMU_CIRCpedia_34088	3	0.973443998553388	0.03432447359173047	2.871186931866964	0.14727047906918345	0.32006060353424604	NS	1	Kidney
Kidney	cRNA_1247	chr2:153162195-153162822	JNC-JNC	ENSMUSG00000027475.10	protein_coding	Kif3b	UP	mmu-Kif3b_0004	NA	MMU_CIRCpedia_10451	4	1.0231512724597462	0.02510771120626067	3.0966158908357366	-0.04292275536027141	0.4828468289692827	NS	1	Kidney
Kidney	cRNA_1251	chr1:5165838-5194692	JNC-JNC	ENSMUSG00000033793.13	protein_coding	Atp6v1h	UP	mmu-Atp6v1h_0005	NA	MMU_CIRCpedia_22000	3	1.3890438636325626	0.04465407690502512	2.731368692924561	-0.22795352488179052	0.0065991339434119485	DOWN	1	Kidney
Kidney	cRNA_1273	chr1:128079481-128081136	JNC-JNC	ENSMUSG00000056211.14	protein_coding	R3hdm1	UP	mmu-R3hdm1_0043	NA	MMU_CIRCpedia_7084	4	1.062160979351758	0.02580696453196302	2.9775719149179385	-0.0055014799678991646	0.9761009059063678	NS	1	Kidney
Kidney	cRNA_1286	chr1:190603789-190604148	FULLEX	ENSMUSG00000089872.11	protein_coding	Rps6kc1	UP	mmu-Rps6kc1_0015	NA	MMU_CIRCpedia_12646	4	1.2863071990195691	0.03055217435362055	2.870612629757759	-0.6784004514420454	1.6551257702788127e-4	DOWN	1	Kidney
Kidney	cRNA_1289	chr9:6967080-6994146	JNC-JNC	ENSMUSG00000047193.17	protein_coding	Dync2h1	UP	mmu-Dync2h1_0015	NA	MMU_CIRCpedia_27237	3	1.2035560175458135	0.01222314911770272	3.2799090898036978	0.13644781861910693	0.3471080162066113	NS	1	Kidney
Kidney	cRNA_1298	chr9:44735622-44738256	JNC-JNC	ENSMUSG00000002028.14	protein_coding	Kmt2a	UP	mmu-Kmt2a_0008,mmu-Kmt2a_0051	NA	MMU_CIRCpedia_20404	3	1.0374872557851098	0.02953616360549884	2.904939848564168	0.10601981502614352	0.6284562959341574	NS	1	Kidney
Kidney	cRNA_1311	chr9:78464739-78468088	JNC-JNC	ENSMUSG00000049624.15	protein_coding	Slc17a5	UP	mmu-Slc17a5_0011	NA	MMU_CIRCpedia_29939	4	1.5267083969267945	0.00275211518243246	3.838062935908707	-0.11702604596321291	0.1570645426977619	NS	2	Heart, Kidney
Kidney	cRNA_1371	chr11:23231306-23232726	JNC-JNC	ENSMUSG00000020290.15	protein_coding	Xpo1	UP	mmu-Xpo1_0022	NA	MMU_CIRCpedia_13740	3	1.8063723677266783	0.0377412800869813	2.7874559346362995	-0.22069845718879935	0.013968719588167658	DOWN	1	Kidney
Kidney	cRNA_1421	chr19:42550991-42552780	FULLEX	ENSMUSG00000025184.11	protein_coding	R3hcc1l	DOWN	mmu-R3hcc1l_0002	mm9_circ_011137	MMU_CIRCpedia_19886	4	-0.9431089411232808	0.01835576542574934	-3.131706225260318	-0.06625266964618154	0.571844670431339	NS	4	Colon, Ileon, Kidney, Liver
Kidney	cRNA_1422	chr19:42550991-42564640	JNC-JNC	ENSMUSG00000025184.11	protein_coding	R3hcc1l	DOWN	mmu-R3hcc1l_0003	NA	MMU_CIRCpedia_19887	3	-1.2456022088511067	5.505511679850593e-7	-5.946888136924844	-0.06625266964618154	0.571844670431339	NS	1	Kidney
Kidney	cRNA_1440	chr6:3516622-3524175	JNC-JNC	ENSMUSG00000001376.18	protein_coding	Vps50	UP	mmu-Ccdc132_0025	mm9_circ_017180	MMU_CIRCpedia_17644	3	1.1482985845716334	0.01907344349811483	3.110882038950716	0.008614234747939847	0.9237743836829396	NS	1	Kidney
Kidney	cRNA_1445	chr6:108393771-108417648	JNC-JNC	ENSMUSG00000030102.12	protein_coding	Itpr1	UP	mmu-Itpr1_0010	NA	MMU_CIRCpedia_2320	4	0.5378232063007315	0.01982375323568429	3.082418039295667	-0.11635324067792392	0.3927594374791728	NS	1	Kidney
Kidney	cRNA_1453	chr5:122627301-122629848	JNC-JNC	ENSMUSG00000029467.16	protein_coding	Atp2a2	UP	mmu-Atp2a2_0031	NA	MMU_CIRCpedia_5790	4	1.6357984025396577	1.5883924987061654e-5	5.222186268911746	-0.36834445732412957	0.017211795619857764	DOWN	1	Kidney
Kidney	cRNA_1480	chr3:100539820-100563590	JNC-JNC	ENSMUSG00000008763.17	protein_coding	Man1a2	UP	mmu-Man1a2_0010	NA	MMU_CIRCpedia_234	3	1.47448452632353	7.182141027366253e-4	4.220648951134825	0.017853474649413135	0.8748609288026824	NS	1	Kidney
Kidney	cRNA_1501	chr2:142675997-142691926	JNC-JNC	ENSMUSG00000038844.11	protein_coding	Kif16b	UP	mmu-Kif16b_0042	NA	MMU_CIRCpedia_9255	3	1.312030558155573	0.03582346026539457	2.8148227165615483	-0.04484413236165038	0.67020497941476	NS	1	Kidney
Kidney	cRNA_1508	chr1:66812065-66841327	JNC-JNC	ENSMUSG00000026004.16	protein_coding	Kansl1l	DOWN	mmu-Kansl1l_0021	mm9_circ_016338	MMU_CIRCpedia_26646	4	-0.895108992954087	1.1318452602391688e-4	-4.781303186091994	-0.09589727875646017	0.46188399710227834	NS	1	Kidney
Kidney	cRNA_1567	chr12:4708015-4716326	JNC-JNC	ENSMUSG00000020640.11	protein_coding	Itsn2	UP	mmu-Itsn2_0013	NA	MMU_CIRCpedia_20903	4	1.0033315125651217	0.01980245932581409	3.0748098628098517	0.02304955894537707	0.7394862267639873	NS	1	Kidney
Kidney	cRNA_1573	chr12:51436065-51440693	JNC-JNC	ENSMUSG00000020952.11	protein_coding	Scfd1	UP	mmu-Scfd1_0013	NA	MMU_CIRCpedia_22070	3	1.3593535766977485	0.0042195800140096	3.682042045344633	0.020553067426735135	0.7850170474949113	NS	1	Kidney
Kidney	cRNA_1573	chr12:51436065-51440693	JNC-JNC	ENSMUSG00000020952.11	protein_coding	Scfd1	UP	mmu-Scfd1_0013	NA	MMU_CIRCpedia_22070	3	1.3593535766977485	0.0042195800140096	3.682042045344633	0.020553067426735135	0.7850170474949113	NS	1	Ileon
Kidney	cRNA_1584	chr11:76639334-76645626	JNC-JNC	ENSMUSG00000010392.9	protein_coding	Gosr1	UP	mmu-Gosr1_0001	NA	MMU_CIRCpedia_29416	3	1.5384912205483032	0.0013787572836425	4.025327209935565	0.0431437176749174	0.6985586963870412	NS	1	Kidney
Kidney	cRNA_1615	chr17:51089289-51107223	JNC-JNC	ENSMUSG00000023923.11	protein_coding	Tbc1d5	UP	mmu-Tbc1d5_0008	NA	MMU_CIRCpedia_21937	3	1.8076589647903925	0.00809390986915585	3.505027103964262	0.07440099773693504	0.3812470044605383	NS	1	Kidney
Kidney	cRNA_1761	chr3:97700055-97704124	JNC-JNC	ENSMUSG00000038170.16	protein_coding	Pde4dip	UP	mmu-Pde4dip_0028	NA	MMU_CIRCpedia_35644	3	1.980584253995459	5.979542407950414e-5	4.926347384675785	0.0889757232427389	0.4226389277539165	NS	2	Heart, Kidney
Kidney	cRNA_1838	chr9:54825143-54825530	FULLIN	ENSMUSG00000035878.14	protein_coding	Hykk	UP	mmu-Hykk_0001	NA	NA	3	0.7481362737581585	0.01832057304541954	3.098716425545262	-0.44336084424796873	0.03392831474784167	DOWN	1	Kidney
Kidney	cRNA_1890	chr12:76335655-76337891	JNC-JNC	ENSMUSG00000021048.8	protein_coding	Mthfd1	UP	mmu-Mthfd1_0006	NA	MMU_CIRCpedia_29303	3	1.424703892979554	0.01627677768323304	3.1694294026397163	0.017517727326019767	0.7921644814367673	NS	1	Kidney
Kidney	cRNA_1907	chr6:23107139-23122736	JNC-JNC	ENSMUSG00000029695.14	protein_coding	Aass	DOWN	mmu-Aass_0001	NA	MMU_CIRCpedia_13680	4	-0.3241701807660946	0.0086783362792121	-3.4456241912700314	-0.0058334094883423365	0.9656809576877732	NS	1	Kidney
Kidney	cRNA_1994	chr5:36676617-36729381	JNC-JNC	ENSMUSG00000029192.18	protein_coding	Tbc1d14	UP	mmu-Tbc1d14_0004	NA	MMU_CIRCpedia_18121	3	1.2900245331869002	0.00344476741482482	3.7826299004962385	-0.2656642603033344	0.14728659096574429	NS	1	Kidney
Kidney	cRNA_2012	chr7:98628843-98653913	JNC-JNC	ENSMUSG00000035354.10	protein_coding	Uvrag	UP	mmu-Uvrag_0007	NA	MMU_CIRCpedia_35963	3	1.6619449404307356	0.02819324670901615	2.961394873017711	0.15161192313261324	0.11895337288094815	NS	1	Kidney
Kidney	cRNA_2030	chr6:142091364-142106838	JNC-JNC	ENSMUSG00000079262.4	protein_coding	Slco1a6	UP	mmu-Slco1a6_0010	NA	NA	3	1.1390392637646816	0.01995266099924163	3.085773928747519	-0.2866262664447263	0.05947923903733418	DOWN	1	Kidney
Kidney	cRNA_2032	chr4:96204536-96228238	JNC-JNC	ENSMUSG00000066097.7	protein_coding	Cyp2j11	UP	mmu-Cyp2j11_0006	NA	NA	3	0.8515634440669295	0.00214392191646141	3.8980879572877303	-0.4754097156915973	1.3623359756880502e-5	DOWN	1	Kidney
Kidney	cRNA_2036	chr2:125011333-125032265	JNC-JNC	ENSMUSG00000027202.13	protein_coding	Slc12a1	DOWN	mmu-Slc12a1_0032	NA	NA	3	-0.874669049572821	4.573341299347069e-5	-4.9558059996620845	0.46496505910885483	2.2579530457207654e-6	UP	1	Kidney
Kidney	cRNA_2868	chr18:38253170-38276380	UNKNOWN	NA	NA	NA	UP	mmu-intergenic_001116	NA	NA	3	1.3066860626369616	0.03425953104406679	2.8754062027743443	NA	NA	NS	1	Kidney
Kidney	cRNA_3201	chr11:55116792-55124482	JNC-EX	ENSMUSG00000020261.16	protein_coding	Slc36a1	UP	mmu-Slc36a1_0001	NA	NA	3	1.517586202121041	1.3959969786183317e-4	4.664881014718962	-0.6879141320987152	6.255410620371912e-4	DOWN	1	Kidney
Liver	cRNA_0044	chr13:101893834-101894547	FULLEX	ENSMUSG00000041417.16	protein_coding	Pik3r1	DOWN	mmu-Pik3r1_0005	NA	MMU_CIRCpedia_568	4	-1.150058289821804	0.00781537745188308	-3.4896512320747837	0.15775208234062177	0.5383997824285724	NS	1	Muscle
Liver	cRNA_0044	chr13:101893834-101894547	FULLEX	ENSMUSG00000041417.16	protein_coding	Pik3r1	DOWN	mmu-Pik3r1_0005	NA	MMU_CIRCpedia_568	4	-1.150058289821804	0.00781537745188308	-3.4896512320747837	0.15775208234062177	0.5383997824285724	NS	1	Liver
Liver	cRNA_0066	chr12:51819057-51819488	JNC-JNC	ENSMUSG00000035247.17	protein_coding	Hectd1	DOWN	mmu-Hectd1_0024	mm9_circ_008488	MMU_CIRCpedia_22192	4	-1.3724001836837822	0.0013028100484256	-4.100212186564275	0.2407749089575496	0.004227265738349786	UP	1	Liver
Liver	cRNA_0078	chr12:82387436-82389273	FULLEX	ENSMUSG00000042700.17	protein_coding	Sipa1l1	UP	mmu-Sipa1l1_0031	mm9_circ_007155	MMU_CIRCpedia_31036	3	1.148435032455174	0.00349564282254257	3.7918998761626024	-0.40040174022051506	1.6398522305513957e-6	DOWN	4	Colon, Ileon, Kidney, Liver
Liver	cRNA_0086	chr12:99307681-99355176	JNC-JNC	ENSMUSG00000033713.13	protein_coding	Foxn3	DOWN	mmu-Foxn3_0007	NA	MMU_CIRCpedia_36124	3	-1.238169698997068	0.00671157141748651	-3.563397476183283	0.021046575155738597	0.8490750717934965	NS	1	Liver
Liver	cRNA_0094	chr12:111559011-111584817	JNC-JNC	ENSMUSG00000007411.17	protein_coding	Mark3	DOWN	mmu-Mark3_0013	mm9_circ_011801	MMU_CIRCpedia_3204	3	-0.9789589471397626	0.01282814549745914	-3.329076162075397	0.18600983411258096	0.012897587510725023	UP	1	Kidney
Liver	cRNA_0094	chr12:111559011-111584817	JNC-JNC	ENSMUSG00000007411.17	protein_coding	Mark3	DOWN	mmu-Mark3_0013	mm9_circ_011801	MMU_CIRCpedia_3204	3	-0.9789589471397626	0.01282814549745914	-3.329076162075397	0.18600983411258096	0.012897587510725023	UP	1	Liver
Liver	cRNA_0097	chr12:111824644-111838867	JNC-JNC	ENSMUSG00000021285.16	protein_coding	Ppp1r13b	DOWN	mmu-Ppp1r13b_0003	mm9_circ_012091	MMU_CIRCpedia_3259	3	-0.967072245040014	0.03519406865582179	-2.8994813400847184	-0.022447280965700638	0.8765744227826512	NS	1	Liver
Liver	cRNA_0234	chr16:13515197-13516939	JNC-JNC	ENSMUSG00000022684.16	protein_coding	Bfar	UP	mmu-Bfar_0002	mm9_circ_009604	MMU_CIRCpedia_8487	4	1.4202276057443757	0.00286538427217247	3.873641999737372	-0.01153152092151759	0.8930231399727754	NS	5	Colon, Ileon, Kidney, Liver, Muscle
Liver	cRNA_0240	chr16:32770662-32782114	JNC-JNC	ENSMUSG00000022801.14	protein_coding	Lrch3	DOWN	mmu-Lrch3_0004	mm9_circ_007087	MMU_CIRCpedia_16720	3	-0.5775560868144383	0.03889342504345123	-2.8204981856404108	0.37882200258808646	5.8592404263847764e-5	UP	2	Colon, Liver
Liver	cRNA_0252	chr16:70230433-70238207	JNC-JNC	ENSMUSG00000022707.17	protein_coding	Gbe1	DOWN	mmu-Gbe1_0012,mmu-Gbe1_0019,mmu-Gbe1_0015	NA	MMU_CIRCpedia_27487	4	-0.6112238707692945	0.01114677454484316	-3.3610613254447115	-0.10661196241927448	0.6054669004964663	NS	1	Liver
Liver	cRNA_0266	chr15:41660870-41689448	JNC-JNC	ENSMUSG00000022307.17	protein_coding	Oxr1	DOWN	mmu-Oxr1_0018	NA	MMU_CIRCpedia_19726	3	-1.214432582332085	3.805508058409133e-4	-4.437643117348475	-0.07742237738169562	0.3336813926735927	NS	1	Liver
Liver	cRNA_0325	chr18:10574875-10586041	JNC-JNC	ENSMUSG00000024293.17	protein_coding	Esco1	DOWN	mmu-Esco1_0002	NA	MMU_CIRCpedia_1548	3	-1.3948427196119642	0.00949539810607396	-3.44393804627582	0.28608968843672916	0.010537431856716541	UP	2	Liver, Muscle
Liver	cRNA_0386	chr7:67347972-67361251	JNC-JNC	ENSMUSG00000030555.17	protein_coding	Ttc23	DOWN	mmu-Ttc23_0005	NA	MMU_CIRCpedia_26833	3	-1.677402907697011	2.8679554121036413e-4	-4.51097330047023	0.259744809483741	0.17353431235195363	NS	1	Liver
Liver	cRNA_0404	chr7:113657775-113659654	JNC-JNC	ENSMUSG00000055723.7	protein_coding	Rras2	DOWN	mmu-Rras2_0001	mm9_circ_001286	MMU_CIRCpedia_3654	4	-1.0417072584087537	0.02099649994183604	-3.149152007003305	-0.12833207883505418	0.12443059164224399	NS	1	Liver
Liver	cRNA_0514	chr5:96276802-96281991	JNC-JNC	ENSMUSG00000034724.19	protein_coding	Cnot6l	DOWN	mmu-Cnot6l_0021	NA	MMU_CIRCpedia_35298	3	-1.085336364610059	0.00241633807527839	-3.9152580034101456	0.02290754771752342	0.7080716251917052	NS	1	Liver
Liver	cRNA_0538	chr5:135150360-135152871	JNC-JNC	ENSMUSG00000005373.14	protein_coding	Mlxipl	DOWN	mmu-Mlxipl_0001	NA	MMU_CIRCpedia_8211	4	-1.3290636541932452	3.367073574458693e-5	-5.572325426718523	-0.29780671574188583	0.11789091578090027	NS	2	Kidney, Liver
Liver	cRNA_0592	chr4:129211441-129216662	JNC-JNC	ENSMUSG00000057236.11	protein_coding	Rbbp4	DOWN	mmu-Rbbp4_0003	NA	MMU_CIRCpedia_7348	3	-1.2099356847556288	0.0410190216980643	-2.784198980099825	-0.0934332039022992	0.3452783997150503	NS	1	Liver
Liver	cRNA_0676	chr2:34322015-34334418	JNC-JNC	ENSMUSG00000038696.15	protein_coding	Mapkap1	DOWN	mmu-Mapkap1_0003	NA	MMU_CIRCpedia_17321	4	-0.9576824641446392	0.01681694543707563	-3.211688040283919	0.009332477983222362	0.9453826830615429	NS	1	Liver
Liver	cRNA_0726	chr2:157877916-157900747	JNC-JNC	ENSMUSG00000027651.17	protein_coding	Rprd1b	DOWN	mmu-Rprd1b_0009	mm9_circ_016411	MMU_CIRCpedia_10889	3	-0.989072415333942	0.0353775719272242	-2.870825982210087	-0.011908135950280152	0.9018241895582243	NS	1	Liver
Liver	cRNA_0739	chr1:7190418-7190839	FULLEX	ENSMUSG00000051285.18	protein_coding	Pcmtd1	UP	mmu-Pcmtd1_0002	NA	MMU_CIRCpedia_27728	3	1.058181192550474	0.02805152820443754	2.9986230418854927	-0.181260068378643	0.0051479627922215426	DOWN	3	Ileon, Kidney, Liver
Liver	cRNA_0762	chr1:87291826-87307730	JNC-JNC	ENSMUSG00000048000.16	protein_coding	Gigyf2	DOWN	mmu-Gigyf2_0038,mmu-Gigyf2_0059	mm9_circ_010385	MMU_CIRCpedia_32803	3	-0.756110199676491	0.00169998834618411	-4.005762427160989	0.3847160982886997	0.001979778439780935	UP	1	Liver
Liver	cRNA_0887	chr8:85498413-85498944	FULLEX	ENSMUSG00000001911.17	protein_coding	Nfix	DOWN	mmu-Nfix_0002	mm9_circ_002886	MMU_CIRCpedia_31796	4	-0.9409085130202496	2.8558791998669785e-8	-6.509085653171457	0.011415031547950483	0.9383609942790923	NS	3	Kidney, Liver, Muscle
Liver	cRNA_0922	chr13:69661009-69664022	JNC-JNC	ENSMUSG00000034575.15	protein_coding	Tent4a	DOWN	mmu-Papd7_0003	mm9_circ_006518	MMU_CIRCpedia_27193	3	-1.1383835886999814	0.02487935385357776	-3.089806962783325	0.25923070676479154	0.0018200423887601196	UP	1	Liver
Liver	cRNA_0971	chr11:93795985-93803284	JNC-JNC	ENSMUSG00000059474.14	protein_coding	Mbtd1	DOWN	mmu-Mbtd1_0018,mmu-Mbtd1_0017	mm9_circ_012849	MMU_CIRCpedia_34642	4	-1.401675709042312	0.02333939257794657	-3.2537742054432908	0.5463642436141324	4.637209167957975e-5	UP	1	Liver
Liver	cRNA_0994	chr17:5090855-5177299	JNC-JNC	ENSMUSG00000069729.15	protein_coding	Arid1b	DOWN	mmu-Arid1b_0002	NA	MMU_CIRCpedia_21839	4	-1.7418222467593223	3.8510547067438587e-4	-4.426766302916745	0.008724642364063976	0.9574572983551142	NS	1	Liver
Liver	cRNA_1164	chr4:8169596-8189392	JNC-JNC	ENSMUSG00000041261.10	protein_coding	Car8	UP	mmu-Car8_0004	NA	MMU_CIRCpedia_30916	3	1.0037813711849146	0.03880307339368297	2.827885641973104	-0.09382388554799542	0.6075796704004942	NS	1	Liver
Liver	cRNA_1368	chr12:99257496-99355176	JNC-JNC	ENSMUSG00000033713.13	protein_coding	Foxn3	DOWN	mmu-Foxn3_0006	NA	MMU_CIRCpedia_36119	3	-1.20058705264634	6.92075835495672e-4	-4.264641751189985	0.021046575155738597	0.8490750717934965	NS	1	Liver
Liver	cRNA_1421	chr19:42550991-42552780	FULLEX	ENSMUSG00000025184.11	protein_coding	R3hcc1l	DOWN	mmu-R3hcc1l_0002	mm9_circ_011137	MMU_CIRCpedia_19886	4	-1.6203168812011086	2.3001719790942455e-5	-5.104271950632986	0.24852678543789544	0.14446122779112258	NS	4	Colon, Ileon, Kidney, Liver
Liver	cRNA_1568	chr12:4812327-4814147	JNC-JNC	ENSMUSG00000050545.11	protein_coding	Fam228b	DOWN	mmu-Fam228b_0001	NA	MMU_CIRCpedia_21132	3	-1.412798755119992	0.00623757826366776	-3.590904450404145	-0.5041533361794059	0.14085908945635278	NS	1	Liver
Liver	cRNA_1614	chr17:10457822-10501910	JNC-JNC	ENSMUSG00000062078.16	protein_coding	Qki	DOWN	mmu-Qk_0016	NA	MMU_CIRCpedia_706	3	-1.1958163879241075	0.04324934902522461	-2.7597944556210647	-0.007676889055661138	0.9191225754434649	NS	1	Liver
Liver	cRNA_1699	chr6:31116664-31158084	JNC-JNC	ENSMUSG00000044471.14	lncRNA	Lncpint	DOWN	mmu-Lincpint_0002	mm9_circ_015175	NA	3	-0.8825040310862109	0.02706692407370595	-3.025114458310993	0.954183522892376	0.0029973676088728436	UP	1	Liver
Liver	cRNA_1712	chr6:144062170-144100949	JNC-JNC	ENSMUSG00000041540.17	protein_coding	Sox5	DOWN	mmu-Sox5_0013	NA	MMU_CIRCpedia_9444	3	-0.7602668672846222	0.03873284223807482	-2.8362092203192772	0.061480012641485095	0.7914926507847595	NS	1	Liver
Liver	cRNA_1917	chr4:72075700-72089007	JNC-JNC	ENSMUSG00000008305.19	protein_coding	Tle1	DOWN	mmu-Tle1_0004	NA	NA	3	-1.458917845059133	0.01021146789223573	-3.4186241106756565	0.22183952505013693	0.21954042992495038	NS	1	Liver
Liver	cRNA_1929	chr1:7190418-7217963	JNC-JNC	ENSMUSG00000051285.18	protein_coding	Pcmtd1	UP	mmu-Pcmtd1_0003	NA	MMU_CIRCpedia_27729	3	1.1414857370308904	0.02549005377766534	3.0515712393719467	-0.181260068378643	0.0051479627922215426	DOWN	2	Kidney, Liver
Liver	cRNA_2001	chr2:104560529-104560919	FULLEX	ENSMUSG00000027173.8	protein_coding	Depdc7	DOWN	mmu-Depdc7_0001	NA	MMU_CIRCpedia_1333	3	-1.309847656726604	0.03731217849253396	-2.880406678969065	-0.39073469260453453	0.12603715699729293	NS	1	Liver
Liver	cRNA_2637	chr12:29005288-29013340	UNKNOWN	NA	NA	NA	DOWN	mmu-intergenic_001452	NA	NA	3	-1.991049258456464	2.515807444419247e-6	-5.7637738516899315	NA	NA	NS	1	Liver
Liver	cRNA_3567	chr19:40141975-40156067	EX-JNC	ENSMUSG00000060613.11	protein_coding	Cyp2c70	UP	mmu-Cyp2c70_0002	NA	NA	3	1.0230505875573075	0.02218453257849185	3.1162983978224097	-0.19473151954716383	0.31629951426705044	NS	1	Liver
Muscle	cRNA_0029	chr13:41492053-41492496	FULLEX	ENSMUSG00000021365.16	protein_coding	Nedd9	UP	mmu-Nedd9_0001	NA	MMU_CIRCpedia_19616	4	1.69460397427193	0.00257645611272583	3.960413979706256	-0.6337778676581477	0.011849457261244364	DOWN	4	Colon, Heart, Kidney, Muscle
Muscle	cRNA_0033	chr13:55381708-55395890	JNC-JNC	ENSMUSG00000021488.9	protein_coding	Nsd1	DOWN	mmu-Nsd1_0028	mm9_circ_000476	MMU_CIRCpedia_23107	4	-0.8732677292691877	0.01020912063341466	-3.5256304027045613	0.34210881108636476	7.560852763169672e-6	UP	1	Muscle
Muscle	cRNA_0043	chr13:98402659-98409360	JNC-JNC	ENSMUSG00000021661.17	protein_coding	Ankra2	DOWN	mmu-Ankra2_0001	NA	MMU_CIRCpedia_35770	3	-2.011000247939666	0.00143226568343636	-4.190017192162535	-0.10678493437155913	0.2845246953822713	NS	1	Muscle
Muscle	cRNA_0157	chr10:12496935-12564171	JNC-JNC	ENSMUSG00000019820.12	protein_coding	Utrn	UP	mmu-Utrn_0030	NA	MMU_CIRCpedia_6626	4	1.388891993152347	0.04096204971586383	2.915271548010754	0.01768453320088477	0.8918991407915892	NS	1	Muscle
Muscle	cRNA_0164	chr10:31393380-31410892	JNC-JNC	ENSMUSG00000063760.10	protein_coding	Rnf217	UP	mmu-Rnf217_0005	mm9_circ_015992	MMU_CIRCpedia_16173	3	1.2022819881604614	0.03454422855218728	3.005921309354404	-0.11862388207187545	0.24094518446973337	NS	1	Muscle
Muscle	cRNA_0183	chr10:93100742-93101542	FULLEX	ENSMUSG00000008398.17	protein_coding	Elk3	UP	mmu-Elk3_0001	NA	MMU_CIRCpedia_34488	4	1.315763084365964	0.02648312071893244	3.132751601184247	-0.6661619209781995	5.057794847565392e-5	DOWN	1	Muscle
Muscle	cRNA_0234	chr16:13515197-13516939	JNC-JNC	ENSMUSG00000022684.16	protein_coding	Bfar	UP	mmu-Bfar_0002	mm9_circ_009604	MMU_CIRCpedia_8487	4	1.7227668465055672	0.00157827539017112	4.11543553858234	0.030154785954736925	0.763563410255898	NS	5	Colon, Ileon, Kidney, Liver, Muscle
Muscle	cRNA_0278	chr15:88695500-88696362	JNC-JNC	ENSMUSG00000035845.18	protein_coding	Alg12	UP	mmu-Alg12_0001	mm9_circ_017350	MMU_CIRCpedia_33206	4	0.8145367230830176	0.01614263167966004	3.298351534033063	0.03741417516306127	0.8227822477091891	NS	1	Muscle
Muscle	cRNA_0320	chr14:120562206-120562824	FULLEX	ENSMUSG00000022139.18	protein_coding	Mbnl2	UP	mmu-Mbnl2_0008	NA	MMU_CIRCpedia_5057	4	1.1624343055042097	0.00917906428804832	3.556023133569176	-0.04281188377042764	0.7601596695933176	NS	4	Colon, Heart, Kidney, Muscle
Muscle	cRNA_0325	chr18:10574875-10586041	JNC-JNC	ENSMUSG00000024293.17	protein_coding	Esco1	DOWN	mmu-Esco1_0002	NA	MMU_CIRCpedia_1548	3	-1.1152558045706906	0.04330992298824987	-2.8786502393497413	0.018416816021865273	0.8936175260292889	NS	2	Liver, Muscle
Muscle	cRNA_0410	chr7:120651310-120656622	JNC-JNC	ENSMUSG00000030876.8	protein_coding	Mettl9	UP	mmu-Mettl9_0005	mm9_circ_008117	MMU_CIRCpedia_5314	3	0.9201419492416918	0.01883241926775756	3.2792996808097175	0.10458214444745628	0.6147359208428291	NS	3	Colon, Kidney, Muscle
Muscle	cRNA_0424	chr6:22132228-22145686	JNC-JNC	ENSMUSG00000062980.16	protein_coding	Cped1	DOWN	mmu-Cped1_0001	mm9_circ_015231	MMU_CIRCpedia_13458	4	-0.4877764226910062	0.00770330065234452	-3.6200417040887536	0.2796328106293823	0.016651519687406982	UP	1	Heart
Muscle	cRNA_0424	chr6:22132228-22145686	JNC-JNC	ENSMUSG00000062980.16	protein_coding	Cped1	DOWN	mmu-Cped1_0001	mm9_circ_015231	MMU_CIRCpedia_13458	4	-0.4877764226910062	0.00770330065234452	-3.6200417040887536	0.2796328106293823	0.016651519687406982	UP	1	Muscle
Muscle	cRNA_0666	chr2:14293798-14299755	JNC-JNC	ENSMUSG00000026712.4	protein_coding	Mrc1	DOWN	mmu-Mrc1_0002	NA	MMU_CIRCpedia_9264	3	-0.7468723875682698	0.00164032232024371	-4.088619648409319	-0.2175608338474176	0.2527760132420988	NS	1	Muscle
Muscle	cRNA_0675	chr2:33150490-33214715	JNC-JNC	ENSMUSG00000038831.17	protein_coding	Ralgps1	UP	mmu-Ralgps1_0003,mmu-Ralgps1_0044	mm9_circ_002760	MMU_CIRCpedia_16821	3	1.6533101291180954	0.00444683336550686	3.789380791160277	-0.16277862435370627	0.28412275800909165	NS	2	Kidney, Muscle
Muscle	cRNA_0725	chr2:157877916-157892133	JNC-JNC	ENSMUSG00000027651.17	protein_coding	Rprd1b	DOWN	mmu-Rprd1b_0008	NA	MMU_CIRCpedia_10888	3	-0.9651814731234728	0.04634723300064809	-2.8207814724219777	0.2459313477526342	0.028202392082227107	UP	1	Muscle
Muscle	cRNA_0728	chr2:165890375-165893626	JNC-JNC	ENSMUSG00000027678.18	protein_coding	Ncoa3	UP	mmu-Ncoa3_0001	NA	MMU_CIRCpedia_39954	3	1.093221011496175	0.02265204855313148	3.1903301288709907	-0.283885318681755	0.030582699441889558	DOWN	2	Colon, Muscle
Muscle	cRNA_0803	chr9:41968567-41983642	JNC-JNC	ENSMUSG00000049313.9	protein_coding	Sorl1	UP	mmu-Sorl1_0006	NA	MMU_CIRCpedia_19786	3	1.5035757500293427	0.00471847156783883	3.784208660586193	0.02914657221639233	0.8676335183139966	NS	1	Muscle
Muscle	cRNA_0816	chr9:63523968-63526513	JNC-JNC	ENSMUSG00000037257.9	protein_coding	Aagab	DOWN	mmu-Aagab_0002	mm9_circ_005795	MMU_CIRCpedia_25619	4	-1.437908833792427	0.00452949648627331	-3.7845407315119632	0.18205365437943524	0.13693125670239628	NS	2	Liver, Muscle
Muscle	cRNA_0817	chr9:64632784-64635711	JNC-JNC	ENSMUSG00000004771.13	protein_coding	Rab11a	DOWN	mmu-Rab11a_0003	NA	MMU_CIRCpedia_25914	3	-0.9942449961271548	0.04547971584550085	-2.853256661543776	-0.06564211384725128	0.562767177756103	NS	1	Muscle
Muscle	cRNA_0856	chr8:13186796-13192598	JNC-JNC	ENSMUSG00000031446.15	protein_coding	Cul4a	DOWN	mmu-Cul4a_0002	mm9_circ_002139	MMU_CIRCpedia_7695	3	-1.218495789236219	0.0141632576815382	-3.3892301457779284	0.20520160752397787	2.0668948571225453e-5	UP	1	Muscle
Muscle	cRNA_0863	chr8:41529269-41537877	JNC-JNC	ENSMUSG00000045636.17	protein_coding	Mtus1	UP	mmu-Mtus1_0003	NA	MMU_CIRCpedia_19543	3	1.4511232028337773	0.00867954325764911	3.5624655906032547	-0.08742037490160522	0.6136979433658475	NS	1	Muscle
Muscle	cRNA_0949	chr12:86307351-86315835	JNC-JNC	ENSMUSG00000021254.10	protein_coding	Gpatch2l	DOWN	mmu-Gpatch2l_0001	mm9_circ_004188	MMU_CIRCpedia_32353	3	-0.7041651019230825	0.04293429237620782	-2.8843858474283293	0.20582519597516502	0.10235869456063322	NS	1	Muscle
Muscle	cRNA_1061	chr18:31727630-31740317	JNC-JNC	ENSMUSG00000024259.10	protein_coding	Slc25a46	DOWN	mmu-Slc25a46_0003,mmu-Slc25a46_0001	NA	NA	3	-1.0691523918280188	0.04547971584550085	-2.852960426722369	0.04656837768270821	0.6674128683652101	NS	1	Muscle
Muscle	cRNA_1159	chr5:146205025-146223049	JNC-JNC	ENSMUSG00000029635.16	protein_coding	Cdk8	DOWN	mmu-Cdk8_0014	NA	MMU_CIRCpedia_9644	3	-1.249035922497835	0.04634723300064809	-2.820199953811285	0.23860524440362554	0.003707625814660568	UP	1	Muscle
Muscle	cRNA_1170	chr4:43087903-43101874	JNC-JNC	ENSMUSG00000028456.19	protein_coding	Unc13b	DOWN	mmu-Unc13b_0004	NA	MMU_CIRCpedia_20007	3	-1.7278522657181432	0.01998359677433627	-3.244112691417429	0.037919613136500975	0.8183909871730244	NS	1	Muscle
Muscle	cRNA_1212	chr3:86198734-86235663	JNC-JNC	ENSMUSG00000028080.17	protein_coding	Lrba	DOWN	mmu-Lrba_0063	NA	MMU_CIRCpedia_32376	4	-1.3874743165341197	0.01613322478191119	-3.3290578592514373	0.38090154045727154	0.005315213916229027	UP	1	Muscle
Muscle	cRNA_1258	chr1:52251362-52254853	JNC-JNC	ENSMUSG00000026103.15	protein_coding	Gls	DOWN	mmu-Gls_0004	NA	MMU_CIRCpedia_22335	3	-1.2765072473672192	0.02080348608953408	-3.230417567275326	-0.1379054264833959	0.18724853050579163	NS	1	Muscle
Muscle	cRNA_1282	chr1:181783959-181789484	JNC-JNC	ENSMUSG00000022995.17	protein_coding	Enah	DOWN	mmu-Enah_0001	mm9_circ_017328	MMU_CIRCpedia_12436	4	-1.3971921283712976	0.00318489213635996	-3.9019077632983152	-0.47239597605527767	0.11930772528767379	NS	1	Muscle
Muscle	cRNA_1339	chr8:86602263-86606439	JNC-JNC	ENSMUSG00000036879.16	protein_coding	Phkb	DOWN	mmu-Phkb_0012	NA	MMU_CIRCpedia_32179	4	-1.5605006567974231	2.5388661990697524e-5	-5.886518119610354	-0.25134117294138036	0.16650401643741547	NS	1	Muscle
Muscle	cRNA_1352	chr13:39138085-39139912	JNC-JNC	ENSMUSG00000021432.16	protein_coding	Slc35b3	DOWN	mmu-Slc35b3_0001	NA	MMU_CIRCpedia_19006	3	-1.457552943776791	0.00143649185925936	-4.161758460818213	0.3635993405569613	0.036570904912955095	UP	1	Muscle
Muscle	cRNA_1420	chr19:37302547-37308011	JNC-JNC	ENSMUSG00000056999.17	protein_coding	Ide	DOWN	mmu-Ide_0007	NA	MMU_CIRCpedia_18516	4	-1.2514806848638809	3.2738827869186523e-4	-4.622080256197801	-6.42042070127144e-4	0.9950264578263032	NS	2	Liver, Muscle
Muscle	cRNA_1425	chr19:45874391-45880587	JNC-JNC	ENSMUSG00000039901.11	protein_coding	Armh3	DOWN	mmu-9130011E15Rik_0023	mm9_circ_016732	MMU_CIRCpedia_20727	3	-1.0850791203408705	0.01894035419614109	-3.2662554552833107	-0.1548177553047681	0.16434103768528271	NS	1	Muscle
Muscle	cRNA_1522	chr9:59303634-59313138	JNC-JNC	ENSMUSG00000025234.12	protein_coding	Arih1	DOWN	mmu-Arih1_0016	NA	MMU_CIRCpedia_24472	3	-1.2624578516438614	0.03128812355571436	-3.057638899453519	0.12792080277657045	0.15836768280047514	NS	2	Colon, Muscle
Muscle	cRNA_1594	chr11:109862511-109868699	JNC-JNC	ENSMUSG00000020620.15	protein_coding	Abca8b	UP	mmu-Abca8b_0001	mm9_circ_012245	MMU_CIRCpedia_2728	3	1.3197835532221316	0.00476234059529894	3.77741946821345	-0.9002740060095231	1.4447579082466332e-6	DOWN	1	Muscle
Muscle	cRNA_1601	chr10:42665296-42673729	JNC-JNC	ENSMUSG00000019802.14	protein_coding	Sec63	DOWN	mmu-Sec63_0014	NA	MMU_CIRCpedia_19923	3	-1.1728902625361477	0.00648934251967403	-3.6951215107353863	0.27362709592728135	0.008796470690676168	UP	1	Muscle
Muscle	cRNA_1634	chr15:37973147-37989896	JNC-JNC	ENSMUSG00000037487.8	protein_coding	Ubr5	DOWN	mmu-Ubr5_0062	NA	MMU_CIRCpedia_216940	4	-1.5476499714501175	2.2382963027823715e-5	-5.217008779047792	0.1856912300697358	0.060744741389884366	UP	1	Muscle
Muscle	cRNA_1636	chr15:68037602-68042072	JNC-JNC	ENSMUSG00000022335.18	protein_coding	Zfat	DOWN	mmu-Zfat_0004	mm9_circ_009299	MMU_CIRCpedia_26943	3	-1.5764640286771343	0.02102845294477407	-3.2244935327767235	-0.2089021545268259	0.18516514498544903	NS	1	Muscle
Muscle	cRNA_1642	chr14:6186290-6191964	JNC-JNC	ENSMUSG00000021785.9	protein_coding	Ngly1	DOWN	mmu-Ngly1_0004	NA	MMU_CIRCpedia_11314	3	-1.023813898752334	0.04634723300064809	-2.82155249011734	0.34374006369345966	2.1152383554958997e-6	UP	1	Muscle
Muscle	cRNA_1737	chr4:9474898-9532065	JNC-JNC	ENSMUSG00000028207.19	protein_coding	Asph	UP	mmu-Asph_0042	NA	MMU_CIRCpedia_34948	3	1.4670875128161869	0.03022563237940015	3.070477773419241	0.09277076375955554	0.418876016165153	NS	1	Muscle
Muscle	cRNA_1784	chr2:76680914-76682481	JNC-JNC	ENSMUSG00000051747.16	protein_coding	Ttn	UP	mmu-Ttn_0184	NA	NA	3	1.05782911599513	0.02970468198077605	3.078181364333591	0.14860315860654097	0.4310095374901232	NS	1	Muscle
Muscle	cRNA_1786	chr2:76683949-76686710	JNC-JNC	ENSMUSG00000051747.16	protein_coding	Ttn	UP	mmu-Ttn_0122	NA	NA	5	1.7181336213834486	8.179831207831402e-4	4.284611665993337	0.14860315860654097	0.4310095374901232	NS	2	Heart, Muscle
Muscle	cRNA_1856	chr9:96222255-96227946	JNC-JNC	ENSMUSG00000032412.9	protein_coding	Atp1b3	DOWN	mmu-Atp1b3_0002	NA	MMU_CIRCpedia_35348	3	-1.0822041561031814	0.00237996039035172	-3.980600578829311	0.3160197075313501	0.004567141636404165	UP	1	Muscle
Muscle	cRNA_1946	chr2:76677732-76682481	JNC-JNC	ENSMUSG00000051747.16	protein_coding	Ttn	UP	mmu-Ttn_0141	NA	NA	3	1.2714269684855906	0.02645956027719308	3.1280051872409773	0.14860315860654097	0.4310095374901232	NS	1	Muscle
Muscle	cRNA_1986	chr2:76684494-76686710	JNC-JNC	ENSMUSG00000051747.16	protein_coding	Ttn	UP	mmu-Ttn_0176	NA	NA	3	1.71578447937381	5.770697299977512e-4	4.450375191345634	0.14860315860654097	0.4310095374901232	NS	1	Muscle
Muscle	cRNA_2061	chr9:22479001-22490889	JNC-JNC	ENSMUSG00000035919.17	protein_coding	Bbs9	DOWN	mmu-Bbs9_0026	NA	MMU_CIRCpedia_214031	4	-1.1764719727293156	0.03255600778244269	-2.9966488217140643	0.15743736216371565	0.26682771719260245	NS	1	Muscle
Muscle	cRNA_2064	chr7:126049277-126049722	JNC-JNC	ENSMUSG00000030730.13	protein_coding	Atp2a1	DOWN	mmu-Atp2a1_0031	NA	NA	3	-1.1945506839722768	0.01357762679883457	-3.42933438109759	0.27565732821407163	0.07044380576633102	UP	1	Muscle
Muscle	cRNA_2080	chr2:76683949-76684811	JNC-JNC	ENSMUSG00000051747.16	protein_coding	Ttn	UP	mmu-Ttn_0169	NA	NA	3	1.345262840835535	3.961553034071356e-4	4.549010786080719	0.14860315860654097	0.4310095374901232	NS	1	Muscle
Muscle	cRNA_2081	chr2:152755365-152761373	JNC-JNC	ENSMUSG00000027470.10	protein_coding	Mylk2	DOWN	mmu-Mylk2_0003	NA	NA	4	-1.1306335891518686	1.0382799398493196e-5	-5.416673337833952	0.142598256470949	0.44706682905216993	NS	1	Muscle
Muscle	cRNA_2806	chr13:59970790-59971306	JNC-EX	NA	NA	NA	DOWN	NA	NA	NA	3	-1.778191800632522	0.0122569752179476	-3.4352922215192065	NA	NA	NS	1	Muscle
Muscle	cRNA_3500	chr9:109880991-109882590	IN-JNC	ENSMUSG00000032479.16	protein_coding	Map4	DOWN	mmu-Map4_0006	NA	NA	3	-1.044752252723496	2.0337863363093425e-7	-6.161739595546964	-0.17571172081534656	0.341052404360788	NS	1	Muscle
