Tissue	Sex	circID	Cons_coords	type	gene_id	gene_type	gene_name	Change	circAtlas	circBase	circPedia	NtoolsDE	medianLFC	medianPadj	medianStat	LFC_lineal	padj_lineal	changeLineal	NtissuesDE	Tissues
Colon	Female	cRNA_0155	chr10:12312025-12331308	JNC-JNC	ENSMUSG00000019820.12	protein_coding	Utrn	DOWN	mmu-Utrn_0025	mm9_circ_009056	MMU_CIRCpedia_6294	4	-1.7194229742118443	0.01072422670780959	-3.749787129108704	0.014683972541623633	0.9935122840632188	NS	1	Colon
Colon	Female	cRNA_0234	chr16:13515197-13516939	JNC-JNC	ENSMUSG00000022684.16	protein_coding	Bfar	UP	mmu-Bfar_0002	mm9_circ_009604	MMU_CIRCpedia_8487	4	2.3548566416845262	0.00710960975827796	3.9801984898538865	-0.17706049208181593	0.8541929497159868	NS	4	Colon, Ileon, Kidney, Liver
Colon	Female	cRNA_0645	chr3:122575216-122611716	JNC-JNC	ENSMUSG00000053965.11	protein_coding	Pde5a	UP	mmu-Pde5a_0007	mm9_circ_007474	MMU_CIRCpedia_5887	4	1.9755483043495736	4.845927170206945e-4	4.830212667163604	-0.09425835889282681	0.9622088635441903	NS	1	Colon
Colon	Female	cRNA_0819	chr9:65701904-65702777	FULLEX	ENSMUSG00000040524.10	protein_coding	Zfp609	UP	mmu-Zfp609_0001	mm9_circ_004501	MMU_CIRCpedia_26291	4	2.431316002847381	8.061271682786753e-4	4.749361604226731	0.2780821089850918	0.5900284801284066	NS	2	Colon, Kidney
Colon	Female	cRNA_0854	chr8:3308383-3308934	FULLEX	ENSMUSG00000005534.11	protein_coding	Insr	UP	mmu-Insr_0016	NA	MMU_CIRCpedia_16558	3	1.5766283123355342	0.04040081781421818	3.1859317428705594	0.0751234628189515	0.9648753765660579	NS	4	Colon, Ileon, Kidney, Muscle
Colon	Female	cRNA_0869	chr8:58036801-58037261	FULLEX	ENSMUSG00000031608.14	protein_coding	Galnt7	UP	mmu-Galnt7_0001	NA	MMU_CIRCpedia_23862	3	2.830687187430244	0.00980637117131312	3.697283002367029	-0.08407716782926551	0.9729811914462927	NS	1	Colon
Colon	Male	cRNA_0234	chr16:13515197-13516939	JNC-JNC	ENSMUSG00000022684.16	protein_coding	Bfar	UP	mmu-Bfar_0002	mm9_circ_009604	MMU_CIRCpedia_8487	4	3.695434327628041	0.00764439749857161	3.9970456584300593	-0.12517260500736113	0.7357338619251019	NS	2	Colon, Ileon
Colon	Male	cRNA_0643	chr3:122541538-122542126	FULLEX	ENSMUSG00000053965.11	protein_coding	Pde5a	UP	mmu-Pde5a_0009	mm9_circ_007906	MMU_CIRCpedia_5878	4	2.584401727331435	0.00487638253967244	4.168002778346089	0.2895064885637608	0.28887680432189217	NS	1	Colon
Heart	Female	cRNA_0277	chr15:82735714-82741485	FULLEX	ENSMUSG00000041852.16	protein_coding	Tcf20	DOWN	mmu-Tcf20_0003,mmu-Tcf20_0032	mm9_circ_001424	MMU_CIRCpedia_31130	3	-2.16768235107575	0.00571106206997578	-4.149655132688751	-0.47488280184555903	0.10167094407734463	NS	1	Heart
Heart	Female	cRNA_1788	chr2:76688248-76714541	JNC-JNC	ENSMUSG00000051747.16	protein_coding	Ttn	DOWN	mmu-Ttn_0119	NA	MMU_CIRCpedia_216831	3	-2.4886777357924164	0.00622645458787872	-4.14219143570191	-0.8161059543301491	0.24695691284083532	NS	1	Heart
Heart	Male	cRNA_0065	chr12:51806002-51807953	JNC-JNC	ENSMUSG00000035247.17	protein_coding	Hectd1	DOWN	mmu-Hectd1_0012	mm9_circ_002888	MMU_CIRCpedia_22183	3	-1.662123364609936	0.03173859153146434	-3.3066899847350504	0.40683460440187597	0.06764519464439042	UP	1	Heart
Heart	Male	cRNA_0165	chr10:39952560-39956803	JNC-JNC	ENSMUSG00000019838.12	protein_coding	Slc16a10	DOWN	mmu-Slc16a10_0002	NA	MMU_CIRCpedia_19283	4	-3.1510488141246733	7.119559008302323e-4	-4.566734814870425	-0.6381454516830001	0.01820917061035742	DOWN	1	Heart
Heart	Male	cRNA_0262	chr15:4076947-4089478	JNC-JNC	ENSMUSG00000022186.15	protein_coding	Oxct1	UP	mmu-Oxct1_0001	mm9_circ_000453	MMU_CIRCpedia_19364	3	1.6144327551887137	0.00162659855840162	4.2727601728521245	-0.741907144789266	0.00829125258314239	DOWN	1	Heart
Heart	Male	cRNA_0277	chr15:82735714-82741485	FULLEX	ENSMUSG00000041852.16	protein_coding	Tcf20	DOWN	mmu-Tcf20_0003,mmu-Tcf20_0032	mm9_circ_001424	MMU_CIRCpedia_31130	3	-1.8277815170093223	0.03173859153146434	-3.3395825095833547	-0.6204821168441825	0.027859890894318423	DOWN	1	Heart
Heart	Male	cRNA_0447	chr6:47553470-47554601	JNC-JNC	ENSMUSG00000029687.17	protein_coding	Ezh2	DOWN	mmu-Ezh2_0018	mm9_circ_002148	MMU_CIRCpedia_21123	3	-3.181425774112399	8.524948176635955e-8	-6.2917521848737445	-0.9795008662848662	0.12453720304075723	NS	1	Heart
Heart	Male	cRNA_0760	chr1:74020073-74036263	JNC-JNC	ENSMUSG00000055322.17	protein_coding	Tns1	UP	mmu-Tns1_0020	NA	MMU_CIRCpedia_40011	3	1.8701660535269884	0.03173859153146434	3.347818932508507	1.5489657450222731	6.6532456908548144e-12	UP	1	Heart
Heart	Male	cRNA_0879	chr8:78071269-78085263	JNC-JNC	ENSMUSG00000037148.9	protein_coding	Arhgap10	UP	mmu-Arhgap10_0013	NA	MMU_CIRCpedia_29632	3	1.507026185394731	0.03173859153146434	3.40709595462626	0.2676735530663167	0.4084165767415024	NS	1	Heart
Heart	Male	cRNA_1067	chr18:56940736-56945147	JNC-JNC	ENSMUSG00000032656.15	protein_coding	Marchf3	DOWN	mmu-March3_0001	NA	MMU_CIRCpedia_23642	3	-3.2634602057566875	8.541092756051751e-4	-4.406584328870011	-1.0650377464733687	0.010766525693967532	DOWN	1	Heart
Heart	Male	cRNA_1845	chr9:77072047-77098019	JNC-JNC	ENSMUSG00000032355.17	protein_coding	Mlip	UP	mmu-Mlip_0029	mm9_circ_012617	MMU_CIRCpedia_29558	3	1.3538015936542869	0.03994570292628089	3.107919833380112	-0.11511271863693565	0.7858902345640493	NS	1	Heart
Heart	Male	cRNA_2382	chr12:52562862-52566750	FULLEX	ENSMUSG00000035133.10	protein_coding	Arhgap5	UP	mmu-Arhgap5_0009,mmu-Arhgap5_0019	mm9_circ_011007	MMU_CIRCpedia_22395	3	1.5830010748712728	0.01260132547196315	3.8048949923519904	0.3833575227078449	0.16562163459169577	NS	3	Heart, Liver, Muscle
Ileon	Female	cRNA_0108	chr11:12293744-12328359	JNC-JNC	ENSMUSG00000020173.18	protein_coding	Cobl	UP	mmu-Cobl_0002	mm9_circ_018049	MMU_CIRCpedia_6080	4	5.384274641539861	4.745011077198299e-5	5.125512767667386	1.8589821115781666	2.644518597144603e-4	UP	1	Ileon
Ileon	Female	cRNA_0201	chr17:34599935-34601462	JNC-JNC	ENSMUSG00000062638.12	protein_coding	Btnl1	UP	mmu-Btnl1_0001	NA	NA	4	1.4606429968242205	0.03247633479364089	3.2384429146383877	1.1857093555325418	0.0316463599481077	UP	1	Ileon
Ileon	Female	cRNA_0234	chr16:13515197-13516939	JNC-JNC	ENSMUSG00000022684.16	protein_coding	Bfar	UP	mmu-Bfar_0002	mm9_circ_009604	MMU_CIRCpedia_8487	4	3.1647289825877527	4.07060042467888e-7	6.085995501174802	0.45658453826718753	0.12300304644234356	NS	4	Colon, Ileon, Kidney, Liver
Ileon	Female	cRNA_0285	chr15:99717375-99724718	JNC-JNC	ENSMUSG00000023022.15	protein_coding	Lima1	UP	mmu-Lima1_0003	NA	MMU_CIRCpedia_36196	3	1.4468722588659326	0.02566489171387875	3.1561793499811293	0.5632953523258425	0.029979030486118528	UP	1	Ileon
Ileon	Female	cRNA_0310	chr14:57541050-57550586	JNC-JNC	ENSMUSG00000021947.12	protein_coding	Cryl1	UP	mmu-Cryl1_0002	mm9_circ_010120	MMU_CIRCpedia_23805	4	1.8267015511341391	0.03654576191515557	3.1076006972063217	0.8121590193455845	5.0054933213863416e-5	UP	1	Ileon
Ileon	Female	cRNA_0348	chr18:79129766-79130395	FULLEX	ENSMUSG00000024548.12	protein_coding	Setbp1	DOWN	mmu-Setbp1_0001	mm9_circ_012515	MMU_CIRCpedia_30067	3	-1.9441988409345108	0.01769119746817815	-3.5480565060793654	-0.4445218389233146	0.4993065702045902	NS	2	Ileon, Kidney
Ileon	Female	cRNA_0356	chr19:29731000-29732417	FULLEX	ENSMUSG00000046138.16	protein_coding	9930021J03Rik	UP	mmu-9930021J03Rik_0010	NA	MMU_CIRCpedia_15577	3	2.3758423711681655	0.0198977471027374	3.445437393658974	0.07828603817566843	0.8460155275907315	NS	1	Ileon
Ileon	Female	cRNA_0371	chr19:57366981-57367607	JNC-JNC	ENSMUSG00000033478.6	protein_coding	Fhip2a	UP	mmu-Fam160b1_0001	mm9_circ_007735	MMU_CIRCpedia_23815	4	1.422991216718643	0.03226753092125059	3.1897730690011787	1.2073151972266107	2.9845315258208322e-5	UP	1	Ileon
Ileon	Female	cRNA_0530	chr5:117472833-117482078	JNC-JNC	ENSMUSG00000066894.15	protein_coding	Vsig10	UP	mmu-Vsig10_0001	NA	MMU_CIRCpedia_213768	4	1.8979894558907744	0.03564436116955133	2.983744360721296	-0.28365317677575325	0.5005571770741657	NS	1	Ileon
Ileon	Female	cRNA_0600	chr4:141033825-141036391	JNC-JNC	ENSMUSG00000006445.4	protein_coding	Epha2	UP	mmu-Epha2_0002	mm9_circ_005186	MMU_CIRCpedia_9054	3	2.620360333718711	0.02490423289868771	3.358048930743735	-0.2362905184896334	0.7606959923107275	NS	1	Ileon
Ileon	Female	cRNA_0622	chr3:72807751-72822024	JNC-JNC	ENSMUSG00000027790.15	protein_coding	Sis	UP	mmu-Sis_0002	NA	NA	3	2.440108524745656	0.00605164332024894	3.879434215011811	1.0891248210188331	0.5365321878032067	NS	1	Ileon
Ileon	Female	cRNA_0643	chr3:122541538-122542126	FULLEX	ENSMUSG00000053965.11	protein_coding	Pde5a	UP	mmu-Pde5a_0009	mm9_circ_007906	MMU_CIRCpedia_5878	4	2.022159547831924	0.01373771875098148	3.563460494960098	-0.18434749439104955	0.551340396143417	NS	1	Ileon
Ileon	Female	cRNA_0664	chr2:13386569-13463938	JNC-JNC	ENSMUSG00000026726.11	protein_coding	Cubn	UP	mmu-Cubn_0007	NA	NA	4	4.962025338032653	1.3826290751736792e-4	4.783165592587082	1.4076519839187245	0.2229168120006901	NS	1	Ileon
Ileon	Female	cRNA_0698	chr2:104301094-104302192	FULLEX	ENSMUSG00000027177.15	protein_coding	Hipk3	DOWN	mmu-Hipk3_0011	mm9_circ_013422	MMU_CIRCpedia_1229	3	-1.1970257643059257	0.03931091846619255	-3.0366388572303067	-0.12293482653713299	0.6331542646904799	NS	1	Ileon
Ileon	Female	cRNA_0839	chr9:96474003-96493552	JNC-JNC	ENSMUSG00000032413.13	protein_coding	Rasa2	DOWN	mmu-Rasa2_0027	mm9_circ_001729	MMU_CIRCpedia_35405	4	-1.0712199452199256	0.02597658143739414	-3.451565776822211	0.15028675018374762	0.7087681551563944	NS	1	Ileon
Ileon	Female	cRNA_0854	chr8:3308383-3308934	FULLEX	ENSMUSG00000005534.11	protein_coding	Insr	UP	mmu-Insr_0016	NA	MMU_CIRCpedia_16558	3	1.77784008447442	0.03678167066443427	2.998086828627336	1.1702412037886785	0.0011169149494084868	UP	4	Colon, Ileon, Kidney, Muscle
Ileon	Male	cRNA_0078	chr12:82387436-82389273	FULLEX	ENSMUSG00000042700.17	protein_coding	Sipa1l1	UP	mmu-Sipa1l1_0031	mm9_circ_007155	MMU_CIRCpedia_31036	3	1.5739288593645888	0.00211121994170972	4.379703198097043	-0.0013141161663065117	0.9977318745506131	NS	1	Ileon
Ileon	Male	cRNA_0234	chr16:13515197-13516939	JNC-JNC	ENSMUSG00000022684.16	protein_coding	Bfar	UP	mmu-Bfar_0002	mm9_circ_009604	MMU_CIRCpedia_8487	3	2.0153007025259897	0.02230844323036308	3.6689023655086506	0.4269770991810911	0.1346201793885962	NS	2	Colon, Ileon
Ileon	Male	cRNA_0645	chr3:122575216-122611716	JNC-JNC	ENSMUSG00000053965.11	protein_coding	Pde5a	UP	mmu-Pde5a_0007	mm9_circ_007474	MMU_CIRCpedia_5887	3	3.924918625876552	2.7219940022622546e-7	6.07770396803333	-0.26594638442156787	0.48855771283979443	NS	1	Ileon
Kidney	Female	cRNA_0021	chr13:17937689-17947542	JNC-JNC	ENSMUSG00000041297.9	protein_coding	Cdk13	UP	mmu-Cdk13_0012	mm9_circ_016768	MMU_CIRCpedia_12127	3	1.2953489169028294	0.02365863751360565	3.321491268452508	0.41742915061778435	0.003247477625895318	UP	1	Kidney
Kidney	Female	cRNA_0103	chr11:6143154-6143476	FULLEX	ENSMUSG00000053838.15	protein_coding	Nudcd3	UP	mmu-Nudcd3_0002	mm9_circ_005786	MMU_CIRCpedia_25157	4	1.3771384338471149	0.0256896870984959	3.34967653470992	0.002791910165646403	0.9808284669796072	NS	1	Kidney
Kidney	Female	cRNA_0125	chr11:68720741-68736250	JNC-JNC	ENSMUSG00000018736.15	protein_coding	Ndel1	UP	mmu-Ndel1_0012	NA	MMU_CIRCpedia_27059	4	1.8618577076392775	0.00197281343081944	4.31583616211387	0.39104501489713817	5.355669790382906e-5	UP	1	Kidney
Kidney	Female	cRNA_0225	chr17:81955238-81957067	FULLEX	ENSMUSG00000054640.16	protein_coding	Slc8a1	DOWN	mmu-intergenic_000192,mmu-intergenic_023916	mm9_circ_014302	MMU_CIRCpedia_30902	3	-1.3110399226030731	8.712223503469799e-28	-11.466837994124354	-1.4939014808440287	1.258951923743426e-30	DOWN	1	Kidney
Kidney	Female	cRNA_0234	chr16:13515197-13516939	JNC-JNC	ENSMUSG00000022684.16	protein_coding	Bfar	UP	mmu-Bfar_0002	mm9_circ_009604	MMU_CIRCpedia_8487	4	2.112951984567304	0.00165872403338167	4.261381318359664	0.09328380973361071	0.5572444566893134	NS	4	Colon, Ileon, Kidney, Liver
Kidney	Female	cRNA_0262	chr15:4076947-4089478	JNC-JNC	ENSMUSG00000022186.15	protein_coding	Oxct1	UP	mmu-Oxct1_0001	mm9_circ_000453	MMU_CIRCpedia_19364	4	1.5971116902192788	5.995453682852199e-4	4.736612667896489	-1.1717497712047764	2.771355941237532e-21	DOWN	1	Kidney
Kidney	Female	cRNA_0300	chr14:34413639-34417062	JNC-JNC	ENSMUSG00000041408.19	protein_coding	Wapl	UP	mmu-Wapal_0027	mm9_circ_002816	MMU_CIRCpedia_17430	3	0.7838499418039845	0.03197934475994027	3.167853037742822	0.22486554113315377	0.0038183167176958615	UP	1	Kidney
Kidney	Female	cRNA_0320	chr14:120562206-120562824	FULLEX	ENSMUSG00000022139.18	protein_coding	Mbnl2	UP	mmu-Mbnl2_0008	NA	MMU_CIRCpedia_5057	4	2.105160242833383	0.02526088324659631	3.3214364862490173	0.1626575353920936	0.20343977866453572	NS	2	Kidney, Muscle
Kidney	Female	cRNA_0348	chr18:79129766-79130395	FULLEX	ENSMUSG00000024548.12	protein_coding	Setbp1	DOWN	mmu-Setbp1_0001	mm9_circ_012515	MMU_CIRCpedia_30067	4	-0.6871609935102982	0.01990524128880087	-3.415060336218441	-0.11090092472193579	0.49362884436994336	NS	2	Ileon, Kidney
Kidney	Female	cRNA_0377	chr7:14312661-14343264	JNC-JNC	ENSMUSG00000121301.1	lncRNA	Nlrp5-ps	DOWN	mmu-Nlrp5-ps_0001,mmu-Nlrp5-ps_0043	NA	MMU_CIRCpedia_9614	3	-1.308320456395575	0.00923156672730658	-3.651223639289407	-1.8095791075301129	5.803241170605942e-13	DOWN	1	Kidney
Kidney	Female	cRNA_0410	chr7:120651310-120656622	JNC-JNC	ENSMUSG00000030876.8	protein_coding	Mettl9	UP	mmu-Mettl9_0005	mm9_circ_008117	MMU_CIRCpedia_5314	3	1.3128580646673924	0.00148849192920644	4.3071278952053325	0.27942573669497917	4.671911753373934e-4	UP	1	Kidney
Kidney	Female	cRNA_0467	chr6:119897071-119897989	JNC-JNC	ENSMUSG00000030166.15	protein_coding	Rad52	DOWN	mmu-Rad52_0003,mmu-Rad52_0005	mm9_circ_012490	MMU_CIRCpedia_4990,MMU_CIRCpedia_4991	4	-0.6597318860458457	0.02251514064789423	-3.484512402898262	0.0231753626071866	0.9160847255344967	NS	1	Kidney
Kidney	Female	cRNA_0470	chr6:134518615-134519008	FULLEX	ENSMUSG00000030201.16	protein_coding	Lrp6	UP	mmu-Lrp6_0008	NA	MMU_CIRCpedia_8121	3	1.334912409918814	0.03057891585029516	3.15298376520168	0.1739460955415039	0.17785977622398305	NS	1	Kidney
Kidney	Female	cRNA_0538	chr5:135150360-135152871	JNC-JNC	ENSMUSG00000005373.14	protein_coding	Mlxipl	DOWN	mmu-Mlxipl_0001	NA	MMU_CIRCpedia_8211	4	-0.9045439485612302	0.01954892305275108	-3.514761584478049	-0.021036357745280336	0.9468897303060254	NS	2	Kidney, Liver
Kidney	Female	cRNA_0574	chr4:84209930-84211899	FULLEX	ENSMUSG00000028487.19	protein_coding	Bnc2	UP	mmu-Bnc2_0004	mm9_circ_017382	MMU_CIRCpedia_31591	4	1.2207821469101126	0.03467805278974968	3.150386692675108	0.32364640306123893	0.032389655245437375	UP	1	Kidney
Kidney	Female	cRNA_0678	chr2:48760301-48763485	JNC-JNC	ENSMUSG00000052155.6	protein_coding	Acvr2a	DOWN	mmu-Acvr2a_0010	mm9_circ_002037	MMU_CIRCpedia_21408	4	-1.288369412098794	0.03083154965567749	-3.166969935049333	0.28748786103537943	3.482612157162409e-5	UP	1	Kidney
Kidney	Female	cRNA_0701	chr2:110447019-110454593	JNC-JNC	ENSMUSG00000041644.15	protein_coding	Slc5a12	UP	mmu-Slc5a12_0012,mmu-Slc5a12_0015	NA	NA	4	2.3439942023917246	0.02022425185480204	3.4608377835998203	0.5092449737831526	0.0012324331440671883	UP	1	Kidney
Kidney	Female	cRNA_0739	chr1:7190418-7190839	FULLEX	ENSMUSG00000051285.18	protein_coding	Pcmtd1	UP	mmu-Pcmtd1_0002	NA	MMU_CIRCpedia_27728	4	2.2108572499000436	0.00150216845883187	4.417107210435849	0.32367486370264786	7.475745308555588e-6	UP	2	Kidney, Liver
Kidney	Female	cRNA_0819	chr9:65701904-65702777	FULLEX	ENSMUSG00000040524.10	protein_coding	Zfp609	UP	mmu-Zfp609_0001	mm9_circ_004501	MMU_CIRCpedia_26291	4	1.283592967823229	1.8708276411947655e-4	4.9634525710644155	0.6382149709159918	0.0016119010542796867	UP	2	Colon, Kidney
Kidney	Female	cRNA_0832	chr9:83834577-83873875	JNC-JNC	ENSMUSG00000032263.15	protein_coding	Bckdhb	UP	mmu-Bckdhb_0003	NA	MMU_CIRCpedia_31466	3	1.679990309865951	4.349493413839032e-5	5.407352616023645	0.10320270900027052	0.44784053409560537	NS	2	Kidney, Muscle
Kidney	Female	cRNA_0854	chr8:3308383-3308934	FULLEX	ENSMUSG00000005534.11	protein_coding	Insr	UP	mmu-Insr_0016	NA	MMU_CIRCpedia_16558	3	1.151601247270744	0.03057891585029516	3.2022185279370636	0.20443835148904924	0.3628384654707523	NS	4	Colon, Ileon, Kidney, Muscle
Kidney	Female	cRNA_0887	chr8:85498413-85498944	FULLEX	ENSMUSG00000001911.17	protein_coding	Nfix	DOWN	mmu-Nfix_0002	mm9_circ_002886	MMU_CIRCpedia_31796	4	-0.7665642677257567	0.00596763293642031	-3.967971415239047	-0.024923103669802202	0.9087810753984322	NS	2	Kidney, Liver
Kidney	Female	cRNA_1147	chr5:106767406-106786501	JNC-JNC	ENSMUSG00000049606.17	protein_coding	Zfp644	UP	mmu-Zfp644_0004	NA	MMU_CIRCpedia_1795	4	1.0228574881610997	0.01599956440407272	3.5159799025181244	0.3539571132743431	6.936035257592475e-6	UP	2	Kidney, Liver
Kidney	Female	cRNA_1151	chr5:118731398-118731635	FULLEX	ENSMUSG00000018076.13	protein_coding	Med13l	DOWN	mmu-Med13l_0005	mm9_circ_005281	MMU_CIRCpedia_4551	3	-1.4556739769849052	0.01895819238895177	-3.4876529614705545	0.3328674767959557	0.12206169451782352	NS	1	Kidney
Kidney	Female	cRNA_1299	chr9:44740081-44740568	JNC-JNC	ENSMUSG00000002028.14	protein_coding	Kmt2a	DOWN	mmu-Kmt2a_0009,mmu-Kmt2a_0007	mm9_circ_007127	MMU_CIRCpedia_20406	3	-1.5912634802087458	0.01717410577467578	-3.58963458392271	0.2074780987598112	0.4573334370099089	NS	1	Kidney
Kidney	Female	cRNA_1422	chr19:42550991-42564640	JNC-JNC	ENSMUSG00000025184.11	protein_coding	R3hcc1l	DOWN	mmu-R3hcc1l_0003	NA	MMU_CIRCpedia_19887	3	-1.1968105979230432	0.0335210964485837	-3.1285746239036074	-0.21608157735730374	0.16148207990347224	NS	1	Kidney
Kidney	Female	cRNA_1508	chr1:66812065-66841327	JNC-JNC	ENSMUSG00000026004.16	protein_coding	Kansl1l	DOWN	mmu-Kansl1l_0021	mm9_circ_016338	MMU_CIRCpedia_26646	4	-1.1079803583461765	0.01739268076073248	-3.52746860386575	0.13701763554984217	0.408950513227028	NS	1	Kidney
Kidney	Female	cRNA_2036	chr2:125011333-125032265	JNC-JNC	ENSMUSG00000027202.13	protein_coding	Slc12a1	DOWN	mmu-Slc12a1_0032	NA	NA	4	-1.0017130333583344	0.00553716492676945	-4.009920003048053	0.5679183081151221	5.460361707875575e-11	UP	1	Kidney
Kidney	Female	cRNA_2037	chr2:125036045-125067983	JNC-JNC	ENSMUSG00000027202.13	protein_coding	Slc12a1	UP	mmu-Slc12a1_0002	NA	NA	3	2.1500182843915288	0.00923156672730658	3.6683853017828794	0.5679183081151221	5.460361707875575e-11	UP	1	Kidney
Kidney	Female	cRNA_2057	chr2:69322099-69326839	JNC-JNC	ENSMUSG00000027070.15	protein_coding	Lrp2	DOWN	mmu-Lrp2_0001	NA	NA	3	-1.9910359377737743	0.03616964653306723	-3.074869412856291	-0.49837297324261975	0.0034870599447628047	DOWN	1	Kidney
Kidney	Female	cRNA_2456	chr5:106765937-106767508	EX-JNC	ENSMUSG00000049606.17	protein_coding	Zfp644	UP	mmu-Zfp644_0011	mm9_circ_001406	NA	3	1.76367917623803	0.00935532673951532	3.7588157176755943	0.3539571132743431	6.936035257592475e-6	UP	1	Kidney
Kidney	Female	cRNA_2626	chr10:52305289-52312759	JNC-EX	ENSMUSG00000023068.17	protein_coding	Nus1	DOWN	mmu-Nus1_0001	mm9_circ_014703	NA	3	-1.1479700436704403	0.02103006336468205	-3.5290202924304483	-0.11852500799941021	0.35038678270690515	NS	1	Kidney
Kidney	Male	cRNA_0170	chr10:62606634-62607844	JNC-JNC	ENSMUSG00000020074.8	protein_coding	Ccar1	UP	mmu-Ccar1_0009	NA	MMU_CIRCpedia_25384	4	4.028627120413468	5.470604581537234e-4	4.600348792082298	0.3042034261263572	0.17119488048677353	NS	1	Kidney
Kidney	Male	cRNA_0225	chr17:81955238-81957067	FULLEX	ENSMUSG00000054640.16	protein_coding	Slc8a1	DOWN	mmu-intergenic_000192,mmu-intergenic_023916	mm9_circ_014302	MMU_CIRCpedia_30902	4	-1.560394451339078	3.6437574826438315e-14	-8.345298719479501	-1.133054157969224	1.1042900487239005e-6	DOWN	1	Kidney
Kidney	Male	cRNA_0268	chr15:50685501-50710338	JNC-JNC	ENSMUSG00000038679.17	protein_coding	Trps1	DOWN	mmu-Trps1_0001	NA	MMU_CIRCpedia_21954	4	-1.7459453665869291	0.00631210808676489	-3.8631286207251554	-0.9509682344946596	9.837626133124022e-4	DOWN	1	Kidney
Kidney	Male	cRNA_0276	chr15:82709432-82741485	JNC-JNC	ENSMUSG00000041852.16	protein_coding	Tcf20	DOWN	mmu-Tcf20_0007	mm9_circ_000890	MMU_CIRCpedia_31127	3	-0.9366661461964616	0.00591886167507099	-3.869774413546566	-0.10490399697361537	0.28462474762805506	NS	1	Kidney
Kidney	Male	cRNA_0345	chr18:74102962-74104347	FULLEX	ENSMUSG00000024558.13	protein_coding	Mapk4	DOWN	mmu-Mapk4_0002	mm9_circ_009337	MMU_CIRCpedia_28597	4	-2.388234304332454	0.00715009428928373	-3.7743304690818418	-0.8942827096110276	0.01562880650331308	DOWN	1	Kidney
Kidney	Male	cRNA_0377	chr7:14312661-14343264	JNC-JNC	ENSMUSG00000121301.1	lncRNA	Nlrp5-ps	DOWN	mmu-Nlrp5-ps_0001,mmu-Nlrp5-ps_0043	NA	MMU_CIRCpedia_9614	3	-1.5963731073882297	0.00591886167507099	-3.88130927288377	-0.4870898772678516	0.2896835032251037	NS	1	Kidney
Kidney	Male	cRNA_0533	chr5:121910730-121916168	JNC-JNC	ENSMUSG00000042605.17	protein_coding	Atxn2	UP	mmu-Atxn2_0004	mm9_circ_016398	MMU_CIRCpedia_5594	4	1.980623746402852	0.03437213339379268	3.2531910386858582	-0.5345596804612839	0.023366378463822505	DOWN	1	Kidney
Kidney	Male	cRNA_0538	chr5:135150360-135152871	JNC-JNC	ENSMUSG00000005373.14	protein_coding	Mlxipl	DOWN	mmu-Mlxipl_0001	NA	MMU_CIRCpedia_8211	3	-0.9951830386040325	0.01398431715333991	-3.580320191834786	-0.20752697875459986	0.30375610329084984	NS	2	Kidney, Liver
Kidney	Male	cRNA_0739	chr1:7190418-7190839	FULLEX	ENSMUSG00000051285.18	protein_coding	Pcmtd1	UP	mmu-Pcmtd1_0002	NA	MMU_CIRCpedia_27728	4	2.4686248680665916	0.00798611204157796	3.766852671391395	0.18854782701096431	0.16393192572596785	NS	1	Kidney
Kidney	Male	cRNA_0791	chr1:185118443-185129464	JNC-JNC	ENSMUSG00000026615.15	protein_coding	Eprs	UP	mmu-Eprs_0019,mmu-Eprs_0023	mm9_circ_005659	MMU_CIRCpedia_12532	3	1.35255885509843	0.02218972908294183	3.4321976396881615	-0.1906354492254321	0.05903038693135439	DOWN	1	Kidney
Kidney	Male	cRNA_0819	chr9:65701904-65702777	FULLEX	ENSMUSG00000040524.10	protein_coding	Zfp609	UP	mmu-Zfp609_0001	mm9_circ_004501	MMU_CIRCpedia_26291	4	2.0254048612887425	6.698727208094005e-6	5.494913534199235	0.6750709033543942	0.023859262989893267	UP	2	Kidney, Muscle
Kidney	Male	cRNA_0832	chr9:83834577-83873875	JNC-JNC	ENSMUSG00000032263.15	protein_coding	Bckdhb	UP	mmu-Bckdhb_0003	NA	MMU_CIRCpedia_31466	4	1.6211759741857454	0.00298204118396447	4.1225491812559	0.2895691218555165	0.007599212199291297	UP	3	Kidney, Liver, Muscle
Kidney	Male	cRNA_0870	chr8:61782253-61783052	JNC-JNC	ENSMUSG00000031642.10	protein_coding	Sh3rf1	UP	mmu-Sh3rf1_0001	NA	MMU_CIRCpedia_25056	4	1.162636344856679	0.01119248998709127	3.642486094880852	0.2094597032740766	0.27299081700688	NS	1	Kidney
Kidney	Male	cRNA_1421	chr19:42550991-42552780	FULLEX	ENSMUSG00000025184.11	protein_coding	R3hcc1l	DOWN	mmu-R3hcc1l_0002	mm9_circ_011137	MMU_CIRCpedia_19886	3	-1.7317396806606526	0.03301212873585259	-3.2846500471018865	0.10220991706287223	0.5682863835035706	NS	1	Kidney
Kidney	Male	cRNA_1422	chr19:42550991-42564640	JNC-JNC	ENSMUSG00000025184.11	protein_coding	R3hcc1l	DOWN	mmu-R3hcc1l_0003	NA	MMU_CIRCpedia_19887	3	-2.2078566123281194	0.00300431190474266	-4.107922648579048	0.10220991706287223	0.5682863835035706	NS	1	Kidney
Kidney	Male	cRNA_1508	chr1:66812065-66841327	JNC-JNC	ENSMUSG00000026004.16	protein_coding	Kansl1l	DOWN	mmu-Kansl1l_0021	mm9_circ_016338	MMU_CIRCpedia_26646	4	-1.2499881254039664	0.00727341969606492	-3.8527738617287746	-0.31074443705737465	0.06454536056220292	DOWN	1	Kidney
Kidney	Male	cRNA_1907	chr6:23107139-23122736	JNC-JNC	ENSMUSG00000029695.14	protein_coding	Aass	DOWN	mmu-Aass_0001	NA	MMU_CIRCpedia_13680	4	-1.115436750626257	6.097924201636523e-7	-6.130388767404731	-0.32692510389288626	0.0022589380238845647	DOWN	1	Kidney
Kidney	Male	cRNA_2036	chr2:125011333-125032265	JNC-JNC	ENSMUSG00000027202.13	protein_coding	Slc12a1	DOWN	mmu-Slc12a1_0032	NA	NA	3	-1.3490022947018194	0.00300431190474266	-4.099130241799832	0.38100808579186146	0.03961160903864606	UP	1	Kidney
Kidney	Male	cRNA_2456	chr5:106765937-106767508	EX-JNC	ENSMUSG00000049606.17	protein_coding	Zfp644	UP	mmu-Zfp644_0011	mm9_circ_001406	NA	3	2.8872681121451103	3.9397643233001937e-4	4.715255919773843	0.5278460048747646	2.0325888478718266e-6	UP	1	Kidney
Kidney	Male	cRNA_2716	chr1:66801207-66846763	JNC-JNC	ENSMUSG00000026004.16	protein_coding	Kansl1l	DOWN	mmu-Kansl1l_0023	NA	MMU_CIRCpedia_26642	3	-1.5608281441633145	0.02019568761892613	-3.373389461552699	-0.31074443705737465	0.06454536056220292	DOWN	1	Kidney
Liver	Female	cRNA_0127	chr11:70765572-70775794	JNC-JNC	ENSMUSG00000020817.17	protein_coding	Rabep1	DOWN	mmu-Rabep1_0026	mm9_circ_001848	MMU_CIRCpedia_27619	4	-1.3039895384430764	0.01505828424782632	-3.435690891306759	-0.25126985295898174	0.1712090667350134	NS	1	Liver
Liver	Female	cRNA_0128	chr11:70765572-70777997	JNC-JNC	ENSMUSG00000020817.17	protein_coding	Rabep1	DOWN	mmu-Rabep1_0027	mm9_circ_001327	MMU_CIRCpedia_27620	3	-1.215725159010686	0.01142566503510861	-3.255763368711649	-0.25126985295898174	0.1712090667350134	NS	1	Liver
Liver	Female	cRNA_0195	chr17:26958517-26962105	JNC-JNC	ENSMUSG00000048249.15	protein_coding	Crebrf	UP	mmu-Crebrf_0009	mm9_circ_004122	MMU_CIRCpedia_14835	4	1.4603102003435922	0.0083422999495628	3.639753030602914	0.32976297426784934	0.05699576239814672	UP	1	Liver
Liver	Female	cRNA_0234	chr16:13515197-13516939	JNC-JNC	ENSMUSG00000022684.16	protein_coding	Bfar	UP	mmu-Bfar_0002	mm9_circ_009604	MMU_CIRCpedia_8487	4	2.763012315499765	0.00406680319063578	3.9043599025114633	-0.04270388634102202	0.8109340393430907	NS	4	Colon, Ileon, Kidney, Liver
Liver	Female	cRNA_0523	chr5:106782697-106786501	JNC-JNC	ENSMUSG00000049606.17	protein_coding	Zfp644	UP	mmu-Zfp644_0013	mm9_circ_014393	MMU_CIRCpedia_1797	4	2.615022842972894	0.00233557238006379	4.1990379356899314	0.3265034975712332	0.006292528738210081	UP	1	Liver
Liver	Female	cRNA_0538	chr5:135150360-135152871	JNC-JNC	ENSMUSG00000005373.14	protein_coding	Mlxipl	DOWN	mmu-Mlxipl_0001	NA	MMU_CIRCpedia_8211	3	-1.3004177069977072	0.01223178394418937	-3.5705256585597587	-0.25088157052192267	0.38850398608758574	NS	2	Kidney, Liver
Liver	Female	cRNA_0739	chr1:7190418-7190839	FULLEX	ENSMUSG00000051285.18	protein_coding	Pcmtd1	UP	mmu-Pcmtd1_0002	NA	MMU_CIRCpedia_27728	4	2.1772330534119133	0.00590591609496859	3.7959052663030617	-0.08813284287168888	0.546505086876796	NS	2	Kidney, Liver
Liver	Female	cRNA_0805	chr9:45802102-45809789	JNC-JNC	ENSMUSG00000042790.17	protein_coding	Rnf214	UP	mmu-Rnf214_0001	NA	MMU_CIRCpedia_20731	3	1.7279971703241357	0.00831656433120458	3.3459732813456755	0.17276994898791545	0.2519044932705204	NS	1	Liver
Liver	Female	cRNA_0887	chr8:85498413-85498944	FULLEX	ENSMUSG00000001911.17	protein_coding	Nfix	DOWN	mmu-Nfix_0002	mm9_circ_002886	MMU_CIRCpedia_31796	3	-0.8038536452742077	0.00521115585748951	-3.5476380529235465	0.03639343558189284	0.8455198271846474	NS	2	Kidney, Liver
Liver	Female	cRNA_1065	chr18:45725073-45725491	FULLEX	ENSMUSG00000054477.17	protein_coding	Kcnn2	UP	mmu-Kcnn2_0003	mm9_circ_008701	MMU_CIRCpedia_20606	4	2.4185690897030794	0.00831841044629906	3.495855387743753	0.6053413648528446	2.3181134855445982e-4	UP	1	Liver
Liver	Female	cRNA_1147	chr5:106767406-106786501	JNC-JNC	ENSMUSG00000049606.17	protein_coding	Zfp644	UP	mmu-Zfp644_0004	NA	MMU_CIRCpedia_1795	4	1.764327120838979	0.01211303540219856	3.440332317243389	0.3265034975712332	0.006292528738210081	UP	2	Kidney, Liver
Liver	Female	cRNA_1628	chr16:43849042-43860521	JNC-JNC	ENSMUSG00000036292.15	protein_coding	Gramd1c	UP	mmu-intergenic_001087	NA	NA	3	1.3453169569498786	0.00521115585748951	3.537665514660448	0.006521159314333758	0.9886596794751755	NS	1	Liver
Liver	Female	cRNA_1657	chr18:16773479-16783555	JNC-JNC	ENSMUSG00000024304.15	protein_coding	Cdh2	DOWN	mmu-Cdh2_0009	mm9_circ_010308	MMU_CIRCpedia_11590	4	-1.7352270938658854	0.00865002675274264	-3.4253460597850696	0.05890013690857541	0.6021504933653823	NS	1	Liver
Liver	Female	cRNA_1907	chr6:23107139-23122736	JNC-JNC	ENSMUSG00000029695.14	protein_coding	Aass	DOWN	mmu-Aass_0001	NA	MMU_CIRCpedia_13680	3	-0.7175902144262557	0.01890434583392651	-3.2443491076968405	0.1645701586318182	0.5119290812417401	NS	1	Liver
Liver	Female	cRNA_2382	chr12:52562862-52566750	FULLEX	ENSMUSG00000035133.10	protein_coding	Arhgap5	UP	mmu-Arhgap5_0009,mmu-Arhgap5_0019	mm9_circ_011007	MMU_CIRCpedia_22395	3	0.8017940394077752	0.00324901296354601	3.9775748642471593	0.5146113916873664	0.00249603126511548	UP	2	Liver, Muscle
Liver	Female	cRNA_3401	chr15:84055283-84070282	JNC-JNC	ENSMUSG00000041653.6	protein_coding	Pnpla3	DOWN	mmu-Pnpla3_0001	NA	NA	3	-2.6367698899980843	9.436963193137756e-4	-4.501716420450246	-2.112163192630282	0.011274775049762058	DOWN	1	Liver
Liver	Male	cRNA_0300	chr14:34413639-34417062	JNC-JNC	ENSMUSG00000041408.19	protein_coding	Wapl	UP	mmu-Wapal_0027	mm9_circ_002816	MMU_CIRCpedia_17430	4	2.337340120069351	2.0680615355927573e-4	4.6560752697386025	0.2468856955934279	0.05976239754234142	UP	1	Liver
Liver	Male	cRNA_0523	chr5:106782697-106786501	JNC-JNC	ENSMUSG00000049606.17	protein_coding	Zfp644	UP	mmu-Zfp644_0013	mm9_circ_014393	MMU_CIRCpedia_1797	4	2.1983972612593594	8.868543973517384e-4	4.247196464405606	0.8518162509314584	4.359813413017416e-7	UP	1	Liver
Liver	Male	cRNA_0538	chr5:135150360-135152871	JNC-JNC	ENSMUSG00000005373.14	protein_coding	Mlxipl	DOWN	mmu-Mlxipl_0001	NA	MMU_CIRCpedia_8211	3	-1.0135118857269565	0.03730254398885404	-2.935746896244068	-0.32998142724602864	0.2862676755161334	NS	2	Kidney, Liver
Liver	Male	cRNA_0748	chr1:38092697-38124733	JNC-JNC	ENSMUSG00000026082.12	protein_coding	Rev1	UP	mmu-Rev1_0016	mm9_circ_016062	MMU_CIRCpedia_18768	3	2.3279934484695795	0.01196748596466109	3.5043212980976075	1.230218655407389	2.477625407159123e-10	UP	1	Liver
Liver	Male	cRNA_0832	chr9:83834577-83873875	JNC-JNC	ENSMUSG00000032263.15	protein_coding	Bckdhb	UP	mmu-Bckdhb_0003	NA	MMU_CIRCpedia_31466	4	1.5462765684856286	0.00443819608958757	3.93602867825644	0.25176692105968557	0.03929709818932456	UP	3	Kidney, Liver, Muscle
Liver	Male	cRNA_0994	chr17:5090855-5177299	JNC-JNC	ENSMUSG00000069729.15	protein_coding	Arid1b	DOWN	mmu-Arid1b_0002	NA	MMU_CIRCpedia_21839	4	-2.0385036804927203	0.01613162086181781	-3.312644384165098	0.16220292812787487	0.24870945787268856	NS	1	Liver
Liver	Male	cRNA_1065	chr18:45725073-45725491	FULLEX	ENSMUSG00000054477.17	protein_coding	Kcnn2	UP	mmu-Kcnn2_0003	mm9_circ_008701	MMU_CIRCpedia_20606	3	2.41214328329179	0.01196748596466109	3.3869422589061395	1.2604644211004548	9.237615800599191e-9	UP	1	Liver
Liver	Male	cRNA_1147	chr5:106767406-106786501	JNC-JNC	ENSMUSG00000049606.17	protein_coding	Zfp644	UP	mmu-Zfp644_0004	NA	MMU_CIRCpedia_1795	4	2.145137811096306	0.00133096625360306	4.091708706103036	0.8518162509314584	4.359813413017416e-7	UP	1	Liver
Liver	Male	cRNA_1342	chr8:87392319-87399697	JNC-JNC	ENSMUSG00000047866.21	protein_coding	Lonp2	DOWN	mmu-Lonp2_0012	NA	MMU_CIRCpedia_32535	4	-2.1006261609380097	0.02398065749945495	-3.079718958626133	-1.5081582830261906	4.464136368787452e-11	DOWN	1	Liver
Liver	Male	cRNA_1984	chr18:12817894-12831116	JNC-JNC	ENSMUSG00000024424.16	protein_coding	Ttc39c	DOWN	mmu-Ttc39c_0004	NA	MMU_CIRCpedia_6723	3	-3.1639645491588695	5.445906210366583e-5	-4.992774284949426	-1.449812210332373	5.90619792271844e-20	DOWN	1	Liver
Liver	Male	cRNA_2086	chr19:39424498-39449183	JNC-JNC	ENSMUSG00000032808.3	protein_coding	Cyp2c38	UP	mmu-Cyp2c38_0008	NA	NA	3	2.8844572033799754	0.0131154927951796	3.3740506296160717	1.981849058544406	9.085554397124706e-7	UP	1	Liver
Liver	Male	cRNA_2382	chr12:52562862-52566750	FULLEX	ENSMUSG00000035133.10	protein_coding	Arhgap5	UP	mmu-Arhgap5_0009,mmu-Arhgap5_0019	mm9_circ_011007	MMU_CIRCpedia_22395	3	2.265136644913186	9.502384028948039e-10	6.921742601253914	1.024447638828232	7.606741389892111e-9	UP	3	Heart, Liver, Muscle
Liver	Male	cRNA_3167	chr7:19430263-19430935	WEX	ENSMUSG00000002985.17	protein_coding	Apoe	DOWN	mmu-Apoe_0026	NA	NA	3	-1.0663318951056675	0.01169849283767817	-3.4555236455263345	-0.8322451736839769	5.93015833215536e-4	DOWN	1	Liver
Liver	Male	cRNA_3567	chr19:40141975-40156067	EX-JNC	ENSMUSG00000060613.11	protein_coding	Cyp2c70	UP	mmu-Cyp2c70_0002	NA	NA	3	2.5169735651377634	0.00989175497195427	3.5284749663242194	0.07112379160309497	0.8521918934378316	NS	1	Liver
Muscle	Female	cRNA_0044	chr13:101893834-101894547	FULLEX	ENSMUSG00000041417.16	protein_coding	Pik3r1	UP	mmu-Pik3r1_0005	NA	MMU_CIRCpedia_568	4	1.7339688919372218	0.02904644271899555	3.2558696940549634	1.116570307837795	4.311233476271636e-5	UP	1	Muscle
Muscle	Female	cRNA_0320	chr14:120562206-120562824	FULLEX	ENSMUSG00000022139.18	protein_coding	Mbnl2	UP	mmu-Mbnl2_0008	NA	MMU_CIRCpedia_5057	3	1.9321876057507128	0.03331892184316859	3.239673647589376	-0.09652263541966485	0.43410177344301115	NS	2	Kidney, Muscle
Muscle	Female	cRNA_0697	chr2:92044394-92061069	JNC-JNC	ENSMUSG00000058318.16	protein_coding	Phf21a	DOWN	mmu-Phf21a_0029	mm9_circ_006097	MMU_CIRCpedia_34310	3	-1.0476400164935855	0.0114596733468069	-3.628023441093137	-0.4574858234215416	0.02826835341511412	DOWN	1	Muscle
Muscle	Female	cRNA_0832	chr9:83834577-83873875	JNC-JNC	ENSMUSG00000032263.15	protein_coding	Bckdhb	UP	mmu-Bckdhb_0003	NA	MMU_CIRCpedia_31466	4	3.75865693657465	5.8776974514289354e-5	5.068149152659324	0.5509922228219117	0.005432377177944743	UP	2	Kidney, Muscle
Muscle	Female	cRNA_0854	chr8:3308383-3308934	FULLEX	ENSMUSG00000005534.11	protein_coding	Insr	UP	mmu-Insr_0016	NA	MMU_CIRCpedia_16558	4	1.9026090358824943	1.0663052703438236e-4	4.927863438381353	0.6658623797149856	0.00572767086355449	UP	4	Colon, Ileon, Kidney, Muscle
Muscle	Female	cRNA_0859	chr8:26045524-26045790	FULLEX	ENSMUSG00000031565.19	protein_coding	Fgfr1	UP	mmu-Fgfr1_0008	NA	NA	4	2.3552451452589143	0.00573060793231181	3.945035191675633	0.005917245975698162	0.9772625088011883	NS	1	Muscle
Muscle	Female	cRNA_1583	chr11:72290700-72294830	JNC-JNC	ENSMUSG00000045667.15	protein_coding	Smtnl2	DOWN	mmu-Smtnl2_0001	NA	MMU_CIRCpedia_28064	3	-1.518124510194614	0.0300583121341103	-3.319511977238682	-1.3982081837315	8.00007935409307e-20	DOWN	1	Muscle
Muscle	Female	cRNA_1634	chr15:37973147-37989896	JNC-JNC	ENSMUSG00000037487.8	protein_coding	Ubr5	DOWN	mmu-Ubr5_0062	NA	MMU_CIRCpedia_216940	3	-1.7759810159980851	0.02566318916140444	-3.239066892279008	0.09609817877852958	0.6081581831916577	NS	1	Muscle
Muscle	Female	cRNA_1675	chr19:37021922-37045691	JNC-JNC	ENSMUSG00000039652.17	protein_coding	Cpeb3	DOWN	mmu-Cpeb3_0019	NA	MMU_CIRCpedia_18411	4	-1.4214240766638513	0.02754784077727028	-3.303363873225494	-0.13483057093225392	0.45568947743175775	NS	1	Muscle
Muscle	Female	cRNA_1784	chr2:76680914-76682481	JNC-JNC	ENSMUSG00000051747.16	protein_coding	Ttn	UP	mmu-Ttn_0184	NA	NA	4	1.8797155751293504	0.00107158243815926	4.31412658311136	0.23850561363697867	0.2962565993208646	NS	1	Muscle
Muscle	Female	cRNA_1786	chr2:76683949-76686710	JNC-JNC	ENSMUSG00000051747.16	protein_coding	Ttn	UP	mmu-Ttn_0122	NA	NA	4	2.1451912942804094	0.02449591289006465	3.3768399051763036	0.23850561363697867	0.2962565993208646	NS	1	Muscle
Muscle	Female	cRNA_1856	chr9:96222255-96227946	JNC-JNC	ENSMUSG00000032412.9	protein_coding	Atp1b3	DOWN	mmu-Atp1b3_0002	NA	MMU_CIRCpedia_35348	3	-1.489218682942722	0.03437227560584761	-3.2414214418817937	0.27720773015446254	0.050882607430213195	UP	1	Muscle
Muscle	Female	cRNA_1957	chr16:4989725-4991030	JNC-JNC	ENSMUSG00000091712.3	protein_coding	Sec14l5	DOWN	mmu-Sec14l5_0001	NA	MMU_CIRCpedia_22162	3	-1.676729792158512	0.03727309910889764	-3.1757063042564058	-0.6527285614151244	0.05956023440592163	DOWN	1	Muscle
Muscle	Female	cRNA_1970	chr2:76677732-76678986	JNC-JNC	ENSMUSG00000051747.16	protein_coding	Ttn	UP	mmu-Ttn_1037	NA	NA	4	2.3569707507646234	0.00968024707973009	4.092083442782255	0.23850561363697867	0.2962565993208646	NS	1	Muscle
Muscle	Female	cRNA_1986	chr2:76684494-76686710	JNC-JNC	ENSMUSG00000051747.16	protein_coding	Ttn	UP	mmu-Ttn_0176	NA	NA	3	3.2756439387500262	4.771849176186138e-9	6.749206650144185	0.23850561363697867	0.2962565993208646	NS	1	Muscle
Muscle	Female	cRNA_2077	chr4:151118314-151125930	JNC-JNC	ENSMUSG00000028957.13	protein_coding	Per3	DOWN	mmu-Per3_0001	NA	NA	3	-0.8653475803680896	0.03437227560584761	-3.129310922712479	1.490490326795739	1.1874862748195165e-15	UP	1	Muscle
Muscle	Female	cRNA_2382	chr12:52562862-52566750	FULLEX	ENSMUSG00000035133.10	protein_coding	Arhgap5	UP	mmu-Arhgap5_0009,mmu-Arhgap5_0019	mm9_circ_011007	MMU_CIRCpedia_22395	3	2.7145458072580446	1.6675228392042263e-5	5.29368573671331	0.331040993354236	0.06915797178775132	UP	2	Liver, Muscle
Muscle	Female	cRNA_2399	chr16:57390013-57392788	JNC-EX	ENSMUSG00000043336.15	protein_coding	Filip1l	DOWN	mmu-Filip1l_0001	NA	NA	3	-1.545460662456441	1.541054555601838e-4	-4.761004429977407	-0.5156750156720072	0.004773067117964299	DOWN	1	Muscle
Muscle	Male	cRNA_0160	chr10:25096509-25165628	JNC-JNC	ENSMUSG00000039166.17	protein_coding	Akap7	UP	mmu-Akap7_0001	mm9_circ_000741	MMU_CIRCpedia_14415	4	1.9409291035026248	0.01342954904377812	3.505265888435124	0.555516324093467	0.16806598008009066	NS	1	Muscle
Muscle	Male	cRNA_0278	chr15:88695500-88696362	JNC-JNC	ENSMUSG00000035845.18	protein_coding	Alg12	UP	mmu-Alg12_0001	mm9_circ_017350	MMU_CIRCpedia_33206	3	1.519514876967046	0.01114615902805863	3.638689090546558	-0.012306049120046413	0.967501487993762	NS	1	Muscle
Muscle	Male	cRNA_0416	chr7:132373307-132381114	JNC-JNC	ENSMUSG00000030956.16	protein_coding	Fam53b	DOWN	mmu-Fam53b_0001	NA	MMU_CIRCpedia_7869	3	-1.5203761545881438	0.01853913046959931	-3.4711091757539743	-0.7164262372600829	4.638016335944041e-5	DOWN	1	Muscle
Muscle	Male	cRNA_0639	chr3:103217625-103218829	JNC-JNC	ENSMUSG00000033014.13	protein_coding	Trim33	UP	mmu-Trim33_0028	mm9_circ_015990	MMU_CIRCpedia_935	3	1.9633408925095155	0.03188299275646403	3.1821454251976764	0.31369111083975265	0.05274745518152525	UP	1	Muscle
Muscle	Male	cRNA_0819	chr9:65701904-65702777	FULLEX	ENSMUSG00000040524.10	protein_coding	Zfp609	UP	mmu-Zfp609_0001	mm9_circ_004501	MMU_CIRCpedia_26291	3	1.5118117423107555	0.01160677048388993	3.58406743963606	0.6031661983288853	0.022160807629300623	UP	2	Kidney, Muscle
Muscle	Male	cRNA_0832	chr9:83834577-83873875	JNC-JNC	ENSMUSG00000032263.15	protein_coding	Bckdhb	UP	mmu-Bckdhb_0003	NA	MMU_CIRCpedia_31466	3	3.2109890280489752	0.00104254419082677	4.315363045216655	1.0397443197757312	4.108037256962594e-6	UP	3	Kidney, Liver, Muscle
Muscle	Male	cRNA_0833	chr9:83870829-83894672	JNC-JNC	ENSMUSG00000032263.15	protein_coding	Bckdhb	UP	mmu-Bckdhb_0002	mm9_circ_009629	MMU_CIRCpedia_31491	4	2.0722446488444826	0.01142693803294339	3.567992085603319	1.0397443197757312	4.108037256962594e-6	UP	1	Muscle
Muscle	Male	cRNA_0854	chr8:3308383-3308934	FULLEX	ENSMUSG00000005534.11	protein_coding	Insr	UP	mmu-Insr_0016	NA	MMU_CIRCpedia_16558	4	1.3918799093154268	0.01082384298967521	3.653082626518718	1.0823663529470728	9.223954403806015e-7	UP	1	Muscle
Muscle	Male	cRNA_0892	chr8:96091942-96093050	JNC-JNC	ENSMUSG00000031790.9	protein_coding	Mmp15	DOWN	mmu-Mmp15_0002	mm9_circ_012938	MMU_CIRCpedia_35067	4	-1.958881926770967	6.14313274190528e-4	-4.54643687961686	-1.8331960645029513	4.3698279781509935e-6	DOWN	1	Muscle
Muscle	Male	cRNA_1175	chr4:53127597-53133015	JNC-JNC	ENSMUSG00000015243.5	protein_coding	Abca1	UP	mmu-Abca1_0011	NA	MMU_CIRCpedia_22530	3	2.1703791642156807	0.01114615902805863	3.614247425267183	1.5430734989684622	6.164876173595107e-6	UP	1	Muscle
Muscle	Male	cRNA_1292	chr9:14482919-14486735	JNC-JNC	ENSMUSG00000013076.18	protein_coding	Amotl1	DOWN	mmu-Amotl1_0005	mm9_circ_000340	MMU_CIRCpedia_9611	3	-1.3115412706087868	0.01683838098697558	-3.519543828619024	-0.5177455693218824	0.0051618546783205	DOWN	1	Muscle
Muscle	Male	cRNA_1583	chr11:72290700-72294830	JNC-JNC	ENSMUSG00000045667.15	protein_coding	Smtnl2	DOWN	mmu-Smtnl2_0001	NA	MMU_CIRCpedia_28064	4	-2.54300031217327	1.6745802428701613e-5	-5.518434374808393	-1.8705119609685352	4.7598642995433276e-12	DOWN	1	Muscle
Muscle	Male	cRNA_1786	chr2:76683949-76686710	JNC-JNC	ENSMUSG00000051747.16	protein_coding	Ttn	UP	mmu-Ttn_0122	NA	NA	3	1.5808943310915469	0.00377105889521218	3.9687768014469142	0.06201039989436728	0.8742491828535176	NS	1	Muscle
Muscle	Male	cRNA_1855	chr9:96084184-96129141	JNC-JNC	ENSMUSG00000032411.16	protein_coding	Tfdp2	UP	mmu-Tfdp2_0003	NA	MMU_CIRCpedia_35317	3	2.7949019040229506	7.702274030924192e-4	4.4152289202183175	2.426493604990569	7.360109368984115e-8	UP	1	Muscle
Muscle	Male	cRNA_1957	chr16:4989725-4991030	JNC-JNC	ENSMUSG00000091712.3	protein_coding	Sec14l5	DOWN	mmu-Sec14l5_0001	NA	MMU_CIRCpedia_22162	3	-2.391697447399013	0.03589323108423679	-3.1340475742088785	-1.8766333284188303	1.8465451697253863e-8	DOWN	1	Muscle
Muscle	Male	cRNA_2081	chr2:152755365-152761373	JNC-JNC	ENSMUSG00000027470.10	protein_coding	Mylk2	DOWN	mmu-Mylk2_0003	NA	NA	4	-1.1844895588008382	0.01042034649551238	-3.659207149982993	0.3636100562036895	0.24483678375038245	NS	1	Muscle
Muscle	Male	cRNA_2084	chr8:41357483-41358764	JNC-JNC	ENSMUSG00000031596.16	protein_coding	Slc7a2	UP	mmu-Slc7a2_0001	NA	NA	3	1.6171664484071306	0.01962100895411201	3.3689950516463125	1.8897192062284072	1.1974598471980353e-13	UP	1	Muscle
Muscle	Male	cRNA_2382	chr12:52562862-52566750	FULLEX	ENSMUSG00000035133.10	protein_coding	Arhgap5	UP	mmu-Arhgap5_0009,mmu-Arhgap5_0019	mm9_circ_011007	MMU_CIRCpedia_22395	3	3.167800592429069	7.139002988415371e-4	4.468190583353814	0.3545930926660842	0.13914088761285662	NS	3	Heart, Liver, Muscle
Muscle	Male	cRNA_2399	chr16:57390013-57392788	JNC-EX	ENSMUSG00000043336.15	protein_coding	Filip1l	DOWN	mmu-Filip1l_0001	NA	NA	3	-1.7667542180627973	5.80467694127743e-4	-4.5618872568555	-0.9142246999353786	0.002042096446294424	DOWN	1	Muscle
