Tissue	circID	Cons_coords	type	gene_id	gene_type	gene_name	Change	circAtlas	circBase	circPedia	NtoolsDE	medianBMean	medianLFC	medianPadj	medianStat
Colon	cRNA_0029	chr13:41492053-41492496	FULLEX	ENSMUSG00000021365.16	protein_coding	Nedd9	UP	mmu-Nedd9_0001	NA	MMU_CIRCpedia_19616	4	3.301521497794164	2.0985231029632274	0.022150649837866975	3.26332908270438
Colon	cRNA_0078	chr12:82387436-82389273	FULLEX	ENSMUSG00000042700.17	protein_coding	Sipa1l1	UP	mmu-Sipa1l1_0031	mm9_circ_007155	MMU_CIRCpedia_31036	3	25.130033555651423	1.0249986589582196	1.9159230965955768e-4	4.713456658857895
Colon	cRNA_0155	chr10:12312025-12331308	JNC-JNC	ENSMUSG00000019820.12	protein_coding	Utrn	DOWN	mmu-Utrn_0025	mm9_circ_009056	MMU_CIRCpedia_6294	4	10.894206658592992	-1.9635742949133852	3.568777458501507e-4	-4.833562987871226
Colon	cRNA_0234	chr16:13515197-13516939	JNC-JNC	ENSMUSG00000022684.16	protein_coding	Bfar	UP	mmu-Bfar_0002	mm9_circ_009604	MMU_CIRCpedia_8487	4	8.247242701280658	2.787885153342872	1.0784442612025024e-5	5.580766519360464
Colon	cRNA_0240	chr16:32770662-32782114	JNC-JNC	ENSMUSG00000022801.14	protein_coding	Lrch3	DOWN	mmu-Lrch3_0004	mm9_circ_007087	MMU_CIRCpedia_16720	3	17.772137776773583	-0.8688280569482183	0.00246179835422608	-4.002834470300921
Colon	cRNA_0299	chr14:34398911-34417062	JNC-JNC	ENSMUSG00000041408.19	protein_coding	Wapl	UP	mmu-Wapal_0026	NA	MMU_CIRCpedia_17425	3	2.741158095257743	2.286667445427914	0.03764429821031189	3.0058974387886734
Colon	cRNA_0314	chr14:75013021-75023830	JNC-JNC	ENSMUSG00000068015.9	protein_coding	Lrch1	DOWN	mmu-Lrch1_0015	mm9_circ_013364	MMU_CIRCpedia_28856	3	4.98040282568816	-1.4450458926141216	0.01202162922706232	-3.490311629440684
Colon	cRNA_0344	chr18:73808232-73811110	JNC-JNC	ENSMUSG00000024515.14	protein_coding	Smad4	DOWN	mmu-Smad4_0010	mm9_circ_006973	MMU_CIRCpedia_28512	3	12.271038349222644	-1.18770738508346	0.00112727154662628	-4.23035735738756
Colon	cRNA_0356	chr19:29731000-29732417	FULLEX	ENSMUSG00000046138.16	protein_coding	9930021J03Rik	UP	mmu-9930021J03Rik_0010	NA	MMU_CIRCpedia_15577	4	4.813918860782041	1.5742089257954073	0.0046164268023337895	3.835216041569322
Colon	cRNA_0410	chr7:120651310-120656622	JNC-JNC	ENSMUSG00000030876.8	protein_coding	Mettl9	UP	mmu-Mettl9_0005	mm9_circ_008117	MMU_CIRCpedia_5314	4	8.513972569148674	1.2226081367795416	0.00486577313456713	3.7866968074047205
Colon	cRNA_0457	chr6:88332465-88335624	JNC-JNC	ENSMUSG00000033216.10	protein_coding	Eefsec	DOWN	mmu-Eefsec_0001	mm9_circ_010484	MMU_CIRCpedia_33084	3	3.613882116048591	-2.069667260529039	0.01202162922706232	-3.48316139361764
Colon	cRNA_0466	chr6:119029562-119034476	JNC-JNC	ENSMUSG00000051331.17	protein_coding	Cacna1c	DOWN	mmu-Cacna1c_0026	mm9_circ_006741	MMU_CIRCpedia_4657	4	7.08093957626639	-1.8726173862911635	0.01421029406263325	-3.400328264071103
Colon	cRNA_0520	chr5:103930990-103932379	JNC-JNC	ENSMUSG00000029313.19	protein_coding	Aff1	UP	mmu-Aff1_0001	NA	MMU_CIRCpedia_1036	4	3.2840112282801135	2.155752746233313	0.0027242475066382	4.003526169398258
Colon	cRNA_0643	chr3:122541538-122542126	FULLEX	ENSMUSG00000053965.11	protein_coding	Pde5a	UP	mmu-Pde5a_0009	mm9_circ_007906	MMU_CIRCpedia_5878	4	10.788536030686755	1.6877179451391058	7.86468849606984e-5	4.9133581491425655
Colon	cRNA_0645	chr3:122575216-122611716	JNC-JNC	ENSMUSG00000053965.11	protein_coding	Pde5a	UP	mmu-Pde5a_0007	mm9_circ_007474	MMU_CIRCpedia_5887	4	15.789486842073403	1.5205461130936944	2.7591434430424994e-5	5.241478594928534
Colon	cRNA_0692	chr2:72800499-72801858	FULLEX	ENSMUSG00000027109.17	protein_coding	Sp3	UP	mmu-Sp3_0005	NA	MMU_CIRCpedia_28256	4	4.130327419729573	1.7255671250171076	0.015137333177410974	3.36713744242647
Colon	cRNA_0802	chr9:32157743-32162083	JNC-JNC	ENSMUSG00000041444.15	protein_coding	Arhgap32	DOWN	mmu-Arhgap32_0014	NA	MMU_CIRCpedia_16463	3	5.360817540443236	-1.566672620595289	0.01354394981090716	-3.4178038734478107
Colon	cRNA_0805	chr9:45802102-45809789	JNC-JNC	ENSMUSG00000042790.17	protein_coding	Rnf214	UP	mmu-Rnf214_0001	NA	MMU_CIRCpedia_20731	3	5.3549386281409825	1.3369187545331565	0.02557614101486072	3.209372763044764
Colon	cRNA_0819	chr9:65701904-65702777	FULLEX	ENSMUSG00000040524.10	protein_coding	Zfp609	UP	mmu-Zfp609_0001	mm9_circ_004501	MMU_CIRCpedia_26291	3	8.91450262657409	1.3060322054634346	0.03374426411530485	3.0661069791188074
Colon	cRNA_0869	chr8:58036801-58037261	FULLEX	ENSMUSG00000031608.14	protein_coding	Galnt7	UP	mmu-Galnt7_0001	NA	MMU_CIRCpedia_23862	4	6.463104922679625	2.351578524728576	7.149331306737262e-4	4.399281190550355
Colon	cRNA_1390	chr16:58305126-58327977	JNC-JNC	ENSMUSG00000022747.18	protein_coding	St3gal6	DOWN	mmu-St3gal6_0003	NA	MMU_CIRCpedia_24193	3	18.52789002049622	-2.890945514580324	0.01202162922706232	-3.498490316758613
Colon	cRNA_1421	chr19:42550991-42552780	FULLEX	ENSMUSG00000025184.11	protein_coding	R3hcc1l	DOWN	mmu-R3hcc1l_0002	mm9_circ_011137	MMU_CIRCpedia_19886	4	4.879785087733382	-2.1707116194554503	4.3038538609689597e-4	-4.509162266591746
Colon	cRNA_1922	chr3:98198203-98198657	FULLEX	ENSMUSG00000027875.13	protein_coding	Hmgcs2	UP	mmu-Hmgcs2_0001	NA	MMU_CIRCpedia_39801	3	1.985464207766685	4.387482328929195	4.850358602559394e-5	5.06073172279398
Colon	cRNA_2456	chr5:106765937-106767508	EX-JNC	ENSMUSG00000049606.17	protein_coding	Zfp644	UP	mmu-Zfp644_0011	mm9_circ_001406	NA	3	8.885447788181075	1.366986768086873	0.00344703150193004	3.929301993755074
Heart	cRNA_0004	chrX:82921653-82930839	JNC-JNC	ENSMUSG00000045103.20	protein_coding	Dmd	UP	mmu-Dmd_0056	NA	MMU_CIRCpedia_31435	4	4.303858178924634	2.7790463051778813	0.00635468008192035	3.812208417163606
Heart	cRNA_0029	chr13:41492053-41492496	FULLEX	ENSMUSG00000021365.16	protein_coding	Nedd9	UP	mmu-Nedd9_0001	NA	MMU_CIRCpedia_19616	4	4.090864210236925	2.4304979632369617	0.019162944304092037	3.3787052679230563
Heart	cRNA_0121	chr11:62037132-62052736	JNC-JNC	ENSMUSG00000042331.14	protein_coding	Specc1	DOWN	mmu-Specc1_0007	mm9_circ_001346	MMU_CIRCpedia_25187	3	7.284149382312217	-1.885730620052804	0.04319279539268735	-3.117118818187209
Heart	cRNA_0124	chr11:65109355-65124010	JNC-JNC	ENSMUSG00000020542.19	protein_coding	Myocd	UP	mmu-Myocd_0001	NA	MMU_CIRCpedia_26108	3	120.4973256643184	0.6863864801091397	0.0033807044681254	3.995825587438515
Heart	cRNA_0165	chr10:39952560-39956803	JNC-JNC	ENSMUSG00000019838.12	protein_coding	Slc16a10	DOWN	mmu-Slc16a10_0002	NA	MMU_CIRCpedia_19283	4	15.781240651611817	-2.417370578484873	0.002166742385120745	-4.293946684461982
Heart	cRNA_0261	chr15:4064742-4089478	JNC-JNC	ENSMUSG00000022186.15	protein_coding	Oxct1	UP	mmu-Oxct1_0011	NA	MMU_CIRCpedia_19333	3	10.181114783292497	1.8046162161715047	0.0123130264601651	3.554580874190888
Heart	cRNA_0262	chr15:4076947-4089478	JNC-JNC	ENSMUSG00000022186.15	protein_coding	Oxct1	UP	mmu-Oxct1_0001	mm9_circ_000453	MMU_CIRCpedia_19364	4	35.15905127611826	1.419774194021969	0.003755948381016692	4.776350926563974
Heart	cRNA_0277	chr15:82735714-82741485	FULLEX	ENSMUSG00000041852.16	protein_coding	Tcf20	DOWN	mmu-Tcf20_0003,mmu-Tcf20_0032	mm9_circ_001424	MMU_CIRCpedia_31130	4	20.26895300416751	-1.9796515060308915	1.1416965418090196e-5	-5.613349966749035
Heart	cRNA_0320	chr14:120562206-120562824	FULLEX	ENSMUSG00000022139.18	protein_coding	Mbnl2	UP	mmu-Mbnl2_0008	NA	MMU_CIRCpedia_5057	3	6.868807915236852	1.6367825267623513	0.03012451124142465	3.1825355561587454
Heart	cRNA_0367	chr19:45910056-45928942	JNC-JNC	ENSMUSG00000039901.11	protein_coding	Armh3	UP	mmu-9130011E15Rik_0030	NA	MMU_CIRCpedia_20739	3	3.020790175071875	4.356313872331611	0.00136859874052109	4.406622631110291
Heart	cRNA_0377	chr7:14312661-14343264	JNC-JNC	ENSMUSG00000121301.1	lncRNA	Nlrp5-ps	DOWN	mmu-Nlrp5-ps_0001,mmu-Nlrp5-ps_0043	NA	MMU_CIRCpedia_9614	3	12.01248438155202	-1.8081170645140452	0.0010006414990102	-4.505429037924728
Heart	cRNA_0447	chr6:47553470-47554601	JNC-JNC	ENSMUSG00000029687.17	protein_coding	Ezh2	DOWN	mmu-Ezh2_0018	mm9_circ_002148	MMU_CIRCpedia_21123	3	27.86976196217066	-1.9943869594877228	0.00121761305019792	-4.554608137726381
Heart	cRNA_0760	chr1:74020073-74036263	JNC-JNC	ENSMUSG00000055322.17	protein_coding	Tns1	UP	mmu-Tns1_0020	NA	MMU_CIRCpedia_40011	3	10.469129562059605	1.8517634361658868	0.00136859874052109	4.372039685151301
Heart	cRNA_0802	chr9:32157743-32162083	JNC-JNC	ENSMUSG00000041444.15	protein_coding	Arhgap32	UP	mmu-Arhgap32_0014	NA	MMU_CIRCpedia_16463	3	31.586120289545537	0.8002823151414726	0.02219922465419234	3.362439488426893
Heart	cRNA_0835	chr9:96084184-96114801	JNC-JNC	ENSMUSG00000032411.16	protein_coding	Tfdp2	UP	mmu-Tfdp2_0001	NA	MMU_CIRCpedia_35316	3	15.620992770863063	1.1489233707276063	0.04330466504840136	3.038208790710755
Heart	cRNA_0836	chr9:96084184-96155995	JNC-JNC	ENSMUSG00000032411.16	protein_coding	Tfdp2	UP	mmu-Tfdp2_0026	NA	MMU_CIRCpedia_35318	3	22.453717501797353	1.1500578508565873	0.01217333510300195	3.553309423092438
Heart	cRNA_0855	chr8:8689206-8689489	FULLEX	ENSMUSG00000001300.17	protein_coding	Efnb2	UP	mmu-Efnb2_0001	NA	MMU_CIRCpedia_32422	3	19.808142934057503	1.4129376287860265	0.0033807044681254	3.9952531012195993
Heart	cRNA_0879	chr8:78071269-78085263	JNC-JNC	ENSMUSG00000037148.9	protein_coding	Arhgap10	UP	mmu-Arhgap10_0013	NA	MMU_CIRCpedia_29632	4	25.574316081969826	1.1122535040666328	0.009142759167364515	3.721450856419003
Heart	cRNA_0886	chr8:81526730-81527024	FULLEX	ENSMUSG00000031714.10	protein_coding	Gab1	UP	mmu-Gab1_0001	mm9_circ_015224	MMU_CIRCpedia_30620	3	9.03645855986276	1.6374654770219157	0.00597336485127507	3.816066279097844
Heart	cRNA_1016	chr16:32437036-32437994	JNC-JNC	ENSMUSG00000022797.17	protein_coding	Tfrc	DOWN	mmu-Tfrc_0002	NA	MMU_CIRCpedia_16575	3	13.443504455087274	-2.348030070092916	0.00217486006116841	-4.153028477894618
Heart	cRNA_1063	chr18:39360421-39379977	JNC-JNC	ENSMUSG00000036452.19	protein_coding	Arhgap26	UP	mmu-Arhgap26_0014	mm9_circ_013712	MMU_CIRCpedia_19089	3	7.1288480142588	2.704472151052983	0.00136859874052109	4.385272335375782
Heart	cRNA_1067	chr18:56940736-56945147	JNC-JNC	ENSMUSG00000032656.15	protein_coding	Marchf3	DOWN	mmu-March3_0001	NA	MMU_CIRCpedia_23642	4	10.499393104680033	-1.950636151051219	0.03830551141157538	-3.1538867224477256
Heart	cRNA_1088	chr19:40325430-40353610	JNC-JNC	ENSMUSG00000025006.19	protein_coding	Sorbs1	UP	mmu-Sorbs1_0055	NA	MMU_CIRCpedia_19320	3	7.086894946445749	1.4406271448465686	0.04319279539268735	3.047952316152441
Heart	cRNA_1141	chr5:72579368-72611849	JNC-JNC	ENSMUSG00000005220.11	protein_coding	Corin	UP	mmu-Corin_0004	NA	MMU_CIRCpedia_214900	4	9.105400821599627	1.868578485831573	0.003107225576087145	4.068573501997934
Heart	cRNA_1148	chr5:106783476-106786501	FULLEX	ENSMUSG00000049606.17	protein_coding	Zfp644	UP	mmu-Zfp644_0016	NA	MMU_CIRCpedia_1799	3	3.3178378413799616	2.810258700613854	0.01585111603080807	3.455534772197861
Heart	cRNA_1235	chr2:118462240-118465758	JNC-JNC	ENSMUSG00000040084.10	protein_coding	Bub1b	DOWN	mmu-Bub1b_0011,mmu-Bub1b_0014	mm9_circ_001283	MMU_CIRCpedia_37655	3	10.0852053261585	-2.1693541295713046	0.0271991769994165	-3.334154591002058
Heart	cRNA_1497	chr2:68189158-68199449	JNC-JNC	ENSMUSG00000027030.16	protein_coding	Stk39	UP	mmu-Stk39_0018	NA	MMU_CIRCpedia_26987	3	9.523379871088954	1.6587775091463353	0.00581085869673072	3.8361763266005666
Heart	cRNA_1608	chr10:91911032-91972552	JNC-JNC	ENSMUSG00000112117.4	lncRNA	Rmst	UP	mmu-Rmst_0001	mm9_circ_005214	NA	3	6.475551823483762	1.794642454085326	0.02169364281701636	3.3251769412908896
Heart	cRNA_1690	chr7:64011688-64021407	JNC-JNC	ENSMUSG00000033458.18	protein_coding	Fan1	UP	mmu-Fan1_0001,mmu-Fan1_0013	NA	MMU_CIRCpedia_216998	3	25.756687316469307	1.0736641343533275	0.01248203661886458	3.609288537355827
Heart	cRNA_1786	chr2:76683949-76686710	JNC-JNC	ENSMUSG00000051747.16	protein_coding	Ttn	UP	mmu-Ttn_0122	NA	NA	3	5.653427726338087	3.570589316561575	0.00300182769648441	4.050838626979432
Heart	cRNA_1791	chr2:76853790-76861051	JNC-JNC	ENSMUSG00000044033.17	protein_coding	Ccdc141	UP	mmu-Ccdc141_0024	NA	MMU_CIRCpedia_29482	3	4.38870265524746	2.144035626653106	0.04085510011285818	3.063585670786767
Heart	cRNA_1794	chr2:76919414-76938823	JNC-JNC	ENSMUSG00000044033.17	protein_coding	Ccdc141	UP	mmu-Ccdc141_0018	NA	MMU_CIRCpedia_29512	4	23.391112566860947	1.0930191646378677	0.008420802078697484	3.77659980271309
Heart	cRNA_1845	chr9:77072047-77098019	JNC-JNC	ENSMUSG00000032355.17	protein_coding	Mlip	UP	mmu-Mlip_0029	mm9_circ_012617	MMU_CIRCpedia_29558	3	27.486185576742884	1.0472232532234445	0.00792063533108279	3.69759489366099
Heart	cRNA_1862	chr9:110808538-110810031	JNC-JNC	ENSMUSG00000032495.9	protein_coding	Lrrc2	UP	mmu-Lrrc2_0003	NA	NA	3	28.022330904394725	1.151783268678306	0.01585111603080807	3.4569391313774616
Heart	cRNA_1869	chr8:3223480-3224888	JNC-JNC	ENSMUSG00000005534.11	protein_coding	Insr	UP	mmu-Insr_0007	NA	MMU_CIRCpedia_16239	4	17.28629297829727	1.6764855182711127	3.844334919205231e-4	4.840167723414494
Heart	cRNA_2382	chr12:52562862-52566750	FULLEX	ENSMUSG00000035133.10	protein_coding	Arhgap5	UP	mmu-Arhgap5_0009,mmu-Arhgap5_0019	mm9_circ_011007	MMU_CIRCpedia_22395	3	25.185532581043873	1.1376544921121785	0.01152843281533327	3.635927314342324
Ileon	cRNA_0078	chr12:82387436-82389273	FULLEX	ENSMUSG00000042700.17	protein_coding	Sipa1l1	UP	mmu-Sipa1l1_0031	mm9_circ_007155	MMU_CIRCpedia_31036	4	22.64171352170749	1.4746144107341146	8.167747125309638e-5	4.889575494803559
Ileon	cRNA_0090	chr12:107955724-107956089	FULLEX	ENSMUSG00000048251.16	protein_coding	Bcl11b	UP	mmu-Bcl11b_0009,mmu-Bcl11b_0008	mm9_circ_001140	MMU_CIRCpedia_2209	4	5.280972041348322	1.2301270747509767	0.029013536541792475	2.9658976136098207
Ileon	cRNA_0104	chr11:6263788-6267080	JNC-JNC	ENSMUSG00000020456.18	protein_coding	Ogdh	UP	mmu-Ogdh_0003	mm9_circ_001335	MMU_CIRCpedia_25484	4	12.1545560137173	1.1277456900969614	0.02984408040615139	3.0349353618587993
Ileon	cRNA_0108	chr11:12293744-12328359	JNC-JNC	ENSMUSG00000020173.18	protein_coding	Cobl	UP	mmu-Cobl_0002	mm9_circ_018049	MMU_CIRCpedia_6080	4	4.1692761764399116	3.953471649512942	3.3118589055047655e-6	5.629866281450523
Ileon	cRNA_0109	chr11:12315105-12328359	JNC-JNC	ENSMUSG00000020173.18	protein_coding	Cobl	UP	mmu-Cobl_0001	NA	MMU_CIRCpedia_6175	3	5.150533033782039	2.4559902589856684	4.1391553379769826e-4	4.48209597125979
Ileon	cRNA_0155	chr10:12312025-12331308	JNC-JNC	ENSMUSG00000019820.12	protein_coding	Utrn	DOWN	mmu-Utrn_0025	mm9_circ_009056	MMU_CIRCpedia_6294	4	10.259300637808519	-1.2338100379189947	0.002494505880855345	-3.9696499614238503
Ileon	cRNA_0195	chr17:26958517-26962105	JNC-JNC	ENSMUSG00000048249.15	protein_coding	Crebrf	UP	mmu-Crebrf_0009	mm9_circ_004122	MMU_CIRCpedia_14835	3	25.954000770159084	1.0766135946010225	5.310298168868434e-5	5.036836544986058
Ileon	cRNA_0213	chr17:69514854-69517378	JNC-JNC	ENSMUSG00000024044.20	protein_coding	Epb41l3	UP	mmu-Epb4.1l3_0021	mm9_circ_009155	MMU_CIRCpedia_27127	3	3.303269486583378	1.7257072512322214	0.02107524408394696	3.1579172622870924
Ileon	cRNA_0215	chr17:74213005-74214740	JNC-JNC	ENSMUSG00000024066.10	protein_coding	Xdh	UP	mmu-Xdh_0001	NA	MMU_CIRCpedia_39091	3	5.74943394988275	1.556770413660232	0.01692252495559	3.3165471083658633
Ileon	cRNA_0234	chr16:13515197-13516939	JNC-JNC	ENSMUSG00000022684.16	protein_coding	Bfar	UP	mmu-Bfar_0002	mm9_circ_009604	MMU_CIRCpedia_8487	4	11.334632451097402	2.554066452387474	3.545675256267435e-9	6.804840762739516
Ileon	cRNA_0285	chr15:99717375-99724718	JNC-JNC	ENSMUSG00000023022.15	protein_coding	Lima1	UP	mmu-Lima1_0003	NA	MMU_CIRCpedia_36196	3	13.064671089077551	1.2664618317445169	8.229001923022615e-4	4.2694806819476
Ileon	cRNA_0290	chr14:8456108-8456690	JNC-JNC	ENSMUSG00000021738.6	protein_coding	Atxn7	UP	mmu-Atxn7_0001	NA	MMU_CIRCpedia_8902	3	9.107580274077169	1.3550145877056758	0.00263459360710952	3.949206999256999
Ileon	cRNA_0299	chr14:34398911-34417062	JNC-JNC	ENSMUSG00000041408.19	protein_coding	Wapl	UP	mmu-Wapal_0026	NA	MMU_CIRCpedia_17425	4	4.557111552970377	1.936669664504092	0.0089574678071925	3.4804558926337053
Ileon	cRNA_0300	chr14:34413639-34417062	JNC-JNC	ENSMUSG00000041408.19	protein_coding	Wapl	UP	mmu-Wapal_0027	mm9_circ_002816	MMU_CIRCpedia_17430	4	27.871155793378094	0.6085223507215434	0.01327595886606745	3.308544639403391
Ileon	cRNA_0308	chr14:54995896-54997202	JNC-JNC	ENSMUSG00000022180.8	protein_coding	Slc7a8	UP	mmu-Slc7a8_0001	mm9_circ_001412	MMU_CIRCpedia_22951	3	5.5066935965821315	3.70864093727886	0.00482665073551977	3.745746845234073
Ileon	cRNA_0318	chr14:102133903-102139805	JNC-JNC	ENSMUSG00000033060.17	protein_coding	Lmo7	UP	mmu-Lmo7_0019,mmu-Lmo7_0082	NA	MMU_CIRCpedia_36899	3	3.925916146429617	1.8952859494147931	0.00856271230538487	3.505153895685734
Ileon	cRNA_0336	chr18:39230683-39244953	JNC-JNC	ENSMUSG00000036452.19	protein_coding	Arhgap26	UP	mmu-Arhgap26_0012	mm9_circ_018468	MMU_CIRCpedia_19041	3	3.433942628878135	1.829035624466132	0.01139362269595275	3.4142538454444544
Ileon	cRNA_0348	chr18:79129766-79130395	FULLEX	ENSMUSG00000024548.12	protein_coding	Setbp1	DOWN	mmu-Setbp1_0001	mm9_circ_012515	MMU_CIRCpedia_30067	4	11.218039321142552	-1.2236960527638467	0.011517498879187689	-3.4054612812609224
Ileon	cRNA_0371	chr19:57366981-57367607	JNC-JNC	ENSMUSG00000033478.6	protein_coding	Fhip2a	UP	mmu-Fam160b1_0001	mm9_circ_007735	MMU_CIRCpedia_23815	4	11.606865490319898	1.1689216805531693	0.011016197829501261	3.399371937133334
Ileon	cRNA_0447	chr6:47553470-47554601	JNC-JNC	ENSMUSG00000029687.17	protein_coding	Ezh2	DOWN	mmu-Ezh2_0018	mm9_circ_002148	MMU_CIRCpedia_21123	3	11.558078115304044	-0.898558236547857	0.03542089693100573	-2.9710819197246097
Ileon	cRNA_0466	chr6:119029562-119034476	JNC-JNC	ENSMUSG00000051331.17	protein_coding	Cacna1c	DOWN	mmu-Cacna1c_0026	mm9_circ_006741	MMU_CIRCpedia_4657	3	6.709596931245268	-1.570820210499521	0.01332798474428566	-3.351111374317242
Ileon	cRNA_0491	chr5:34000456-34003611	JNC-JNC	ENSMUSG00000057406.17	protein_coding	Nsd2	DOWN	mmu-Whsc1_0009	mm9_circ_003195	MMU_CIRCpedia_17008	4	16.507295540383794	-0.7590932568737445	0.014390764663765581	-3.269590789625673
Ileon	cRNA_0494	chr5:36728640-36729381	FULLEX	ENSMUSG00000029192.18	protein_coding	Tbc1d14	UP	mmu-Tbc1d14_0003	NA	MMU_CIRCpedia_18130	4	4.22715468867156	1.6631913735257973	0.0089574678071925	3.484400603041074
Ileon	cRNA_0514	chr5:96276802-96281991	JNC-JNC	ENSMUSG00000034724.19	protein_coding	Cnot6l	DOWN	mmu-Cnot6l_0021	NA	MMU_CIRCpedia_35298	3	10.418482828468932	-0.9192324572378822	0.01461240376570591	-3.3062727370412297
Ileon	cRNA_0520	chr5:103930990-103932379	JNC-JNC	ENSMUSG00000029313.19	protein_coding	Aff1	UP	mmu-Aff1_0001	NA	MMU_CIRCpedia_1036	4	5.768077601790315	1.5192319270474828	0.023350695073466914	3.0619484395607053
Ileon	cRNA_0530	chr5:117472833-117482078	JNC-JNC	ENSMUSG00000066894.15	protein_coding	Vsig10	UP	mmu-Vsig10_0001	NA	MMU_CIRCpedia_213768	4	7.248888374785395	1.3830623168182545	0.00372756126535037	3.8400168655941886
Ileon	cRNA_0576	chr4:98344367-98357841	JNC-JNC	ENSMUSG00000061859.18	protein_coding	Patj	UP	mmu-Inadl_0015	NA	MMU_CIRCpedia_35796	3	4.554209382013465	1.2548648753286071	0.0379569175004279	2.916517101610403
Ileon	cRNA_0600	chr4:141033825-141036391	JNC-JNC	ENSMUSG00000006445.4	protein_coding	Epha2	UP	mmu-Epha2_0002	mm9_circ_005186	MMU_CIRCpedia_9054	4	5.384460135681967	2.42316327986897	0.0010763408581567389	4.184064049434561
Ileon	cRNA_0629	chr3:88909080-88915184	JNC-JNC	ENSMUSG00000028053.14	protein_coding	Ash1l	UP	mmu-Ash1l_0015	mm9_circ_009027	MMU_CIRCpedia_33267	4	13.468136303081199	1.0890264455296848	8.906824581643709e-4	4.283512800142971
Ileon	cRNA_0643	chr3:122541538-122542126	FULLEX	ENSMUSG00000053965.11	protein_coding	Pde5a	UP	mmu-Pde5a_0009	mm9_circ_007906	MMU_CIRCpedia_5878	4	12.260423743725163	1.0942338414529096	0.02064820084195903	3.139739675142758
Ileon	cRNA_0645	chr3:122575216-122611716	JNC-JNC	ENSMUSG00000053965.11	protein_coding	Pde5a	UP	mmu-Pde5a_0007	mm9_circ_007474	MMU_CIRCpedia_5887	4	11.047680059061523	3.3583983788446075	1.4323468788611556e-6	6.645168117810639
Ileon	cRNA_0664	chr2:13386569-13463938	JNC-JNC	ENSMUSG00000026726.11	protein_coding	Cubn	UP	mmu-Cubn_0007	NA	NA	4	5.259898658307629	5.497640471928387	6.903843283403405e-5	4.958324972268667
Ileon	cRNA_0665	chr2:13408777-13463938	JNC-JNC	ENSMUSG00000026726.11	protein_coding	Cubn	UP	mmu-Cubn_0001	NA	NA	3	3.6092461525050505	3.636009307851241	5.471123621688807e-4	4.38304973539768
Ileon	cRNA_0692	chr2:72800499-72801858	FULLEX	ENSMUSG00000027109.17	protein_coding	Sp3	UP	mmu-Sp3_0005	NA	MMU_CIRCpedia_28256	4	5.780749205931881	1.2588404238605295	0.03118280112071212	2.9322893138460784
Ileon	cRNA_0698	chr2:104301094-104302192	FULLEX	ENSMUSG00000027177.15	protein_coding	Hipk3	DOWN	mmu-Hipk3_0011	mm9_circ_013422	MMU_CIRCpedia_1229	4	14.914866036017955	-1.08745562584489	3.7267480272185283e-4	-4.517162537561456
Ileon	cRNA_0709	chr2:128578483-128580289	JNC-JNC	ENSMUSG00000014361.6	protein_coding	Mertk	UP	mmu-Mertk_0004	NA	MMU_CIRCpedia_7276	3	5.312828203818467	1.4433802497703652	0.02421708778804122	3.1212995567368313
Ileon	cRNA_0739	chr1:7190418-7190839	FULLEX	ENSMUSG00000051285.18	protein_coding	Pcmtd1	UP	mmu-Pcmtd1_0002	NA	MMU_CIRCpedia_27728	3	3.1043244843942532	2.1855526576692488	0.00836723300486331	3.577500216227237
Ileon	cRNA_0793	chr1:190603789-190631768	JNC-JNC	ENSMUSG00000089872.11	protein_coding	Rps6kc1	UP	mmu-Rps6kc1_0012	mm9_circ_012003	MMU_CIRCpedia_12649	3	6.814767087409275	1.2685403297890456	0.01635564975509994	3.2798959027438652
Ileon	cRNA_0809	chr9:55714297-55767202	JNC-JNC	ENSMUSG00000034007.11	protein_coding	Scaper	UP	mmu-Scaper_0012	NA	MMU_CIRCpedia_23308	4	4.168897533115837	1.4657935296598357	0.01480455690369474	3.3396913816233513
Ileon	cRNA_0839	chr9:96474003-96493552	JNC-JNC	ENSMUSG00000032413.13	protein_coding	Rasa2	DOWN	mmu-Rasa2_0027	mm9_circ_001729	MMU_CIRCpedia_35405	4	112.70632139263924	-0.7472825643700399	0.001408716856931255	-4.175949397935607
Ileon	cRNA_0840	chr9:96484766-96493552	JNC-JNC	ENSMUSG00000032413.13	protein_coding	Rasa2	DOWN	mmu-Rasa2_0026	mm9_circ_004870	MMU_CIRCpedia_35407	3	44.94683414891193	-0.6337500407242177	0.00832550238064196	-3.5855958120034317
Ileon	cRNA_0854	chr8:3308383-3308934	FULLEX	ENSMUSG00000005534.11	protein_coding	Insr	UP	mmu-Insr_0016	NA	MMU_CIRCpedia_16558	4	6.989780964427187	1.368567552232295	0.006188831715432585	3.6875323920528915
Ileon	cRNA_0855	chr8:8689206-8689489	FULLEX	ENSMUSG00000001300.17	protein_coding	Efnb2	UP	mmu-Efnb2_0001	NA	MMU_CIRCpedia_32422	4	5.1175515980065	1.4856697760580786	0.010796220407083976	3.394791957446622
Ileon	cRNA_1072	chr18:70713724-70726411	JNC-JNC	ENSMUSG00000024513.17	protein_coding	Mbd2	DOWN	mmu-Mbd2_0007	NA	MMU_CIRCpedia_27522	3	3.6403127799542823	-1.5590675900574709	0.02330870475156395	-3.119262432035729
Ileon	cRNA_1421	chr19:42550991-42552780	FULLEX	ENSMUSG00000025184.11	protein_coding	R3hcc1l	DOWN	mmu-R3hcc1l_0002	mm9_circ_011137	MMU_CIRCpedia_19886	4	4.830201319049844	-2.4498850374107732	9.13880172982177e-5	-4.80904756205085
Ileon	cRNA_2400	chr16:96197569-96223734	JNC-EX	NA	NA	NA	UP	mmu-Igsf5_0001	NA	NA	3	7.157720341845987	1.2260482284529677	0.00836723300486331	3.59233738746772
Kidney	cRNA_0021	chr13:17937689-17947542	JNC-JNC	ENSMUSG00000041297.9	protein_coding	Cdk13	UP	mmu-Cdk13_0012	mm9_circ_016768	MMU_CIRCpedia_12127	4	10.977087789367747	0.985278816913833	0.015161648023681865	3.2697470686452874
Kidney	cRNA_0026	chr13:35999892-36000558	FULLEX	ENSMUSG00000059288.15	protein_coding	Cdyl	DOWN	mmu-Cdyl_0006	mm9_circ_003780	MMU_CIRCpedia_17892	3	21.97021045829782	-0.5971945452570806	0.03207400988016185	-2.983490985648038
Kidney	cRNA_0028	chr13:38072847-38083763	JNC-JNC	ENSMUSG00000039087.18	protein_coding	Rreb1	DOWN	mmu-Rreb1_0001	mm9_circ_011756	MMU_CIRCpedia_18690	3	17.60339236735904	-0.8872855030246612	0.01584814446695376	-3.251311819091191
Kidney	cRNA_0029	chr13:41492053-41492496	FULLEX	ENSMUSG00000021365.16	protein_coding	Nedd9	UP	mmu-Nedd9_0001	NA	MMU_CIRCpedia_19616	4	4.266932222654331	1.8741799604243008	0.00876961787171367	3.524104472697453
Kidney	cRNA_0046	chr13:104020651-104025793	JNC-JNC	ENSMUSG00000021709.15	protein_coding	Erbin	UP	mmu-Erbb2ip_0035	mm9_circ_013774	MMU_CIRCpedia_1069	3	77.13900236065362	0.47569806160503736	0.0050385255500806	3.693113093736996
Kidney	cRNA_0064	chr12:51702185-51708496	JNC-JNC	ENSMUSG00000020954.17	protein_coding	Strn3	UP	mmu-Strn3_0031	mm9_circ_004275	MMU_CIRCpedia_22143	3	5.672910580255418	1.3295413029914476	0.01691345807915386	3.275579319652564
Kidney	cRNA_0065	chr12:51806002-51807953	JNC-JNC	ENSMUSG00000035247.17	protein_coding	Hectd1	UP	mmu-Hectd1_0012	mm9_circ_002888	MMU_CIRCpedia_22183	4	22.324036072749177	0.8865746719798797	0.005569609357488945	3.693924489511251
Kidney	cRNA_0070	chr12:57350131-57354250	JNC-JNC	ENSMUSG00000047022.19	protein_coding	Mipol1	UP	mmu-Mipol1_0018,mmu-Mipol1_0040	NA	MMU_CIRCpedia_23802	3	7.060886373445723	1.091380167795968	0.03013898968382081	3.0188421943684367
Kidney	cRNA_0075	chr12:75531906-75562572	JNC-JNC	ENSMUSG00000021051.11	protein_coding	Ppp2r5e	UP	mmu-Ppp2r5e_0007	NA	MMU_CIRCpedia_29068	3	3.177223904930631	1.7399623600536955	0.02476255842449086	3.1096416446774526
Kidney	cRNA_0103	chr11:6143154-6143476	FULLEX	ENSMUSG00000053838.15	protein_coding	Nudcd3	UP	mmu-Nudcd3_0002	mm9_circ_005786	MMU_CIRCpedia_25157	3	17.033301287272568	0.982214065288768	0.01621692383143895	3.23925010713326
Kidney	cRNA_0125	chr11:68720741-68736250	JNC-JNC	ENSMUSG00000018736.15	protein_coding	Ndel1	UP	mmu-Ndel1_0012	NA	MMU_CIRCpedia_27059	4	11.272344806271	1.269709939452397	9.9833608073702e-4	4.248446662441868
Kidney	cRNA_0160	chr10:25096509-25165628	JNC-JNC	ENSMUSG00000039166.17	protein_coding	Akap7	UP	mmu-Akap7_0001	mm9_circ_000741	MMU_CIRCpedia_14415	4	13.372308486340957	0.9958078068785903	0.005699959711771045	3.6617002150326297
Kidney	cRNA_0170	chr10:62606634-62607844	JNC-JNC	ENSMUSG00000020074.8	protein_coding	Ccar1	UP	mmu-Ccar1_0009	NA	MMU_CIRCpedia_25384	4	7.022804411739402	2.6469717497243073	0.008642719714276239	3.5022834551297857
Kidney	cRNA_0193	chr17:26485257-26486332	JNC-JNC	ENSMUSG00000024188.17	protein_coding	Luc7l	UP	mmu-Luc7l_0003	mm9_circ_003008	MMU_CIRCpedia_14734	4	5.916060920537688	1.6159755195483658	0.022432678528924263	3.1335465581793054
Kidney	cRNA_0195	chr17:26958517-26962105	JNC-JNC	ENSMUSG00000048249.15	protein_coding	Crebrf	UP	mmu-Crebrf_0009	mm9_circ_004122	MMU_CIRCpedia_14835	4	39.44938328891596	0.600023096063669	0.016418738879404857	3.288156134342546
Kidney	cRNA_0206	chr17:51224555-51227631	JNC-JNC	ENSMUSG00000023923.11	protein_coding	Tbc1d5	UP	mmu-Tbc1d5_0002,mmu-Tbc1d5_0127	NA	MMU_CIRCpedia_21984	3	8.509976579616158	1.1873751035062927	0.00721343320439977	3.579585629035573
Kidney	cRNA_0225	chr17:81955238-81957067	FULLEX	ENSMUSG00000054640.16	protein_coding	Slc8a1	DOWN	mmu-intergenic_000192,mmu-intergenic_023916	mm9_circ_014302	MMU_CIRCpedia_30902	3	274.03686562051337	-1.43565780489206	1.4888087222919627e-29	-11.922615344775467
Kidney	cRNA_0231	chr16:11048374-11056963	JNC-JNC	ENSMUSG00000062203.16	protein_coding	Gspt1	UP	mmu-Gspt1_0009,mmu-Gspt1_0010	NA	MMU_CIRCpedia_3345,MMU_CIRCpedia_3346	4	7.135348988703347	2.396116758839463	0.01339687365656314	3.3948653503164445
Kidney	cRNA_0234	chr16:13515197-13516939	JNC-JNC	ENSMUSG00000022684.16	protein_coding	Bfar	UP	mmu-Bfar_0002	mm9_circ_009604	MMU_CIRCpedia_8487	4	8.128570398175656	1.867984796013381	3.539609846703811e-4	4.521168257910234
Kidney	cRNA_0262	chr15:4076947-4089478	JNC-JNC	ENSMUSG00000022186.15	protein_coding	Oxct1	UP	mmu-Oxct1_0001	mm9_circ_000453	MMU_CIRCpedia_19364	4	16.303470750792755	1.224369460763393	3.241649809188347e-4	4.587649683175853
Kidney	cRNA_0268	chr15:50685501-50710338	JNC-JNC	ENSMUSG00000038679.17	protein_coding	Trps1	DOWN	mmu-Trps1_0001	NA	MMU_CIRCpedia_21954	4	8.067054975726409	-1.4750015755690096	0.0011057034611107763	-4.2425345481086225
Kidney	cRNA_0273	chr15:72871821-72903492	JNC-JNC	ENSMUSG00000047921.19	protein_coding	Trappc9	UP	mmu-Trappc9_0019	NA	MMU_CIRCpedia_28258	3	6.952907407882281	1.026297933918192	0.04000462140037487	2.841479870774571
Kidney	cRNA_0276	chr15:82709432-82741485	JNC-JNC	ENSMUSG00000041852.16	protein_coding	Tcf20	DOWN	mmu-Tcf20_0007	mm9_circ_000890	MMU_CIRCpedia_31127	3	45.03893811569727	-0.5699631071390572	0.01120767137358506	-3.418767094515456
Kidney	cRNA_0278	chr15:88695500-88696362	JNC-JNC	ENSMUSG00000035845.18	protein_coding	Alg12	DOWN	mmu-Alg12_0001	mm9_circ_017350	MMU_CIRCpedia_33206	3	35.13410672917445	-0.7502754456211951	0.00217819720788186	-3.99991313901308
Kidney	cRNA_0300	chr14:34413639-34417062	JNC-JNC	ENSMUSG00000041408.19	protein_coding	Wapl	UP	mmu-Wapal_0027	mm9_circ_002816	MMU_CIRCpedia_17430	4	28.533829495635487	0.5738850599320939	0.01227923351626988	3.366858283843148
Kidney	cRNA_0320	chr14:120562206-120562824	FULLEX	ENSMUSG00000022139.18	protein_coding	Mbnl2	UP	mmu-Mbnl2_0008	NA	MMU_CIRCpedia_5057	4	6.227274061270611	1.7870537569152876	7.008354883383316e-4	4.366738699853711
Kidney	cRNA_0322	chr18:6111685-6115850	JNC-JNC	ENSMUSG00000041225.17	protein_coding	Arhgap12	DOWN	mmu-Arhgap12_0004	mm9_circ_014015	MMU_CIRCpedia_25033	3	10.832285717088352	-0.9255229104153392	0.03871808463306756	-2.8653730695460955
Kidney	cRNA_0336	chr18:39230683-39244953	JNC-JNC	ENSMUSG00000036452.19	protein_coding	Arhgap26	UP	mmu-Arhgap26_0012	mm9_circ_018468	MMU_CIRCpedia_19041	3	3.8016205420537	1.4255910809126764	0.0384572711514015	2.874713428411296
Kidney	cRNA_0345	chr18:74102962-74104347	FULLEX	ENSMUSG00000024558.13	protein_coding	Mapk4	DOWN	mmu-Mapk4_0002	mm9_circ_009337	MMU_CIRCpedia_28597	4	6.531817203390543	-1.253937132246378	0.04279527298846354	-2.8217621316439567
Kidney	cRNA_0348	chr18:79129766-79130395	FULLEX	ENSMUSG00000024548.12	protein_coding	Setbp1	DOWN	mmu-Setbp1_0001	mm9_circ_012515	MMU_CIRCpedia_30067	4	66.70265261586519	-0.5519389572469373	0.011170506084638696	-3.443649003079098
Kidney	cRNA_0363	chr19:43798910-43803253	JNC-JNC	ENSMUSG00000025194.6	protein_coding	Abcc2	UP	mmu-Abcc2_0001	NA	MMU_CIRCpedia_39335	3	7.927004023439824	1.1808525544461022	0.03751016466053324	2.8980818959280303
Kidney	cRNA_0377	chr7:14312661-14343264	JNC-JNC	ENSMUSG00000121301.1	lncRNA	Nlrp5-ps	DOWN	mmu-Nlrp5-ps_0001,mmu-Nlrp5-ps_0043	NA	MMU_CIRCpedia_9614	4	15.896001169847127	-1.4641389230946626	1.4137654639650702e-5	-5.313622020219572
Kidney	cRNA_0382	chr7:46499602-46500482	JNC-JNC	ENSMUSG00000063229.16	protein_coding	Ldha	UP	mmu-Ldha_0003	NA	MMU_CIRCpedia_20984	4	8.0386284402446	1.9765107148989969	0.023014469575836697	3.4218461441607473
Kidney	cRNA_0398	chr7:97310020-97313973	JNC-JNC	ENSMUSG00000035623.15	protein_coding	Rsf1	UP	mmu-Rsf1_0003,mmu-Rsf1_0036	mm9_circ_014201	MMU_CIRCpedia_35603	4	10.945756669980616	1.0979088227741118	0.00422333665325865	3.74982999640652
Kidney	cRNA_0402	chr7:99584369-99604747	JNC-JNC	ENSMUSG00000058761.6	protein_coding	Rnf169	UP	mmu-Rnf169_0002,mmu-Rnf169_0024	mm9_circ_015248	MMU_CIRCpedia_36209	4	69.53517105134411	0.6098205180900302	0.00208714901980981	4.0042044689644385
Kidney	cRNA_0405	chr7:115959231-115967424	JNC-JNC	ENSMUSG00000030660.10	protein_coding	Pik3c2a	UP	mmu-Pik3c2a_0007	NA	MMU_CIRCpedia_4050	3	10.446469957512416	0.837798568125191	0.03200600724905966	2.9938855285792103
Kidney	cRNA_0410	chr7:120651310-120656622	JNC-JNC	ENSMUSG00000030876.8	protein_coding	Mettl9	UP	mmu-Mettl9_0005	mm9_circ_008117	MMU_CIRCpedia_5314	4	19.045982250934983	1.1854450869691915	2.066730866089877e-5	5.175202567687911
Kidney	cRNA_0452	chr6:65846165-65878843	JNC-JNC	ENSMUSG00000029913.15	protein_coding	Prdm5	UP	mmu-Prdm5_0014	mm9_circ_017142	MMU_CIRCpedia_26346	3	6.699577036899322	1.838053134691493	0.00305108910527881	3.8708471197244454
Kidney	cRNA_0457	chr6:88332465-88335624	JNC-JNC	ENSMUSG00000033216.10	protein_coding	Eefsec	DOWN	mmu-Eefsec_0001	mm9_circ_010484	MMU_CIRCpedia_33084	3	5.921986739396182	-1.4166487039397275	0.01789938696958916	-3.2002651962510207
Kidney	cRNA_0462	chr6:113385866-113386301	FULLEX	ENSMUSG00000030276.20	protein_coding	Ttll3	DOWN	mmu-Ttll3_0001	mm9_circ_009482	MMU_CIRCpedia_3534	4	3.3652992703772147	-1.8422559064538802	0.036792315422373115	-2.9274694729434794
Kidney	cRNA_0467	chr6:119897071-119897989	JNC-JNC	ENSMUSG00000030166.15	protein_coding	Rad52	DOWN	mmu-Rad52_0003,mmu-Rad52_0005	mm9_circ_012490	MMU_CIRCpedia_4990,MMU_CIRCpedia_4991	3	61.51839340440729	-0.5209016523490527	5.494679808704933e-4	-4.422289782036451
Kidney	cRNA_0470	chr6:134518615-134519008	FULLEX	ENSMUSG00000030201.16	protein_coding	Lrp6	UP	mmu-Lrp6_0008	NA	MMU_CIRCpedia_8121	4	15.68244503574926	0.8478263120595496	0.03866861400574561	2.857809386178558
Kidney	cRNA_0477	chr5:3797021-3822787	JNC-JNC	ENSMUSG00000040351.12	protein_coding	Ankib1	DOWN	mmu-Ankib1_0002	mm9_circ_000903	MMU_CIRCpedia_18584	4	85.14619749803339	-0.45660101244826967	0.0037434474513325	-3.807796843385465
Kidney	cRNA_0482	chr5:25552359-25558406	JNC-JNC	ENSMUSG00000038056.16	protein_coding	Kmt2c	UP	mmu-Kmt2c_0018	NA	MMU_CIRCpedia_14487	3	4.799810281296058	1.2340143357810416	0.04096684869749403	2.8312233108722697
Kidney	cRNA_0490	chr5:32977210-32993032	JNC-JNC	ENSMUSG00000054280.15	protein_coding	Prr14l	DOWN	mmu-Prr14l_0004	mm9_circ_006147	MMU_CIRCpedia_16668	3	31.74614652815396	-0.6968530374476535	0.00135438841615682	-4.164584743663562
Kidney	cRNA_0500	chr5:65723332-65751891	JNC-JNC	ENSMUSG00000029203.17	protein_coding	Ube2k	UP	mmu-Ube2k_0001	mm9_circ_002457	MMU_CIRCpedia_26200	3	57.32807387416957	0.4266249250131236	0.01208838802693726	3.367822153682453
Kidney	cRNA_0512	chr5:90446399-90451924	JNC-JNC	ENSMUSG00000055204.16	protein_coding	Ankrd17	UP	mmu-Ankrd17_0024	NA	MMU_CIRCpedia_33732	4	9.994848979163145	2.492855934512689	4.858004656847595e-4	4.527182309891042
Kidney	cRNA_0522	chr5:106038984-106044469	JNC-JNC	ENSMUSG00000029290.13	protein_coding	Zfp326	UP	mmu-Zfp326_0007	NA	MMU_CIRCpedia_1633	3	2.0347398933306513	2.218037271418389	0.03952059357858475	2.8533971135571607
Kidney	cRNA_0533	chr5:121910730-121916168	JNC-JNC	ENSMUSG00000042605.17	protein_coding	Atxn2	UP	mmu-Atxn2_0004	mm9_circ_016398	MMU_CIRCpedia_5594	4	5.228720208690393	1.4531468005922292	0.017991848095398395	3.226894817005171
Kidney	cRNA_0538	chr5:135150360-135152871	JNC-JNC	ENSMUSG00000005373.14	protein_coding	Mlxipl	DOWN	mmu-Mlxipl_0001	NA	MMU_CIRCpedia_8211	3	35.70468382613019	-0.9294102129061496	5.127775873086257e-5	-5.021948559799442
Kidney	cRNA_0576	chr4:98344367-98357841	JNC-JNC	ENSMUSG00000061859.18	protein_coding	Patj	DOWN	mmu-Inadl_0015	NA	MMU_CIRCpedia_35796	3	5.38042865715581	-1.4204492310771208	0.01172510330443313	-3.3982483068949665
Kidney	cRNA_0582	chr4:108336070-108336938	FULLEX	ENSMUSG00000034610.15	protein_coding	Tut4	UP	mmu-Zcchc11_0037	mm9_circ_005135	MMU_CIRCpedia_2348	4	6.393394536460877	1.1464854947584961	0.032822108058409974	2.9509780768142413
Kidney	cRNA_0584	chr4:108574986-108584742	JNC-JNC	ENSMUSG00000034557.15	protein_coding	Zfyve9	DOWN	mmu-Zfyve9_0032	mm9_circ_005300	MMU_CIRCpedia_2501	4	11.634277625256205	-0.8245162870154683	0.028532734121417866	-3.0473165382034386
Kidney	cRNA_0603	chr4:150490653-150491121	FULLEX	ENSMUSG00000039852.18	protein_coding	Rere	UP	mmu-Rere_0029	mm9_circ_006017	MMU_CIRCpedia_10055	4	5.935166727362272	1.4884288131561536	0.01769294562177748	3.2358086136901587
Kidney	cRNA_0629	chr3:88909080-88915184	JNC-JNC	ENSMUSG00000028053.14	protein_coding	Ash1l	UP	mmu-Ash1l_0015	mm9_circ_009027	MMU_CIRCpedia_33267	4	23.184136347987362	0.6934984596512568	0.02394598823599147	3.1027220738942027
Kidney	cRNA_0634	chr3:90248963-90249301	FULLEX	ENSMUSG00000042390.10	protein_coding	Gatad2b	UP	mmu-Gatad2b_0002	NA	MMU_CIRCpedia_33735	4	3.9635149704515507	1.7011520756388077	0.01022026280931041	3.4453942164160125
Kidney	cRNA_0639	chr3:103217625-103218829	JNC-JNC	ENSMUSG00000033014.13	protein_coding	Trim33	UP	mmu-Trim33_0028	mm9_circ_015990	MMU_CIRCpedia_935	4	10.442669329287305	1.1364217543386004	0.010257412492200024	3.4582502146301763
Kidney	cRNA_0686	chr2:68221258-68240485	JNC-JNC	ENSMUSG00000027030.16	protein_coding	Stk39	UP	mmu-Stk39_0035,mmu-Stk39_0058	mm9_circ_017329	MMU_CIRCpedia_27003	4	62.131655450177576	0.40804753067684796	0.034903931457701	2.932177644876906
Kidney	cRNA_0701	chr2:110447019-110454593	JNC-JNC	ENSMUSG00000041644.15	protein_coding	Slc5a12	UP	mmu-Slc5a12_0012,mmu-Slc5a12_0015	NA	NA	4	5.02916473050954	2.3774515498319007	5.058810887017894e-4	4.441822645252616
Kidney	cRNA_0708	chr2:126922450-126928002	JNC-JNC	ENSMUSG00000001999.16	protein_coding	Blvra	DOWN	mmu-Blvra_0001	NA	MMU_CIRCpedia_6849	3	3.2241652444577915	-1.6117725713957702	0.0384572711514015	-2.876306729387921
Kidney	cRNA_0714	chr2:139884014-139899419	JNC-JNC	ENSMUSG00000039033.12	protein_coding	Tasp1	UP	mmu-Tasp1_0032	mm9_circ_002123	MMU_CIRCpedia_8889	3	43.04643022803175	0.5740891995277574	0.01590407402049624	3.298068993164214
Kidney	cRNA_0739	chr1:7190418-7190839	FULLEX	ENSMUSG00000051285.18	protein_coding	Pcmtd1	UP	mmu-Pcmtd1_0002	NA	MMU_CIRCpedia_27728	4	10.041159341003372	2.3262617017669633	8.102895427140779e-7	5.923535493165796
Kidney	cRNA_0791	chr1:185118443-185129464	JNC-JNC	ENSMUSG00000026615.15	protein_coding	Eprs	UP	mmu-Eprs_0019,mmu-Eprs_0023	mm9_circ_005659	MMU_CIRCpedia_12532	4	20.917875585551087	1.0311379055497958	0.00309885599732557	3.972384761984462
Kidney	cRNA_0809	chr9:55714297-55767202	JNC-JNC	ENSMUSG00000034007.11	protein_coding	Scaper	UP	mmu-Scaper_0012	NA	MMU_CIRCpedia_23308	4	9.062939605220588	1.2231812093144643	0.010552423179420616	3.4971921811989795
Kidney	cRNA_0819	chr9:65701904-65702777	FULLEX	ENSMUSG00000040524.10	protein_coding	Zfp609	UP	mmu-Zfp609_0001	mm9_circ_004501	MMU_CIRCpedia_26291	4	25.922705565123486	1.5825971698010735	2.8233258364733152e-12	7.814741357980257
Kidney	cRNA_0821	chr9:66447344-66474185	JNC-JNC	ENSMUSG00000032376.13	protein_coding	Usp3	DOWN	mmu-Usp3_0002	mm9_circ_008057	MMU_CIRCpedia_26585	3	19.42269103264698	-0.8046635306734292	0.00292780063640345	-3.8967666068196256
Kidney	cRNA_0832	chr9:83834577-83873875	JNC-JNC	ENSMUSG00000032263.15	protein_coding	Bckdhb	UP	mmu-Bckdhb_0003	NA	MMU_CIRCpedia_31466	4	23.589834371665088	1.6638758373185163	2.5316069052236578e-5	5.902956200112126
Kidney	cRNA_0837	chr9:96169654-96192741	JNC-JNC	ENSMUSG00000032411.16	protein_coding	Tfdp2	UP	mmu-Tfdp2_0004	NA	MMU_CIRCpedia_35342	3	3.712286408979251	1.682424340871368	0.03212445305568917	2.9797443837745896
Kidney	cRNA_0854	chr8:3308383-3308934	FULLEX	ENSMUSG00000005534.11	protein_coding	Insr	UP	mmu-Insr_0016	NA	MMU_CIRCpedia_16558	4	14.605384610751582	0.7687828586378209	0.029302577182713285	2.998329379091223
Kidney	cRNA_0855	chr8:8689206-8689489	FULLEX	ENSMUSG00000001300.17	protein_coding	Efnb2	UP	mmu-Efnb2_0001	NA	MMU_CIRCpedia_32422	4	4.673293250661661	1.6017861367803263	0.019022374850012423	3.1709837826485057
Kidney	cRNA_0870	chr8:61782253-61783052	JNC-JNC	ENSMUSG00000031642.10	protein_coding	Sh3rf1	UP	mmu-Sh3rf1_0001	NA	MMU_CIRCpedia_25056	4	23.660199736293485	0.7431750008913885	0.002879909380480585	3.893346495078185
Kidney	cRNA_0874	chr8:73121748-73134150	JNC-JNC	ENSMUSG00000006276.11	protein_coding	Eps15l1	UP	mmu-Eps15l1_0005	mm9_circ_003878	MMU_CIRCpedia_28052	4	24.59309696417391	0.8343014791506056	0.002833708325551385	3.9297171950360124
Kidney	cRNA_0887	chr8:85498413-85498944	FULLEX	ENSMUSG00000001911.17	protein_coding	Nfix	DOWN	mmu-Nfix_0002	mm9_circ_002886	MMU_CIRCpedia_31796	4	50.87251490742723	-0.7151985448503835	1.8477500097520523e-5	-5.18570980012937
Kidney	cRNA_0938	chr12:55454254-55459150	JNC-JNC	ENSMUSG00000021024.15	protein_coding	Psma6	UP	mmu-Psma6_0003	NA	MMU_CIRCpedia_23152	3	4.738826164874173	1.6775915679083797	0.04118684299346362	2.879632595275038
Kidney	cRNA_0984	chr10:75520126-75535929	JNC-JNC	ENSMUSG00000020196.11	protein_coding	Cabin1	DOWN	mmu-Cabin1_0005	mm9_circ_010009	MMU_CIRCpedia_29116	4	4.595596562843755	-1.2082014315429617	0.03888951784584776	-2.8594473641100384
Kidney	cRNA_1046	chr14:60944163-60947018	JNC-JNC	ENSMUSG00000021990.17	protein_coding	Spata13	DOWN	mmu-Spata13_0002	mm9_circ_001751	MMU_CIRCpedia_24950	4	6.549972704710292	-1.3532368260445526	0.003579780043094795	-3.826316781827738
Kidney	cRNA_1136	chr5:25552359-25554938	JNC-JNC	ENSMUSG00000038056.16	protein_coding	Kmt2c	UP	mmu-Kmt2c_0021,mmu-Kmt2c_0074	mm9_circ_001796	MMU_CIRCpedia_14486	3	3.373388790256086	1.8462155530795528	0.03564406626812781	2.9646862718387856
Kidney	cRNA_1151	chr5:118731398-118731635	FULLEX	ENSMUSG00000018076.13	protein_coding	Med13l	DOWN	mmu-Med13l_0005	mm9_circ_005281	MMU_CIRCpedia_4551	3	10.10536144120092	-0.969657802327386	0.0144121892153993	-3.3437189697135707
Kidney	cRNA_1229	chr2:48976602-49060025	JNC-JNC	ENSMUSG00000036792.13	protein_coding	Mbd5	UP	mmu-Mbd5_0017	NA	MMU_CIRCpedia_21483	3	2.5283675181237415	2.248263064840243	0.03060069843050947	3.0108792949760934
Kidney	cRNA_1238	chr2:126665896-126667709	JNC-JNC	ENSMUSG00000027365.15	protein_coding	Trpm7	UP	mmu-Trpm7_0041	mm9_circ_004417	MMU_CIRCpedia_6705	4	4.833345128294367	1.61562333806504	0.00477828975410793	3.7484505240241535
Kidney	cRNA_1243	chr2:139850619-139899419	JNC-JNC	ENSMUSG00000039033.12	protein_coding	Tasp1	UP	mmu-Tasp1_0033	mm9_circ_017947	MMU_CIRCpedia_8887	3	5.551411633109901	1.1798341772793592	0.04088403685935193	2.842049425866479
Kidney	cRNA_1296	chr9:32093138-32101357	JNC-JNC	ENSMUSG00000041444.15	protein_coding	Arhgap32	DOWN	mmu-Arhgap32_0015	mm9_circ_017246	MMU_CIRCpedia_16401	4	21.829717799269382	-0.6273699780332596	0.02426982473709801	-3.090309032332498
Kidney	cRNA_1297	chr9:32093138-32119561	JNC-JNC	ENSMUSG00000041444.15	protein_coding	Arhgap32	DOWN	mmu-Arhgap32_0013	mm9_circ_014997	MMU_CIRCpedia_16402	4	13.1036682639763	-1.0712669040844873	0.00528588132505563	-3.7450491774980046
Kidney	cRNA_1311	chr9:78464739-78468088	JNC-JNC	ENSMUSG00000049624.15	protein_coding	Slc17a5	UP	mmu-Slc17a5_0011	NA	MMU_CIRCpedia_29939	4	4.188166793826872	1.8545959843134039	0.008458319028637105	3.544637176124512
Kidney	cRNA_1408	chr18:22508190-22567732	JNC-JNC	ENSMUSG00000045215.18	protein_coding	Asxl3	DOWN	mmu-Asxl3_0016	mm9_circ_002563	MMU_CIRCpedia_13511	3	4.148730716630413	-3.113038603499315	4.694117279550046e-5	-5.000827800691686
Kidney	cRNA_1418	chr19:28331606-28335352	JNC-JNC	ENSMUSG00000052942.14	protein_coding	Glis3	DOWN	mmu-Glis3_0002	mm9_circ_005327	MMU_CIRCpedia_15174	4	13.630856429981227	-0.9618927886357842	0.008642719714276239	-3.5001311590709854
Kidney	cRNA_1421	chr19:42550991-42552780	FULLEX	ENSMUSG00000025184.11	protein_coding	R3hcc1l	DOWN	mmu-R3hcc1l_0002	mm9_circ_011137	MMU_CIRCpedia_19886	4	10.59838434285627	-1.2537449846938986	0.003298193931694205	-3.860029410202765
Kidney	cRNA_1422	chr19:42550991-42564640	JNC-JNC	ENSMUSG00000025184.11	protein_coding	R3hcc1l	DOWN	mmu-R3hcc1l_0003	NA	MMU_CIRCpedia_19887	3	9.790245654946048	-1.5916723663763976	1.5074412766201417e-5	-5.323242590051897
Kidney	cRNA_1431	chr7:84281864-84283617	JNC-JNC	ENSMUSG00000030629.16	protein_coding	Zfand6	UP	mmu-Zfand6_0004	mm9_circ_004789	MMU_CIRCpedia_31739	3	4.6627994739481995	1.5415705798744062	0.01558700811493094	3.306158686703993
Kidney	cRNA_1453	chr5:122627301-122629848	JNC-JNC	ENSMUSG00000029467.16	protein_coding	Atp2a2	UP	mmu-Atp2a2_0031	NA	MMU_CIRCpedia_5790	4	4.469472161597567	1.8172327830631465	0.022454597506938477	3.1337469735382166
Kidney	cRNA_1480	chr3:100539820-100563590	JNC-JNC	ENSMUSG00000008763.17	protein_coding	Man1a2	UP	mmu-Man1a2_0010	NA	MMU_CIRCpedia_234	3	2.946498174955784	1.8604332736917375	0.01297453257508211	3.372671557040077
Kidney	cRNA_1497	chr2:68189158-68199449	JNC-JNC	ENSMUSG00000027030.16	protein_coding	Stk39	UP	mmu-Stk39_0018	NA	MMU_CIRCpedia_26987	3	11.75565141915241	0.9488613850029278	0.03564406626812781	2.9613176493769893
Kidney	cRNA_1508	chr1:66812065-66841327	JNC-JNC	ENSMUSG00000026004.16	protein_coding	Kansl1l	DOWN	mmu-Kansl1l_0021	mm9_circ_016338	MMU_CIRCpedia_26646	4	25.320338261844228	-1.1844463742313398	5.176101272330039e-6	-5.538957377692766
Kidney	cRNA_1646	chr14:31340929-31344931	JNC-JNC	ENSMUSG00000021884.19	protein_coding	Hacl1	UP	mmu-Hacl1_0002	NA	MMU_CIRCpedia_39229	4	5.736922745603351	1.8848357639921223	0.003389869012438795	3.8857831470988655
Kidney	cRNA_1701	chr6:38561976-38575749	JNC-JNC	ENSMUSG00000029823.17	protein_coding	Luc7l2	UP	mmu-Luc7l2_0023	NA	NA	3	3.4305351649516043	2.494419042851677	8.271939714917644e-4	4.319972315679813
Kidney	cRNA_1876	chr8:57017593-57022445	JNC-JNC	ENSMUSG00000038206.14	protein_coding	Fbxo8	DOWN	mmu-Fbxo8_0003	NA	MMU_CIRCpedia_23566	3	6.242218945296835	-1.1574708539150067	0.03751016466053324	-2.8983294764557326
Kidney	cRNA_1907	chr6:23107139-23122736	JNC-JNC	ENSMUSG00000029695.14	protein_coding	Aass	DOWN	mmu-Aass_0001	NA	MMU_CIRCpedia_13680	4	195.91266456763378	-0.5729250419945494	0.0037035610364052	-3.812818992938891
Kidney	cRNA_2012	chr7:98628843-98653913	JNC-JNC	ENSMUSG00000035354.10	protein_coding	Uvrag	UP	mmu-Uvrag_0007	NA	MMU_CIRCpedia_35963	3	3.5648684035896183	1.956269035151767	0.04172485005628069	2.8656089848893984
Kidney	cRNA_2028	chr7:86406146-86412250	JNC-JNC	ENSMUSG00000001773.15	protein_coding	Folh1	UP	mmu-Folh1_0003	NA	NA	4	9.666638969712583	1.4401998076521614	0.0011249795105890575	4.214965086923684
Kidney	cRNA_2036	chr2:125011333-125032265	JNC-JNC	ENSMUSG00000027202.13	protein_coding	Slc12a1	DOWN	mmu-Slc12a1_0032	NA	NA	4	30.963041386514472	-1.103561147516166	2.492146855614498e-6	-5.696587793610604
Kidney	cRNA_2037	chr2:125036045-125067983	JNC-JNC	ENSMUSG00000027202.13	protein_coding	Slc12a1	UP	mmu-Slc12a1_0002	NA	NA	4	5.714788511127141	2.479114730481676	1.1242374041628035e-4	4.815758208232851
Kidney	cRNA_2051	chr1:84889917-84907285	JNC-JNC	ENSMUSG00000026220.7	protein_coding	Slc16a14	DOWN	mmu-Slc16a14_0005	NA	MMU_CIRCpedia_31849	4	4.790449929640032	-2.9355084219403844	2.8476942967764907e-6	-5.6678243240472685
Kidney	cRNA_2057	chr2:69322099-69326839	JNC-JNC	ENSMUSG00000027070.15	protein_coding	Lrp2	DOWN	mmu-Lrp2_0001	NA	NA	4	3.940740142061	-1.3815207758973052	0.035853543998768514	-2.9413081058403647
Kidney	cRNA_2059	chr1:84900575-84907285	JNC-JNC	ENSMUSG00000026220.7	protein_coding	Slc16a14	DOWN	mmu-Slc16a14_0001	NA	MMU_CIRCpedia_31853	3	4.151827182397181	-2.0036742339923954	0.01075946669085372	-3.4344151327409684
Kidney	cRNA_2374	chr11:87940803-87942158	JNC-EX	ENSMUSG00000018379.18	protein_coding	Srsf1	UP	mmu-Srsf1_0001	NA	NA	3	4.794002045457385	1.6830927007435184	0.01067160286616686	3.412210847868494
Kidney	cRNA_2456	chr5:106765937-106767508	EX-JNC	ENSMUSG00000049606.17	protein_coding	Zfp644	UP	mmu-Zfp644_0011	mm9_circ_001406	NA	3	10.99406797173832	2.170350880817474	6.66721897864659e-8	6.389650973306192
Kidney	cRNA_2626	chr10:52305289-52312759	JNC-EX	ENSMUSG00000023068.17	protein_coding	Nus1	DOWN	mmu-Nus1_0001	mm9_circ_014703	NA	3	19.200226479618152	-0.8977736523647298	0.00492476747454914	-3.7135419988028344
Kidney	cRNA_2717	chr1:66840208-66846763	JNC-JNC	ENSMUSG00000026004.16	protein_coding	Kansl1l	DOWN	mmu-Kansl1l_0019	mm9_circ_000550	MMU_CIRCpedia_26655	3	15.708785815354751	-1.0224326904269156	0.0043148396220202	-3.8147953313600462
Kidney	cRNA_3201	chr11:55116792-55124482	JNC-EX	ENSMUSG00000020261.16	protein_coding	Slc36a1	UP	mmu-Slc36a1_0001	NA	NA	3	3.8523293851217697	1.7592081713477177	0.01079889141091916	3.459531722243079
Liver	cRNA_0021	chr13:17937689-17947542	JNC-JNC	ENSMUSG00000041297.9	protein_coding	Cdk13	UP	mmu-Cdk13_0012	mm9_circ_016768	MMU_CIRCpedia_12127	4	4.843340114162018	1.268126276575511	0.016061131815389644	3.069416026227074
Liver	cRNA_0066	chr12:51819057-51819488	JNC-JNC	ENSMUSG00000035247.17	protein_coding	Hectd1	DOWN	mmu-Hectd1_0024	mm9_circ_008488	MMU_CIRCpedia_22192	4	4.7990467778120705	-1.4164678435531723	0.00654482328817466	-3.420747271365038
Liver	cRNA_0078	chr12:82387436-82389273	FULLEX	ENSMUSG00000042700.17	protein_coding	Sipa1l1	UP	mmu-Sipa1l1_0031	mm9_circ_007155	MMU_CIRCpedia_31036	4	4.083204636463846	1.9332139943101756	0.003309406340195835	3.7235974341161953
Liver	cRNA_0126	chr11:69540554-69542549	JNC-JNC	ENSMUSG00000018765.7	protein_coding	Fxr2	UP	mmu-Fxr2_0001	mm9_circ_005799	MMU_CIRCpedia_27231	4	3.5598552750892534	1.290640904900664	0.027476067298320025	2.8425741932831015
Liver	cRNA_0127	chr11:70765572-70775794	JNC-JNC	ENSMUSG00000020817.17	protein_coding	Rabep1	DOWN	mmu-Rabep1_0026	mm9_circ_001848	MMU_CIRCpedia_27619	4	20.457843081920544	-1.1884772455594292	1.965697158729708e-5	-5.037234003739879
Liver	cRNA_0128	chr11:70765572-70777997	JNC-JNC	ENSMUSG00000020817.17	protein_coding	Rabep1	DOWN	mmu-Rabep1_0027	mm9_circ_001327	MMU_CIRCpedia_27620	4	16.95543724326466	-1.1483867739964195	3.8933962792441764e-4	-4.283384201936069
Liver	cRNA_0160	chr10:25096509-25165628	JNC-JNC	ENSMUSG00000039166.17	protein_coding	Akap7	UP	mmu-Akap7_0001	mm9_circ_000741	MMU_CIRCpedia_14415	4	3.0839878819135516	2.211013163670792	0.00242213476861479	3.749975991506106
Liver	cRNA_0195	chr17:26958517-26962105	JNC-JNC	ENSMUSG00000048249.15	protein_coding	Crebrf	UP	mmu-Crebrf_0009	mm9_circ_004122	MMU_CIRCpedia_14835	4	14.119604821644597	1.2354835757654583	1.9023718988100912e-5	5.03160000051629
Liver	cRNA_0234	chr16:13515197-13516939	JNC-JNC	ENSMUSG00000022684.16	protein_coding	Bfar	UP	mmu-Bfar_0002	mm9_circ_009604	MMU_CIRCpedia_8487	4	5.081183602342616	2.0902364558591535	2.611552725313872e-4	4.405433592746672
Liver	cRNA_0252	chr16:70230433-70238207	JNC-JNC	ENSMUSG00000022707.17	protein_coding	Gbe1	DOWN	mmu-Gbe1_0012,mmu-Gbe1_0019,mmu-Gbe1_0015	NA	MMU_CIRCpedia_27487	3	37.187313099203536	-0.433943866049949	0.03927737192586566	-2.6961875475077863
Liver	cRNA_0266	chr15:41660870-41689448	JNC-JNC	ENSMUSG00000022307.17	protein_coding	Oxr1	DOWN	mmu-Oxr1_0018	NA	MMU_CIRCpedia_19726	3	6.797286414421885	-1.2004051604628396	0.00766947344184444	-3.3664573822981345
Liver	cRNA_0276	chr15:82709432-82741485	JNC-JNC	ENSMUSG00000041852.16	protein_coding	Tcf20	UP	mmu-Tcf20_0007	mm9_circ_000890	MMU_CIRCpedia_31127	4	9.603414457621476	0.8569556330393917	0.01755979333515904	3.024205569834473
Liver	cRNA_0300	chr14:34413639-34417062	JNC-JNC	ENSMUSG00000041408.19	protein_coding	Wapl	UP	mmu-Wapal_0027	mm9_circ_002816	MMU_CIRCpedia_17430	4	10.778679574427532	1.5832252487144434	1.1963980281991834e-4	4.620640162748759
Liver	cRNA_0327	chr18:21280789-21281961	FULLEX	ENSMUSG00000042680.9	protein_coding	Garem1	UP	mmu-Garem_0002	NA	MMU_CIRCpedia_13152	4	3.5356032116861194	1.6890954788876371	0.030645130751712903	2.7752876637937556
Liver	cRNA_0386	chr7:67347972-67361251	JNC-JNC	ENSMUSG00000030555.17	protein_coding	Ttc23	DOWN	mmu-Ttc23_0005	NA	MMU_CIRCpedia_26833	3	3.6896149342319817	-1.9357095691198336	0.00200305231940682	-3.7934722760666935
Liver	cRNA_0398	chr7:97310020-97313973	JNC-JNC	ENSMUSG00000035623.15	protein_coding	Rsf1	UP	mmu-Rsf1_0003,mmu-Rsf1_0036	mm9_circ_014201	MMU_CIRCpedia_35603	4	2.7788246138322408	1.7423496163706806	0.010899211006375475	3.22516546417639
Liver	cRNA_0523	chr5:106782697-106786501	JNC-JNC	ENSMUSG00000049606.17	protein_coding	Zfp644	UP	mmu-Zfp644_0013	mm9_circ_014393	MMU_CIRCpedia_1797	4	7.5531168621038205	2.365239109189619	8.715620951481697e-8	6.358890965301983
Liver	cRNA_0535	chr5:130216242-130219884	JNC-JNC	ENSMUSG00000025340.15	protein_coding	Rabgef1	DOWN	mmu-Rabgef1_0005	mm9_circ_012854	MMU_CIRCpedia_7454	3	7.372004101448548	-1.0377822951174045	0.02250685470771555	-2.934679006780302
Liver	cRNA_0538	chr5:135150360-135152871	JNC-JNC	ENSMUSG00000005373.14	protein_coding	Mlxipl	DOWN	mmu-Mlxipl_0001	NA	MMU_CIRCpedia_8211	4	23.434474096084962	-1.2044671565753504	2.6827386534144582e-5	-5.184084237578093
Liver	cRNA_0582	chr4:108336070-108336938	FULLEX	ENSMUSG00000034610.15	protein_coding	Tut4	UP	mmu-Zcchc11_0037	mm9_circ_005135	MMU_CIRCpedia_2348	4	6.19695210707445	1.0930464394976869	0.01772554268066651	3.0376936853557543
Liver	cRNA_0594	chr4:130445465-130446662	JNC-JNC	ENSMUSG00000028580.16	protein_coding	Pum1	DOWN	mmu-Pum1_0001,mmu-Pum1_0003	mm9_circ_000251,mm9_circ_008018	MMU_CIRCpedia_7562	3	8.200793206523082	-0.8755182643430635	0.02036968065327328	-2.9634388474952655
Liver	cRNA_0597	chr4:133446848-133450362	JNC-JNC	ENSMUSG00000007880.17	protein_coding	Arid1a	UP	mmu-Arid1a_0006	mm9_circ_007893	MMU_CIRCpedia_8008	3	7.27474186639206	1.2393923382715053	0.01344760461988325	3.140201706420113
Liver	cRNA_0640	chr3:106438453-106446919	JNC-JNC	ENSMUSG00000040774.16	protein_coding	Cept1	DOWN	mmu-Cept1_0002	mm9_circ_007135	MMU_CIRCpedia_1783	3	4.686539592121307	-1.1786757244686084	0.02809598373378665	-2.817846049344029
Liver	cRNA_0697	chr2:92044394-92061069	JNC-JNC	ENSMUSG00000058318.16	protein_coding	Phf21a	DOWN	mmu-Phf21a_0029	mm9_circ_006097	MMU_CIRCpedia_34310	3	10.434321778525584	-0.8466612629480211	0.02036968065327328	-2.9895539973713214
Liver	cRNA_0733	chr2:168547043-168552896	JNC-JNC	ENSMUSG00000027546.16	protein_coding	Atp9a	DOWN	mmu-Atp9a_0004	NA	MMU_CIRCpedia_11742	4	2.824648815599055	-2.1033756342031555	0.005087403895180014	-3.5231378780875726
Liver	cRNA_0739	chr1:7190418-7190839	FULLEX	ENSMUSG00000051285.18	protein_coding	Pcmtd1	UP	mmu-Pcmtd1_0002	NA	MMU_CIRCpedia_27728	4	9.967090615231342	1.462440768909771	0.0013935722027652551	3.9551771895042775
Liver	cRNA_0770	chr1:138981084-138990709	JNC-JNC	ENSMUSG00000056268.16	protein_coding	Dennd1b	DOWN	mmu-Dennd1b_0009	mm9_circ_009558	MMU_CIRCpedia_8747	3	3.8820946374650753	-1.501363208673808	0.0130212069068225	-3.162494687902785
Liver	cRNA_0805	chr9:45802102-45809789	JNC-JNC	ENSMUSG00000042790.17	protein_coding	Rnf214	UP	mmu-Rnf214_0001	NA	MMU_CIRCpedia_20731	3	9.037079869889636	1.040712775509282	0.00643378927390489	3.457978059463352
Liver	cRNA_0832	chr9:83834577-83873875	JNC-JNC	ENSMUSG00000032263.15	protein_coding	Bckdhb	UP	mmu-Bckdhb_0003	NA	MMU_CIRCpedia_31466	4	20.800330930862625	1.3007097143829776	2.9269189212189564e-5	5.051050632408403
Liver	cRNA_0852	chr9:121960959-121966667	JNC-JNC	ENSMUSG00000038145.18	protein_coding	Snrk	DOWN	mmu-Snrk_0006	NA	MMU_CIRCpedia_5705	3	19.013564109872377	-0.7482566345197398	0.01238848953281309	-3.191190698050978
Liver	cRNA_0864	chr8:41535651-41537877	FULLEX	ENSMUSG00000045636.17	protein_coding	Mtus1	UP	mmu-Mtus1_0010	NA	MMU_CIRCpedia_19545	4	4.461283558667828	1.4134944812202546	0.020349074978913688	2.9824331339710897
Liver	cRNA_0887	chr8:85498413-85498944	FULLEX	ENSMUSG00000001911.17	protein_coding	Nfix	DOWN	mmu-Nfix_0002	mm9_circ_002886	MMU_CIRCpedia_31796	4	35.9226221236889	-0.7659490365411362	2.3003001980037284e-4	-4.458393969905337
Liver	cRNA_0890	chr8:91658877-91660490	FULLEX	ENSMUSG00000056608.15	protein_coding	Chd9	UP	mmu-Chd9_0021	mm9_circ_003987	MMU_CIRCpedia_33874	3	3.685954262934599	1.3697380096578784	0.02432319014209726	2.888600913260927
Liver	cRNA_0994	chr17:5090855-5177299	JNC-JNC	ENSMUSG00000069729.15	protein_coding	Arid1b	DOWN	mmu-Arid1b_0002	NA	MMU_CIRCpedia_21839	4	5.789555264068266	-1.9382134209845934	0.002227347171948265	-3.7776321004330065
Liver	cRNA_1065	chr18:45725073-45725491	FULLEX	ENSMUSG00000054477.17	protein_coding	Kcnn2	UP	mmu-Kcnn2_0003	mm9_circ_008701	MMU_CIRCpedia_20606	4	5.575387082387833	2.399614494880333	2.2699523989227476e-5	5.011149822706351
Liver	cRNA_1147	chr5:106767406-106786501	JNC-JNC	ENSMUSG00000049606.17	protein_coding	Zfp644	UP	mmu-Zfp644_0004	NA	MMU_CIRCpedia_1795	4	9.634086275391368	1.9127274718793918	5.024147317406023e-6	5.479114269706401
Liver	cRNA_1164	chr4:8169596-8189392	JNC-JNC	ENSMUSG00000041261.10	protein_coding	Car8	UP	mmu-Car8_0004	NA	MMU_CIRCpedia_30916	3	2.747293601267395	1.766794849620872	0.01180164044625201	3.215366998694451
Liver	cRNA_1342	chr8:87392319-87399697	JNC-JNC	ENSMUSG00000047866.21	protein_coding	Lonp2	DOWN	mmu-Lonp2_0012	NA	MMU_CIRCpedia_32535	4	5.3560193507674745	-1.885690347499588	4.5482702931823457e-4	-4.241663954859282
Liver	cRNA_1420	chr19:37302547-37308011	JNC-JNC	ENSMUSG00000056999.17	protein_coding	Ide	DOWN	mmu-Ide_0007	NA	MMU_CIRCpedia_18516	4	2.902933205143654	-1.8672592881735228	0.006040100377208935	-3.4534966723981464
Liver	cRNA_1421	chr19:42550991-42552780	FULLEX	ENSMUSG00000025184.11	protein_coding	R3hcc1l	DOWN	mmu-R3hcc1l_0002	mm9_circ_011137	MMU_CIRCpedia_19886	4	5.339195166641409	-1.7415039718364016	0.0014044276372852452	-3.9343964621387917
Liver	cRNA_1462	chr4:55366777-55370472	JNC-JNC	ENSMUSG00000028426.11	protein_coding	Rad23b	DOWN	mmu-Rad23b_0001	NA	MMU_CIRCpedia_23136	4	3.7822678399392733	-1.3723846984503165	0.03125981508016759	-2.7889581194006516
Liver	cRNA_1657	chr18:16773479-16783555	JNC-JNC	ENSMUSG00000024304.15	protein_coding	Cdh2	DOWN	mmu-Cdh2_0009	mm9_circ_010308	MMU_CIRCpedia_11590	4	7.25635752813137	-1.4562667861845775	3.089946003689662e-4	-4.3507484140683275
Liver	cRNA_1768	chr2:5057799-5059527	JNC-JNC	ENSMUSG00000026672.12	protein_coding	Optn	DOWN	mmu-Optn_0001	NA	MMU_CIRCpedia_21858	3	3.617701303526358	-1.245543992791935	0.04553281832570676	-2.632827548573603
Liver	cRNA_1984	chr18:12817894-12831116	JNC-JNC	ENSMUSG00000024424.16	protein_coding	Ttc39c	DOWN	mmu-Ttc39c_0004	NA	MMU_CIRCpedia_6723	3	5.638092680766866	-2.7237519082046595	1.1548402910235976e-5	-5.159647837009473
Liver	cRNA_2015	chr2:105114946-105128313	JNC-JNC	ENSMUSG00000055312.3	protein_coding	Them7	DOWN	mmu-Them7_0001	NA	MMU_CIRCpedia_39913	3	2.2766064334223426	-1.9146211727384737	0.02541937282818338	-2.8582504729898632
Liver	cRNA_2025	chr16:22815773-22822789	JNC-JNC	ENSMUSG00000060459.15	protein_coding	Kng2	UP	mmu-Kng2_0001	NA	MMU_CIRCpedia_39127	3	4.512020573428914	1.0600610169294151	0.04091123477038602	2.6615417216362935
Liver	cRNA_2063	chr7:25897843-25900657	JNC-JNC	ENSMUSG00000040660.7	protein_coding	Cyp2b9	UP	mmu-Cyp2b9_0001	NA	MMU_CIRCpedia_39409	4	8.824052251304106	2.203635017287339	0.008810598217016186	3.328355649767687
Liver	cRNA_2085	chr6:5184746-5187004	JNC-JNC	ENSMUSG00000002588.14	protein_coding	Pon1	DOWN	mmu-Pon1_0004	NA	MMU_CIRCpedia_39479	3	3.6122896412773384	-1.590691557525084	0.02036968065327328	-2.963548108114634
Liver	cRNA_2086	chr19:39424498-39449183	JNC-JNC	ENSMUSG00000032808.3	protein_coding	Cyp2c38	UP	mmu-Cyp2c38_0008	NA	NA	3	3.926920808457032	1.5218049410019427	0.02570663379547849	2.864767526882965
Liver	cRNA_2092	chr2:34933200-34940578	JNC-JNC	ENSMUSG00000026874.11	protein_coding	Hc	UP	mmu-Hc_0006	NA	MMU_CIRCpedia_39869	3	2.618664828915745	2.4492734933658893	0.00328664354730704	3.6323360217886305
Liver	cRNA_2382	chr12:52562862-52566750	FULLEX	ENSMUSG00000035133.10	protein_coding	Arhgap5	UP	mmu-Arhgap5_0009,mmu-Arhgap5_0019	mm9_circ_011007	MMU_CIRCpedia_22395	3	147.53806606312716	1.5095452236782152	3.5797652966817653e-7	6.000516880499438
Liver	cRNA_2456	chr5:106765937-106767508	EX-JNC	ENSMUSG00000049606.17	protein_coding	Zfp644	UP	mmu-Zfp644_0011	mm9_circ_001406	NA	3	6.540797364723708	2.9331739768472502	2.5579264818705945e-5	4.978568627241165
Liver	cRNA_2637	chr12:29005288-29013340	UNKNOWN	NA	NA	NA	DOWN	mmu-intergenic_001452	NA	NA	3	4.233096206729685	-2.517180627282181	1.6971339856439616e-4	-4.508542859180587
Liver	cRNA_2827	chr15:3487412-3581167	JNC-JNC	ENSMUSG00000055737.13	protein_coding	Ghr	DOWN	mmu-Ghr_0014	NA	NA	3	7.636919707307193	-1.708247956204768	2.7765540264358183e-5	-4.918839952510393
Liver	cRNA_3167	chr7:19430263-19430935	WEX	ENSMUSG00000002985.17	protein_coding	Apoe	DOWN	mmu-Apoe_0026	NA	NA	3	71.4224584972056	-0.6248502345375284	0.0364693894847856	-2.718049010219732
Liver	cRNA_3209	chr15:3573507-3581167	EX-JNC	ENSMUSG00000055737.13	protein_coding	Ghr	DOWN	mmu-Ghr_0018,mmu-Ghr_0075	NA	NA	3	12.185378219205155	-1.2791301196084273	7.323623709552292e-5	-4.766512696756525
Liver	cRNA_3401	chr15:84055283-84070282	JNC-JNC	ENSMUSG00000041653.6	protein_coding	Pnpla3	DOWN	mmu-Pnpla3_0001	NA	NA	3	6.255167483903233	-2.455510993049562	5.998289266862898e-5	-4.715597293594811
Liver	cRNA_3567	chr19:40141975-40156067	EX-JNC	ENSMUSG00000060613.11	protein_coding	Cyp2c70	UP	mmu-Cyp2c70_0002	NA	NA	3	4.972361994518309	1.57462168199853	0.00399492505419179	3.5702139787156337
Muscle	cRNA_0043	chr13:98402659-98409360	JNC-JNC	ENSMUSG00000021661.17	protein_coding	Ankra2	DOWN	mmu-Ankra2_0001	NA	MMU_CIRCpedia_35770	3	3.818224176599098	-2.610151614400434	0.00233464334870749	-3.959401116244262
Muscle	cRNA_0044	chr13:101893834-101894547	FULLEX	ENSMUSG00000041417.16	protein_coding	Pik3r1	UP	mmu-Pik3r1_0005	NA	MMU_CIRCpedia_568	4	7.010964495755189	1.867128229848443	0.0071070552695793945	3.5329576195406975
Muscle	cRNA_0139	chr11:84083905-84086513	JNC-JNC	ENSMUSG00000020532.19	protein_coding	Acaca	UP	mmu-Acaca_0004	mm9_circ_010321	MMU_CIRCpedia_31553	4	6.7962991298329865	2.436632529514279	0.00235091727905982	3.968080688683089
Muscle	cRNA_0157	chr10:12496935-12564171	JNC-JNC	ENSMUSG00000019820.12	protein_coding	Utrn	UP	mmu-Utrn_0030	NA	MMU_CIRCpedia_6626	4	2.843069795935345	2.34180337441048	0.026396992965374	2.9918690717201564
Muscle	cRNA_0160	chr10:25096509-25165628	JNC-JNC	ENSMUSG00000039166.17	protein_coding	Akap7	UP	mmu-Akap7_0001	mm9_circ_000741	MMU_CIRCpedia_14415	4	10.77271045190664	1.7960595197871392	3.5297440004828837e-4	4.487761601141027
Muscle	cRNA_0161	chr10:25143206-25165628	JNC-JNC	ENSMUSG00000039166.17	protein_coding	Akap7	UP	mmu-Akap7_0002	mm9_circ_010383	MMU_CIRCpedia_14437	4	15.60419465506258	1.230138346784814	0.004436775736813555	3.7131749053377536
Muscle	cRNA_0185	chr10:106881074-106889377	JNC-JNC	ENSMUSG00000035948.14	protein_coding	Acss3	UP	mmu-Acss3_0006	NA	MMU_CIRCpedia_39032	4	4.641119175740254	2.1422011852460123	0.00335305491572686	3.826739424788686
Muscle	cRNA_0195	chr17:26958517-26962105	JNC-JNC	ENSMUSG00000048249.15	protein_coding	Crebrf	UP	mmu-Crebrf_0009	mm9_circ_004122	MMU_CIRCpedia_14835	3	27.606649655327512	0.7603150908731978	0.01316011649638932	3.2796267599019076
Muscle	cRNA_0207	chr17:57726322-57727524	JNC-JNC	ENSMUSG00000004730.16	protein_coding	Adgre1	DOWN	mmu-Emr1_0001	NA	MMU_CIRCpedia_23820	3	3.775370425158115	-1.664418688894074	0.01921920363316094	-3.1617087102835537
Muscle	cRNA_0215	chr17:74213005-74214740	JNC-JNC	ENSMUSG00000024066.10	protein_coding	Xdh	UP	mmu-Xdh_0001	NA	MMU_CIRCpedia_39091	3	13.420126745789377	1.132946503174638	0.0174683095432627	3.1381775196240436
Muscle	cRNA_0234	chr16:13515197-13516939	JNC-JNC	ENSMUSG00000022684.16	protein_coding	Bfar	UP	mmu-Bfar_0002	mm9_circ_009604	MMU_CIRCpedia_8487	4	5.000923239756706	2.375281060564402	3.8776198157827307e-4	4.470678928339211
Muscle	cRNA_0278	chr15:88695500-88696362	JNC-JNC	ENSMUSG00000035845.18	protein_coding	Alg12	UP	mmu-Alg12_0001	mm9_circ_017350	MMU_CIRCpedia_33206	4	16.298118172336974	1.002781290003483	0.0049411321182049345	3.7436359713291614
Muscle	cRNA_0290	chr14:8456108-8456690	JNC-JNC	ENSMUSG00000021738.6	protein_coding	Atxn7	UP	mmu-Atxn7_0001	NA	MMU_CIRCpedia_8902	3	15.857774938769392	0.8273470568345833	0.0205847702680812	3.0689005543991654
Muscle	cRNA_0320	chr14:120562206-120562824	FULLEX	ENSMUSG00000022139.18	protein_coding	Mbnl2	UP	mmu-Mbnl2_0008	NA	MMU_CIRCpedia_5057	4	6.149868881443577	1.5632849212253463	0.00690384004973941	3.561669896661715
Muscle	cRNA_0322	chr18:6111685-6115850	JNC-JNC	ENSMUSG00000041225.17	protein_coding	Arhgap12	DOWN	mmu-Arhgap12_0004	mm9_circ_014015	MMU_CIRCpedia_25033	3	6.0683170500906165	-1.1786658991987304	0.02067823813320999	-3.059567660434987
Muscle	cRNA_0377	chr7:14312661-14343264	JNC-JNC	ENSMUSG00000121301.1	lncRNA	Nlrp5-ps	DOWN	mmu-Nlrp5-ps_0001,mmu-Nlrp5-ps_0043	NA	MMU_CIRCpedia_9614	3	6.820106079246358	-1.4354695371359965	0.00495764178326013	-3.686752295045203
Muscle	cRNA_0410	chr7:120651310-120656622	JNC-JNC	ENSMUSG00000030876.8	protein_coding	Mettl9	UP	mmu-Mettl9_0005	mm9_circ_008117	MMU_CIRCpedia_5314	4	10.511429068280933	1.1276643050088486	0.00985620466693831	3.454127316473807
Muscle	cRNA_0416	chr7:132373307-132381114	JNC-JNC	ENSMUSG00000030956.16	protein_coding	Fam53b	DOWN	mmu-Fam53b_0001	NA	MMU_CIRCpedia_7869	3	13.4480001701148	-1.1363489933969808	7.750639299260847e-4	-4.237379682957117
Muscle	cRNA_0451	chr6:52596962-52607334	JNC-JNC	ENSMUSG00000029776.12	protein_coding	Hibadh	UP	mmu-Hibadh_0005	NA	MMU_CIRCpedia_22407	4	12.532705340074273	1.2466881897084923	0.013429252210140335	3.297916631329376
Muscle	cRNA_0568	chr4:58175931-58179707	JNC-JNC	ENSMUSG00000028369.16	protein_coding	Svep1	UP	mmu-Svep1_0001	NA	MMU_CIRCpedia_24099	4	6.754123719727185	1.4082038895599314	0.013246602557126425	3.330602692999853
Muscle	cRNA_0634	chr3:90248963-90249301	FULLEX	ENSMUSG00000042390.10	protein_coding	Gatad2b	UP	mmu-Gatad2b_0002	NA	MMU_CIRCpedia_33735	3	3.507747389827028	1.612075928520156	0.0232439864135416	3.0626376714368497
Muscle	cRNA_0639	chr3:103217625-103218829	JNC-JNC	ENSMUSG00000033014.13	protein_coding	Trim33	UP	mmu-Trim33_0028	mm9_circ_015990	MMU_CIRCpedia_935	4	5.802425463826532	1.4021420530296138	0.007900423962065639	3.4871320961072962
Muscle	cRNA_0697	chr2:92044394-92061069	JNC-JNC	ENSMUSG00000058318.16	protein_coding	Phf21a	DOWN	mmu-Phf21a_0029	mm9_circ_006097	MMU_CIRCpedia_34310	3	28.934405287560423	-0.724797895639873	0.00268222653141214	-3.8364163300781766
Muscle	cRNA_0760	chr1:74020073-74036263	JNC-JNC	ENSMUSG00000055322.17	protein_coding	Tns1	UP	mmu-Tns1_0020	NA	MMU_CIRCpedia_40011	3	2.907541410904664	2.119529400879968	0.01658871819095134	3.1639528903202794
Muscle	cRNA_0798	chr9:16286245-16289550	FULLEX	ENSMUSG00000074505.7	protein_coding	Fat3	DOWN	mmu-intergenic_001109	mm9_circ_012434	NA	3	2.318394341307128	-2.182151857247659	0.03725011380564189	-2.869565847783276
Muscle	cRNA_0800	chr9:22555041-22590360	JNC-JNC	ENSMUSG00000035919.17	protein_coding	Bbs9	UP	mmu-Bbs9_0016	mm9_circ_006404	MMU_CIRCpedia_13587	3	8.116328582975996	1.0830923476152796	0.04137179184498618	2.8058567811719457
Muscle	cRNA_0803	chr9:41968567-41983642	JNC-JNC	ENSMUSG00000049313.9	protein_coding	Sorl1	UP	mmu-Sorl1_0006	NA	MMU_CIRCpedia_19786	3	4.483700015514308	2.0976420315958406	0.00227942327217502	3.973780626329536
Muscle	cRNA_0816	chr9:63523968-63526513	JNC-JNC	ENSMUSG00000037257.9	protein_coding	Aagab	DOWN	mmu-Aagab_0002	mm9_circ_005795	MMU_CIRCpedia_25619	3	2.780038597952652	-1.6144371373070507	0.02586161594712901	-2.976236753385158
Muscle	cRNA_0819	chr9:65701904-65702777	FULLEX	ENSMUSG00000040524.10	protein_coding	Zfp609	UP	mmu-Zfp609_0001	mm9_circ_004501	MMU_CIRCpedia_26291	4	14.965251610033302	1.3795260575819768	6.072485006122193e-5	4.9578318588941155
Muscle	cRNA_0828	chr9:72577234-72593396	JNC-JNC	ENSMUSG00000032216.16	protein_coding	Nedd4	UP	mmu-Nedd4_0006	NA	MMU_CIRCpedia_28127	3	5.030164240948565	1.4416294663917002	0.01149081567503789	3.3388485598222775
Muscle	cRNA_0832	chr9:83834577-83873875	JNC-JNC	ENSMUSG00000032263.15	protein_coding	Bckdhb	UP	mmu-Bckdhb_0003	NA	MMU_CIRCpedia_31466	4	9.854306430939658	3.4270058767332046	1.4951604299399184e-8	6.670064322595401
Muscle	cRNA_0833	chr9:83870829-83894672	JNC-JNC	ENSMUSG00000032263.15	protein_coding	Bckdhb	UP	mmu-Bckdhb_0002	mm9_circ_009629	MMU_CIRCpedia_31491	4	9.035658151446853	1.6157639256112142	0.002457111422438995	3.89676796693292
Muscle	cRNA_0835	chr9:96084184-96114801	JNC-JNC	ENSMUSG00000032411.16	protein_coding	Tfdp2	UP	mmu-Tfdp2_0001	NA	MMU_CIRCpedia_35316	3	2.9080153866169813	2.0317833703775943	0.01615993930025946	3.1782796707690757
Muscle	cRNA_0854	chr8:3308383-3308934	FULLEX	ENSMUSG00000005534.11	protein_coding	Insr	UP	mmu-Insr_0016	NA	MMU_CIRCpedia_16558	4	18.866321634318325	1.6245561265371002	1.0354497370277675e-7	6.22492770233872
Muscle	cRNA_0859	chr8:26045524-26045790	FULLEX	ENSMUSG00000031565.19	protein_coding	Fgfr1	UP	mmu-Fgfr1_0008	NA	NA	3	8.423784467965998	1.280016782687227	0.01686357920606759	3.229391563438623
Muscle	cRNA_0863	chr8:41529269-41537877	JNC-JNC	ENSMUSG00000045636.17	protein_coding	Mtus1	UP	mmu-Mtus1_0003	NA	MMU_CIRCpedia_19543	4	6.644351354472569	1.9143092211463717	0.001506477307457575	4.086238291042283
Muscle	cRNA_0872	chr8:68356769-68361541	JNC-JNC	ENSMUSG00000030465.20	protein_coding	Psd3	DOWN	mmu-Psd3_0011,mmu-Psd3_0009	mm9_circ_001914	MMU_CIRCpedia_26900	3	8.979008151443105	-1.0858292192544814	0.00831149403479772	-3.483536275492726
Muscle	cRNA_0886	chr8:81526730-81527024	FULLEX	ENSMUSG00000031714.10	protein_coding	Gab1	UP	mmu-Gab1_0001	mm9_circ_015224	MMU_CIRCpedia_30620	3	3.772317359871851	1.3967496567368196	0.03805821856261357	2.7903725350134243
Muscle	cRNA_0892	chr8:96091942-96093050	JNC-JNC	ENSMUSG00000031790.9	protein_coding	Mmp15	DOWN	mmu-Mmp15_0002	mm9_circ_012938	MMU_CIRCpedia_35067	4	12.542894803886012	-1.5715303322836818	7.090940811442218e-5	-4.9108425184021165
Muscle	cRNA_0901	chrX:37513144-37531017	JNC-JNC	ENSMUSG00000016534.16	protein_coding	Lamp2	UP	mmu-Lamp2_0006	NA	MMU_CIRCpedia_18878	3	4.155232746727945	1.519384304765512	0.01532042059825986	3.2473475312041593
Muscle	cRNA_0958	chr11:44511241-44534296	JNC-JNC	ENSMUSG00000057098.15	protein_coding	Ebf1	UP	mmu-Ebf1_0004	NA	MMU_CIRCpedia_20355	3	3.86124662733236	3.93031446029775	4.319146864045548e-5	5.06721117482478
Muscle	cRNA_0994	chr17:5090855-5177299	JNC-JNC	ENSMUSG00000069729.15	protein_coding	Arid1b	UP	mmu-Arid1b_0002	NA	MMU_CIRCpedia_21839	3	2.71340655888746	2.616170580214053	0.01295888479183354	3.28904677664047
Muscle	cRNA_1147	chr5:106767406-106786501	JNC-JNC	ENSMUSG00000049606.17	protein_coding	Zfp644	UP	mmu-Zfp644_0004	NA	MMU_CIRCpedia_1795	4	4.2967572863622205	2.017729995175773	0.00689190532692943	3.554826420457612
Muscle	cRNA_1175	chr4:53127597-53133015	JNC-JNC	ENSMUSG00000015243.5	protein_coding	Abca1	UP	mmu-Abca1_0011	NA	MMU_CIRCpedia_22530	4	6.928621606596222	1.8616422391308463	7.261833210059741e-4	4.382408835756404
Muscle	cRNA_1212	chr3:86198734-86235663	JNC-JNC	ENSMUSG00000028080.17	protein_coding	Lrba	DOWN	mmu-Lrba_0063	NA	MMU_CIRCpedia_32376	3	5.318368492072851	-1.478883141102469	0.01896968762060001	-3.10135070353592
Muscle	cRNA_1292	chr9:14482919-14486735	JNC-JNC	ENSMUSG00000013076.18	protein_coding	Amotl1	DOWN	mmu-Amotl1_0005	mm9_circ_000340	MMU_CIRCpedia_9611	4	21.713026624345893	-1.1439415034138674	0.00169835608353967	-4.0733556120388865
Muscle	cRNA_1331	chr8:65264332-65287220	JNC-JNC	ENSMUSG00000031605.9	protein_coding	Klhl2	UP	mmu-Klhl2_0001	mm9_circ_016108	MMU_CIRCpedia_25937	3	4.530093252532974	1.6342157456677016	0.01753483597111253	3.2050513392567708
Muscle	cRNA_1339	chr8:86602263-86606439	JNC-JNC	ENSMUSG00000036879.16	protein_coding	Phkb	DOWN	mmu-Phkb_0012	NA	MMU_CIRCpedia_32179	4	13.606587175702265	-1.6717435011437471	0.0016671205486896603	-4.500322904049047
Muscle	cRNA_1352	chr13:39138085-39139912	JNC-JNC	ENSMUSG00000021432.16	protein_coding	Slc35b3	DOWN	mmu-Slc35b3_0001	NA	MMU_CIRCpedia_19006	3	2.930333261265551	-1.828981400108056	0.02305953229037877	-3.123378667829676
Muscle	cRNA_1420	chr19:37302547-37308011	JNC-JNC	ENSMUSG00000056999.17	protein_coding	Ide	DOWN	mmu-Ide_0007	NA	MMU_CIRCpedia_18516	3	6.066123376890852	-1.287052553597387	0.01397419356629916	-3.2526943422429406
Muscle	cRNA_1583	chr11:72290700-72294830	JNC-JNC	ENSMUSG00000045667.15	protein_coding	Smtnl2	DOWN	mmu-Smtnl2_0001	NA	MMU_CIRCpedia_28064	4	12.805233371617373	-1.9982507025222926	1.1150656497289525e-6	-5.964130498099735
Muscle	cRNA_1594	chr11:109862511-109868699	JNC-JNC	ENSMUSG00000020620.15	protein_coding	Abca8b	UP	mmu-Abca8b_0001	mm9_circ_012245	MMU_CIRCpedia_2728	3	3.252449430491685	1.994740448902227	0.00804462485787657	3.4915498266885483
Muscle	cRNA_1599	chr10:22540262-22541605	FULLEX	ENSMUSG00000037490.6	protein_coding	Slc2a12	DOWN	mmu-Slc2a12_0001	NA	MMU_CIRCpedia_215492	4	5.373142256478859	-2.5967822297667853	2.8046430614890475e-5	-5.1655699172441505
Muscle	cRNA_1611	chr10:120661013-120687997	JNC-JNC	ENSMUSG00000051236.14	protein_coding	Msrb3	DOWN	mmu-Msrb3_0001	NA	MMU_CIRCpedia_5235	3	2.5814585961042766	-2.0124659256486312	0.02189442743465846	-3.0384716066904565
Muscle	cRNA_1634	chr15:37973147-37989896	JNC-JNC	ENSMUSG00000037487.8	protein_coding	Ubr5	DOWN	mmu-Ubr5_0062	NA	MMU_CIRCpedia_216940	4	6.844026807511357	-1.6553519971398043	0.0013396246533050173	-4.1342531826430795
Muscle	cRNA_1639	chr15:73263608-73266593	JNC-JNC	ENSMUSG00000022607.19	protein_coding	Ptk2	DOWN	mmu-Ptk2_0057	mm9_circ_004905	MMU_CIRCpedia_28409	3	5.345104385786682	-1.5930721147626812	0.00769827033546396	-3.4810433498997995
Muscle	cRNA_1658	chr18:25153719-25161226	JNC-JNC	ENSMUSG00000034295.11	protein_coding	Fhod3	DOWN	mmu-Fhod3_0003	NA	MMU_CIRCpedia_14355	4	12.117143951305634	-1.288340564924262	0.00186940061996412	-4.03700955435931
Muscle	cRNA_1675	chr19:37021922-37045691	JNC-JNC	ENSMUSG00000039652.17	protein_coding	Cpeb3	DOWN	mmu-Cpeb3_0019	NA	MMU_CIRCpedia_18411	3	9.876761968884797	-0.8917047419636659	0.04291175962833092	-2.8148693769355155
Muscle	cRNA_1691	chr7:67653558-67654103	FULLEX	ENSMUSG00000005533.11	protein_coding	Igf1r	UP	mmu-Igf1r_0001	mm9_circ_010252	MMU_CIRCpedia_26913	4	2.2672082338504183	1.9277999234218237	0.03334915856368308	2.9039441674048634
Muscle	cRNA_1724	chr5:112923119-112933533	JNC-JNC	ENSMUSG00000072720.10	protein_coding	Myo18b	UP	mmu-Myo18b_0006	NA	MMU_CIRCpedia_229443	4	6.238609074578161	1.7672277459481784	0.009225840963244206	3.4728025575163106
Muscle	cRNA_1784	chr2:76680914-76682481	JNC-JNC	ENSMUSG00000051747.16	protein_coding	Ttn	UP	mmu-Ttn_0184	NA	NA	4	30.060149307782297	1.217860896060159	0.0030855379383569748	3.8346426417354254
Muscle	cRNA_1786	chr2:76683949-76686710	JNC-JNC	ENSMUSG00000051747.16	protein_coding	Ttn	UP	mmu-Ttn_0122	NA	NA	4	152.99577521855224	1.844244748752511	2.6779887355796915e-4	4.550527171000118
Muscle	cRNA_1803	chr2:163217524-163218295	FULLEX	ENSMUSG00000017817.12	protein_coding	Jph2	DOWN	mmu-Jph2_0002	NA	MMU_CIRCpedia_38283	3	4.812074284964798	-1.5328532864325848	0.0169959646819995	-3.1504702774443336
Muscle	cRNA_1855	chr9:96084184-96129141	JNC-JNC	ENSMUSG00000032411.16	protein_coding	Tfdp2	UP	mmu-Tfdp2_0003	NA	MMU_CIRCpedia_35317	3	6.458970066948874	2.110490664744799	1.8289410357002995e-4	4.680096121485393
Muscle	cRNA_1856	chr9:96222255-96227946	JNC-JNC	ENSMUSG00000032412.9	protein_coding	Atp1b3	DOWN	mmu-Atp1b3_0002	NA	MMU_CIRCpedia_35348	3	13.570202518201995	-1.027460757332071	0.00381684460555334	-3.7200459557833185
Muscle	cRNA_1859	chr9:101002222-101031073	JNC-JNC	ENSMUSG00000043154.16	protein_coding	Ppp2r3a	DOWN	mmu-Ppp2r3a_0003	NA	MMU_CIRCpedia_419	3	5.2719004513132575	-1.1212060781933384	0.04550542714809676	-2.843578882540747
Muscle	cRNA_1895	chr10:60159068-60161927	JNC-JNC	ENSMUSG00000012819.17	protein_coding	Cdh23	DOWN	mmu-Cdh23_0001	NA	MMU_CIRCpedia_228233	3	3.23546975643485	-1.792765131970759	0.01567830482417584	-3.19606946084974
Muscle	cRNA_1916	chr5:129894758-129898367	JNC-JNC	ENSMUSG00000025537.13	protein_coding	Phkg1	DOWN	mmu-Phkg1_0001	NA	MMU_CIRCpedia_218872	3	4.558840983764387	-1.712768841300788	0.01150414503802411	-3.3278524658868025
Muscle	cRNA_1946	chr2:76677732-76682481	JNC-JNC	ENSMUSG00000051747.16	protein_coding	Ttn	UP	mmu-Ttn_0141	NA	NA	3	4.052647451224446	1.901427545527521	0.00767806737292646	3.4966189031181476
Muscle	cRNA_1957	chr16:4989725-4991030	JNC-JNC	ENSMUSG00000091712.3	protein_coding	Sec14l5	DOWN	mmu-Sec14l5_0001	NA	MMU_CIRCpedia_22162	4	7.354811297839994	-1.9615778441893208	4.7602742087792953e-4	-4.42651010100703
Muscle	cRNA_1986	chr2:76684494-76686710	JNC-JNC	ENSMUSG00000051747.16	protein_coding	Ttn	UP	mmu-Ttn_0176	NA	NA	3	15.06751431265221	2.0195534916382045	7.825823148198838e-5	4.893720794875597
Muscle	cRNA_2064	chr7:126049277-126049722	JNC-JNC	ENSMUSG00000030730.13	protein_coding	Atp2a1	DOWN	mmu-Atp2a1_0031	NA	NA	3	5.485000894555752	-1.251683948576202	0.02969033409846537	-2.9065662612809944
Muscle	cRNA_2069	chr17:35996198-36001072	JNC-JNC	ENSMUSG00000003534.18	protein_coding	Ddr1	DOWN	mmu-Ddr1_0003	NA	NA	4	6.712107704848092	-1.3592506376656863	0.00796291622373123	-3.472326051529895
Muscle	cRNA_2080	chr2:76683949-76684811	JNC-JNC	ENSMUSG00000051747.16	protein_coding	Ttn	UP	mmu-Ttn_0169	NA	NA	3	4.974290557863428	1.9497486171972236	0.00268222653141214	3.837330323298025
Muscle	cRNA_2081	chr2:152755365-152761373	JNC-JNC	ENSMUSG00000027470.10	protein_coding	Mylk2	DOWN	mmu-Mylk2_0003	NA	NA	4	32.18469268445937	-1.0064626026812462	1.3752688855689184e-4	-4.818391831458021
Muscle	cRNA_2084	chr8:41357483-41358764	JNC-JNC	ENSMUSG00000031596.16	protein_coding	Slc7a2	UP	mmu-Slc7a2_0001	NA	NA	4	8.170301228105405	1.451622660390179	0.00554236247254753	3.621767746267178
Muscle	cRNA_2382	chr12:52562862-52566750	FULLEX	ENSMUSG00000035133.10	protein_coding	Arhgap5	UP	mmu-Arhgap5_0009,mmu-Arhgap5_0019	mm9_circ_011007	MMU_CIRCpedia_22395	3	33.89183054345381	2.952642789562109	1.2278962084507156e-7	6.200022754209503
Muscle	cRNA_2399	chr16:57390013-57392788	JNC-EX	ENSMUSG00000043336.15	protein_coding	Filip1l	DOWN	mmu-Filip1l_0001	NA	NA	3	40.88161403857352	-1.6667282048007828	3.291711666262148e-9	-6.823270936748088
Muscle	cRNA_3091	chr14:40537701-40542792	EX-JNC	ENSMUSG00000037833.15	protein_coding	Sh2d4b	UP	mmu-Sh2d4b_0003	NA	NA	3	3.331438070464657	2.585015240650188	0.01480117307741382	3.2893663147179284
Muscle	cRNA_3167	chr7:19430263-19430935	WEX	ENSMUSG00000002985.17	protein_coding	Apoe	UP	mmu-Apoe_0026	NA	NA	3	5.615914574182545	3.874595630309311	0.00369226933986522	3.725721862538496
