gene_name	organ	cor	pval	adj.pval
A330023F24Rik	BAT	-0.015873006728027418	0.9336520539870928	1
A330023F24Rik	Bone	0.4265667886359966	0.0027902919984956528	0.044644671975930444
A330023F24Rik	Brain	0.3849106676100815	0.0052869861340931945	0.08459177814549111
A330023F24Rik	GAT	0.2852576446365753	0.1019887558992649	1
A330023F24Rik	Heart	0.11169200640791543	0.4448339438179276	1
A330023F24Rik	Kidney	0.41680913979376155	0.0028897757350062002	0.046236411760099204
A330023F24Rik	Limb_Muscle	0.37436657449584954	0.010372456375754562	0.16595930201207298
A330023F24Rik	Liver	0.028107804076818965	0.8463611603233115	1
A330023F24Rik	Lung	-0.03932423542007364	0.7776977694323428	1
A330023F24Rik	Marrow	-0.06994646001390861	0.6187055329327839	1
A330023F24Rik	MAT	0.0720770258481571	0.6301922105981437	1
A330023F24Rik	Pancreas	-0.20422318017755053	0.19452868237032958	1
A330023F24Rik	SCAT	-0.009702774689937436	0.9501571006009578	1
A330023F24Rik	Skin	0.08689659558000497	0.5748822545050316	1
A330023F24Rik	Small_Intestine	0.1591859861284588	0.2695046449230837	1
A330023F24Rik	Spleen	0.12498910000130102	0.363231044280496	1
Acta1	BAT	0.3774763948778727	0.039738885408417725	0.6358221665346836
Acta1	Bone	0.2964902975022411	0.043005670795970494	0.6880907327355279
Acta1	Brain	0.08371469822686033	0.5591879969940788	1
Acta1	GAT	0.3058808924307972	0.07852549611761765	1
Acta1	Heart	-0.1274550508257775	0.38281555442707926	1
Acta1	Kidney	0.08080273712442153	0.5810022394814327	1
Acta1	Limb_Muscle	-0.3205422664045237	0.02986624229431036	0.47785987670896574
Acta1	Liver	-0.17131053672920638	0.2342320498718586	1
Acta1	Lung	0.0073171394775306715	0.9581204985470233	1
Acta1	Marrow	-0.09253659812435432	0.5098772177180279	1
Acta1	MAT	0.200181575577362	0.17729760727867205	1
Acta1	Pancreas	0.041718067611974316	0.7930755751980034	1
Acta1	SCAT	-0.27256843441273565	0.07344933080574655	1
Acta1	Skin	0.02600074317607208	0.8669510583486534	1
Acta1	Small_Intestine	0.0433432569712254	0.7650379045924125	1
Acta1	Spleen	0.11160848897428328	0.41722888421274906	1
Amot	BAT	0.4217946947830116	0.020253504190632085	0.32405606705011336
Amot	Bone	0.17400354446049524	0.24210750168962109	1
Amot	Brain	0.04512419532249277	0.7532002221261339	1
Amot	GAT	-0.19304986535795685	0.2740032330342142	1
Amot	Heart	0.4592251380808569	9.031212674290538e-4	0.014449940278864861
Amot	Kidney	0.26347514236500214	0.0673721030226279	1
Amot	Limb_Muscle	-0.06744806211057029	0.6560499439208597	1
Amot	Liver	0.04768786746612359	0.7422596436548564	1
Amot	Lung	-0.14552810909507535	0.2937234874681138	1
Amot	Marrow	-0.14068339203226868	0.31500439744700554	1
Amot	MAT	0.2740954218775826	0.06226753523099711	0.9962805636959537
Amot	Pancreas	0.2896126417105511	0.06283554483011533	1
Amot	SCAT	-0.17050604593378296	0.268477098767201	1
Amot	Skin	-0.10803344770933246	0.4851585305898992	1
Amot	Small_Intestine	0.0012763018978712132	0.9929814582992496	1
Amot	Spleen	0.11743470393608163	0.39317419417959376	1
Amph	BAT	0.15185306535048979	0.42310072715417923	1
Amph	Bone	0.3333214845567623	0.02204971221630619	0.35279539546089905
Amph	Brain	-0.2709859246935626	0.054428746286486904	0.8708599405837905
Amph	GAT	-0.026166922589264858	0.8832141482627367	1
Amph	Heart	0.20530033986432725	0.15703097743659042	1
Amph	Kidney	0.02411648216649072	0.8693523472069743	1
Amph	Limb_Muscle	-0.09315057603806735	0.5380713004996958	1
Amph	Liver	0.16587822214120304	0.24962267643871688	1
Amph	Lung	-0.10930774638685124	0.43139226126587815	1
Amph	Marrow	-0.0225398464416758	0.872723519494315	1
Amph	MAT	0.026123925513923726	0.8616268559633123	1
Amph	Pancreas	-0.0066606416011423565	0.9666074141000991	1
Amph	SCAT	-0.03033650566997184	0.8450160703448248	1
Amph	Skin	0.12495264165778616	0.4190010157901145	1
Amph	Small_Intestine	0.1220668857227614	0.3984032946209124	1
Amph	Spleen	0.18458264633704088	0.17730984186394927	1
Arhgap9	BAT	0.12135186161674975	0.5229555311838914	1
Arhgap9	Bone	0.09594885596253307	0.5211574587097167	1
Arhgap9	Brain	-0.12569370330723495	0.3794706667468156	1
Arhgap9	GAT	0.3179714698740588	0.0668597226331103	1
Arhgap9	Heart	0.2655323855951543	0.06518315181372925	1
Arhgap9	Kidney	0.13067569838574444	0.370807449054666	1
Arhgap9	Limb_Muscle	-0.17192717438311786	0.2532428703293105	1
Arhgap9	Liver	0.20248494195355096	0.15847264828757832	1
Arhgap9	Lung	0.20873925721090128	0.12983234741159622	1
Arhgap9	Marrow	0.060777885664688745	0.6655096216452094	1
Arhgap9	MAT	-0.2451202602034871	0.09678345775278506	1
Arhgap9	Pancreas	-0.08178815785868757	0.6066118618456824	1
Arhgap9	SCAT	-0.20170994982928186	0.18917709396045612	1
Arhgap9	Skin	-0.30717830323241463	0.04253354687108268	0.6805367499373228
Arhgap9	Small_Intestine	-0.2704293013035268	0.05750963279019297	0.9201541246430875
Arhgap9	Spleen	-0.28960086778138266	0.031985122541155556	0.5117619606584889
Astn2	BAT	0.27762179174582086	0.13744806808097235	1
Astn2	Bone	0.3491173801883818	0.016163749101352373	0.25861998562163796
Astn2	Brain	0.09518988907510469	0.5064021926726441	1
Astn2	GAT	-0.3268590381718782	0.05918636823093653	0.9469818916949845
Astn2	Heart	-0.13384038677091242	0.35923118697542056	1
Astn2	Kidney	0.05196562782980401	0.722882837159186	1
Astn2	Limb_Muscle	0.220383280777705	0.14109101531331214	1
Astn2	Liver	0.03420681162722584	0.813564712541962	1
Astn2	Lung	-0.2849551104208115	0.03675254375748631	0.5880407001197809
Astn2	Marrow	-0.029220237068189946	0.8354645407705745	1
Astn2	MAT	0.11011028628750816	0.4612465240996547	1
Astn2	Pancreas	0.13051828479930896	0.41001843160844986	1
Astn2	SCAT	-0.07394790651570349	0.6333280421631678	1
Astn2	Skin	0.0027827066034555323	0.985697074912935	1
Astn2	Small_Intestine	0.052957768897441304	0.714922490469674	1
Astn2	Spleen	0.22935186291872786	0.09210712932381881	1
Batf2	BAT	0.14944298251532287	0.430583551838702	1
Batf2	Bone	0.24365802767068767	0.0988541840842133	1
Batf2	Brain	0.07422915290312736	0.6046847415033212	1
Batf2	GAT	0.21756494967979328	0.21644733955296908	1
Batf2	Heart	0.1613833355074802	0.26794774252980014	1
Batf2	Kidney	-0.06464900862370404	0.6589793808207275	1
Batf2	Limb_Muscle	-0.02825457183171771	0.8521349082022585	1
Batf2	Liver	0.15361682003338217	0.2868312846789749	1
Batf2	Lung	0.005340446240130084	0.9694276906388308	1
Batf2	Marrow	0.00478164496321622	0.9728923025117346	1
Batf2	MAT	0.04172538315631933	0.7806490586586703	1
Batf2	Pancreas	-0.11454265541789932	0.47010910114940063	1
Batf2	SCAT	0.1262272983717051	0.41423363835251625	1
Batf2	Skin	-0.10097232650633141	0.514296095977592	1
Batf2	Small_Intestine	-0.08118753945037364	0.5751459369021324	1
Batf2	Spleen	-0.027096552479211795	0.8443176510675783	1
Bin1	BAT	0.21637128170387407	0.25079313146910676	1
Bin1	Bone	0.32921820309468874	0.023844199076198575	0.3815071852191772
Bin1	Brain	0.17446264938051356	0.22078576016017284	1
Bin1	GAT	0.27086562049791735	0.1212723219854136	1
Bin1	Heart	-0.24833115913844728	0.08534001154673534	1
Bin1	Kidney	-0.19367836075894332	0.18239555928662882	1
Bin1	Limb_Muscle	0.2658974790744128	0.074086260627843	1
Bin1	Liver	0.012632039554743115	0.9306188798602525	1
Bin1	Lung	0.033036047156746524	0.8125414681196803	1
Bin1	Marrow	0.030075265288550836	0.8307197237151555	1
Bin1	MAT	-0.2882267992747409	0.04945006822218924	0.7912010915550278
Bin1	Pancreas	0.05212882086746246	0.7430167187122192	1
Bin1	SCAT	-0.4954916056718101	6.265624517247635e-4	0.010024999227596216
Bin1	Skin	0.037886763628252	0.8071029651141223	1
Bin1	Small_Intestine	0.04933201630152218	0.7336950931378813	1
Bin1	Spleen	-0.07877946528768905	0.5675154354654747	1
C1qtnf6	BAT	0.07911476471294775	0.6777253948885968	1
C1qtnf6	Bone	-0.5481311666523555	6.653838915526778e-5	0.0010646142264842844
C1qtnf6	Brain	-0.009642050636356116	0.9464603312695808	1
C1qtnf6	GAT	-0.5435393562147882	8.931168544641794e-4	0.014289869671426871
C1qtnf6	Heart	-0.6957930649554782	2.8631219862807484e-8	4.5809951780491974e-7
C1qtnf6	Kidney	-0.3147955523450595	0.027592858559941157	0.4414857369590585
C1qtnf6	Limb_Muscle	-0.41665593284062524	0.0039719430495801155	0.06355108879328185
C1qtnf6	Liver	-0.42212301628774224	0.002262109097468874	0.036193745559501986
C1qtnf6	Lung	-0.4798565362828533	2.409505754631163e-4	0.0038552092074098606
C1qtnf6	Marrow	-0.14647762489579513	0.295282551866035	1
C1qtnf6	MAT	-0.3715811299238315	0.010121811365580397	0.16194898184928636
C1qtnf6	Pancreas	0.21828680504981024	0.164899333045009	1
C1qtnf6	SCAT	-0.2638269019969774	0.08354879004643578	1
C1qtnf6	Skin	-0.2862128335363608	0.05963532734320208	0.9541652374912333
C1qtnf6	Small_Intestine	0.020576888352297675	0.8872100332057031	1
C1qtnf6	Spleen	-0.07105440607492233	0.6062019871200932	1
Cacna1g	BAT	-0.057293357936296856	0.7636268870466941	1
Cacna1g	Bone	0.18759711048121228	0.20669158586559425	1
Cacna1g	Brain	-0.05820246638292082	0.6849714612360366	1
Cacna1g	GAT	-0.2012364078990815	0.2537734479600818	1
Cacna1g	Heart	-0.2438249142555799	0.09135364401379892	1
Cacna1g	Kidney	0.15112197012920056	0.2999630056243593	1
Cacna1g	Limb_Muscle	-0.31574647590566746	0.032550912749482	0.520814603991712
Cacna1g	Liver	-0.093934131936869	0.5164341860147821	1
Cacna1g	Lung	-0.35692824261917294	0.008063617739679386	0.12901788383487017
Cacna1g	Marrow	0.01768095993211958	0.9000012684800506	1
Cacna1g	MAT	0.21815654867107118	0.14071273062379824	1
Cacna1g	Pancreas	0.17312626796066755	0.2728899842579051	1
Cacna1g	SCAT	0.026296681445770773	0.8654505449428047	1
Cacna1g	Skin	0.012671581303336421	0.9349352207194277	1
Cacna1g	Small_Intestine	-0.1559463683796047	0.2794970742179451	1
Cacna1g	Spleen	-0.013866455107737399	0.9199639521990476	1
Casp12	BAT	0.1697882097443894	0.3697242780725811	1
Casp12	Bone	0.45211669919547287	0.0014207506372778188	0.0227320101964451
Casp12	Brain	-0.02106563521299818	0.8833487865528622	1
Casp12	GAT	0.4014123120232933	0.018622875743796067	0.29796601190073707
Casp12	Heart	0.34746333973431753	0.014436898571043749	0.23099037713669998
Casp12	Kidney	0.17221578094487636	0.23670799153675376	1
Casp12	Limb_Muscle	0.1931939136449225	0.19830231434908185	1
Casp12	Liver	0.09919916996699153	0.49309405699788245	1
Casp12	Lung	0.3870574618120835	0.003835883226613319	0.0613741316258131
Casp12	Marrow	-0.040431154392896955	0.7737738338879994	1
Casp12	MAT	0.3739335844112134	0.009619683598181404	0.15391493757090247
Casp12	Pancreas	0.0205074804989202	0.8974318226827859	1
Casp12	SCAT	0.1441658162856134	0.35048564742727373	1
Casp12	Skin	0.1711112393174318	0.2667564675277863	1
Casp12	Small_Intestine	0.12711556497563378	0.37903021992958275	1
Casp12	Spleen	0.2454901138516674	0.070833791345038	1
Casq1	BAT	0.35352732030471123	0.055304466445883396	0.8848714631341343
Casq1	Bone	0.24514112403279664	0.09675415610950654	1
Casq1	Brain	-0.0056008141877513275	0.9688852064016241	1
Casq1	GAT	-0.07015137873818565	0.6934072276957406	1
Casq1	Heart	-0.5753336582045644	1.52976539339674e-5	2.447624629434784e-4
Casq1	Kidney	-0.1575021159080068	0.2797787733220928	1
Casq1	Limb_Muscle	-0.3333638058196095	0.023577148618600427	0.37723437789760683
Casq1	Liver	-0.02457462246130215	0.8654826429748643	1
Casq1	Lung	0.07600501311539305	0.5848989668213593	1
Casq1	Marrow	0.037930032802776265	0.7874315945382332	1
Casq1	MAT	-0.19102101231048477	0.19837613058872455	1
Casq1	Pancreas	-0.14345978614705163	0.36474084134937257	1
Casq1	SCAT	-0.3595901965815297	0.016512540953837283	0.2642006552613965
Casq1	Skin	0.005922081363599843	0.9695664438987122	1
Casq1	Small_Intestine	-0.003108973310676867	0.982904425297148	1
Casq1	Spleen	-0.07013361074817458	0.6108886543810857	1
Cdh22	BAT	-0.11195057081194168	0.5558746667007398	1
Cdh22	Bone	0.4654197263147476	9.789161733558642e-4	0.015662658773693827
Cdh22	Brain	0.1267858732440333	0.37531006664426714	1
Cdh22	GAT	-0.15284005906837256	0.38816245498326996	1
Cdh22	Heart	0.5775898487715669	1.3910440930359764e-5	2.2256705488575622e-4
Cdh22	Kidney	0.15832142634701496	0.27725313239695865	1
Cdh22	Limb_Muscle	0.4040287615387414	0.005358547809241415	0.08573676494786264
Cdh22	Liver	0.07023005848982479	0.6279316039677573	1
Cdh22	Lung	0.1144617126667323	0.4098538566091	1
Cdh22	Marrow	-0.060110557601696396	0.6689689373505017	1
Cdh22	MAT	-0.010670761565988238	0.9432488207537597	1
Cdh22	Pancreas	0.29626310432825553	0.05677018721161077	0.9083229953857723
Cdh22	SCAT	-0.18050619086483333	0.24098244326418897	1
Cdh22	Skin	0.05060228076242948	0.7442703099547949	1
Cdh22	Small_Intestine	0.18341217935584703	0.20232170442530703	1
Cdh22	Spleen	0.007150713311673094	0.9586771564649289	1
Col4a5	BAT	0.2989640080230767	0.10852375069300076	1
Col4a5	Bone	0.2665281260884533	0.07015080669865621	1
Col4a5	Brain	-0.06037094383152443	0.6738787455628736	1
Col4a5	GAT	-0.43661480791445106	0.009832358453895533	0.15731773526232853
Col4a5	Heart	-0.4800680623140069	4.817192032486733e-4	0.007707507251978773
Col4a5	Kidney	-0.22395005347952937	0.12188678676463703	1
Col4a5	Limb_Muscle	-0.10286292607101367	0.49634082852914707	1
Col4a5	Liver	-0.10021927509894833	0.4886360708717725	1
Col4a5	Lung	-0.3635826055235385	0.006883512281723258	0.11013619650757213
Col4a5	Marrow	-0.11288786701295987	0.4209255220678426	1
Col4a5	MAT	0.40330463100289454	0.004939679789960022	0.07903487663936035
Col4a5	Pancreas	-0.11024386793013079	0.4870405800306893	1
Col4a5	SCAT	-0.18731787246255432	0.2233880673476665	1
Col4a5	Skin	-0.055514673448375317	0.7204048237982676	1
Col4a5	Small_Intestine	-0.17732493550347375	0.21796644843069019	1
Col4a5	Spleen	0.16787358122832433	0.22053588909367697	1
Ctsk	BAT	0.276793063436871	0.1386744657295359	1
Ctsk	Bone	-0.24889567941166954	0.09159187008315978	1
Ctsk	Brain	-0.1741310138539513	0.22167829833233027	1
Ctsk	GAT	-0.09940231604393003	0.5759443504144872	1
Ctsk	Heart	-0.26243266977240703	0.06850344572580425	1
Ctsk	Kidney	-0.17161719761921893	0.23836622943152153	1
Ctsk	Limb_Muscle	-0.13251961325145503	0.3799776120911471	1
Ctsk	Liver	0.32200893257341473	0.02257975801821317	0.3612761282914107
Ctsk	Lung	0.16273570448792063	0.23970127574056724	1
Ctsk	Marrow	0.04632708262453507	0.741852621951472	1
Ctsk	MAT	0.11593955225841372	0.4377130710686514	1
Ctsk	Pancreas	-0.04061588693470353	0.7984275246139172	1
Ctsk	SCAT	0.2404458482187666	0.11590749418540384	1
Ctsk	Skin	-0.2986383287969787	0.048940868839661485	0.7830539014345838
Ctsk	Small_Intestine	0.026340176088614674	0.8559172752596114	1
Ctsk	Spleen	-0.24706478795933068	0.06898752319002587	1
Dbp	BAT	0.0077361184773048885	0.96763670266974	1
Dbp	Bone	0.28032903530154246	0.056319949125381456	0.9011191860061033
Dbp	Brain	-0.24052295383778613	0.08910211559545599	1
Dbp	GAT	0.185794732931509	0.2927847294444077	1
Dbp	Heart	0.2009599448052959	0.1661820524332958	1
Dbp	Kidney	0.11112045803228493	0.4471819216912418	1
Dbp	Limb_Muscle	0.11390459644501615	0.45100774822780265	1
Dbp	Liver	0.5257870126918085	8.811628236253358e-5	0.0014098605178005372
Dbp	Lung	0.20763969924878892	0.13191195465726765	1
Dbp	Marrow	0.013711652097346795	0.9223717620245544	1
Dbp	MAT	0.18716504318633784	0.20775803934095163	1
Dbp	Pancreas	-0.012307918340088491	0.9383370805932296	1
Dbp	SCAT	0.1169236641320041	0.4497365746426095	1
Dbp	Skin	0.26100918796907935	0.08702541216063328	1
Dbp	Small_Intestine	0.3012456642019699	0.03351073751364716	0.5361718002183545
Dbp	Spleen	-0.12618424059731717	0.3586243552664784	1
Dpy19l3	BAT	0.15302508775853849	0.4194880128507832	1
Dpy19l3	Bone	0.2834153882140164	0.05354918983321464	0.8567870373314342
Dpy19l3	Brain	0.2227558187122827	0.11614313559809646	1
Dpy19l3	GAT	-0.10189186404637687	0.5663742991362186	1
Dpy19l3	Heart	-0.18835343630506357	0.19495014450258977	1
Dpy19l3	Kidney	0.4183413687794955	0.002777907915788357	0.04444652665261371
Dpy19l3	Limb_Muscle	0.08907243742581795	0.5560860030576746	1
Dpy19l3	Liver	0.25586530901700194	0.07289854043355815	1
Dpy19l3	Lung	-0.14703978116169455	0.28868322603971325	1
Dpy19l3	Marrow	-0.08517387376407409	0.5442539058036344	1
Dpy19l3	MAT	-0.014428649573816319	0.9233147505187561	1
Dpy19l3	Pancreas	-0.12633172217082558	0.4253250953268757	1
Dpy19l3	SCAT	0.09426670490370546	0.5427556670917493	1
Dpy19l3	Skin	-0.024521440270813613	0.8744584832267082	1
Dpy19l3	Small_Intestine	0.14561017846801777	0.3129901297767878	1
Dpy19l3	Spleen	0.1207470940347253	0.37987033146845695	1
E2f8	BAT	0.25491876235728417	0.17398698536180027	1
E2f8	Bone	0.0953336812377554	0.5238448326841569	1
E2f8	Brain	-0.12794601904665048	0.37092055844839766	1
E2f8	GAT	-0.17443119026478923	0.32381574581667194	1
E2f8	Heart	-0.17498464052701956	0.22914026106092233	1
E2f8	Kidney	-0.2793277241769877	0.051931627090326074	0.8309060334452172
E2f8	Limb_Muscle	0.13526990673031716	0.3700786834674267	1
E2f8	Liver	-0.3895650747506408	0.005167925241905672	0.08268680387049075
E2f8	Lung	0.2014813386823016	0.1440249754923898	1
E2f8	Marrow	0.022379631774169188	0.873620803526157	1
E2f8	MAT	-0.12914074639541137	0.38696473494917616	1
E2f8	Pancreas	-0.13765795167247805	0.38465480990101275	1
E2f8	SCAT	-0.20523551489255082	0.1813975764362121	1
E2f8	Skin	-0.0045105221199217395	0.9768181666141518	1
E2f8	Small_Intestine	-0.14398666075887592	0.31847414512530675	1
E2f8	Spleen	0.043806285303995544	0.7508137378914697	1
Edn3	BAT	0.23788890768485654	0.20555884624336476	1
Edn3	Bone	0.38203000956820765	0.008051938380985325	0.1288310140957652
Edn3	Brain	-0.26981794205464055	0.05551854258344511	0.8882966813351217
Edn3	GAT	0.11500222146855833	0.5172150021921905	1
Edn3	Heart	0.4701547628827053	6.527827294793079e-4	0.010444523671668926
Edn3	Kidney	-0.20674374022154804	0.15407125787677972	1
Edn3	Limb_Muscle	-0.10135391177029915	0.5027132425083245	1
Edn3	Liver	0.14956340274133165	0.2998901252074332	1
Edn3	Lung	-0.3167597739722931	0.01961248533774343	0.31379976540389487
Edn3	Marrow	-0.10456320969748173	0.4561955351453362	1
Edn3	MAT	-0.2181939709690309	0.1406429272064069	1
Edn3	Pancreas	0.0986427883608869	0.5342677230089777	1
Edn3	SCAT	-0.19352264555078952	0.20815045177776367	1
Edn3	Skin	-0.10272385425334557	0.5069876346245534	1
Edn3	Small_Intestine	0.2940312368291187	0.03821063589287426	0.6113701742859882
Edn3	Spleen	0.07373165935617315	0.5926649780196594	1
Esr1	BAT	-0.18497285079288192	0.3277939793235787	1
Esr1	Bone	0.21189382653839187	0.15276059491040536	1
Esr1	Brain	0.10151497461864811	0.478433954610506	1
Esr1	GAT	-0.2718756307071952	0.11983639649925709	1
Esr1	Heart	-0.09326761034089766	0.5238572341038692	1
Esr1	Kidney	-0.03153232845805057	0.8297036988778368	1
Esr1	Limb_Muscle	0.07394835940190506	0.6252601121972932	1
Esr1	Liver	0.23417859333613988	0.10165967061325323	1
Esr1	Lung	0.04861189751730229	0.7270360736004402	1
Esr1	Marrow	-0.09506375532046991	0.4983375475299029	1
Esr1	MAT	0.43017516894774704	0.002544489288085928	0.04071182860937485
Esr1	Pancreas	-0.098460352542999	0.5350277542971567	1
Esr1	SCAT	-0.07351824828107362	0.6353084409476046	1
Esr1	Skin	-0.06593416478704614	0.67066885522129	1
Esr1	Small_Intestine	0.2255363398477231	0.11529974795037964	1
Esr1	Spleen	0.0834835563423704	0.5445352018883087	1
Fgf6	BAT	0.10621444949751815	0.5764178101450829	1
Fgf6	Bone	0.391405203596034	0.0065171218305818636	0.10427394928930982
Fgf6	Brain	0.13205265876485447	0.3556324621619795	1
Fgf6	GAT	-0.12495453981390565	0.4813592031796865	1
Fgf6	Heart	-0.09900922121717648	0.49850819656361944	1
Fgf6	Kidney	0.036637973009816666	0.8026423010758174	1
Fgf6	Limb_Muscle	-0.05890557116171413	0.6973796653975688	1
Fgf6	Liver	-0.07613455088009156	0.5992357561918911	1
Fgf6	Lung	-0.19701228589884512	0.15332039805754016	1
Fgf6	Marrow	0.09802580801014736	0.48498563837568376	1
Fgf6	MAT	0.12003727119732237	0.42157804735012594	1
Fgf6	Pancreas	-0.12981974624721196	0.41255025486826213	1
Fgf6	SCAT	-0.21385994131648745	0.1633372630790565	1
Fgf6	Skin	0.08175651684604512	0.5977882874945475	1
Fgf6	Small_Intestine	0.33879451111312886	0.016097538667109237	0.2575606186737478
Fgf6	Spleen	0.15288420643373876	0.26513192531302643	1
Fgfrl1	BAT	0.40269863413679874	0.02736183611264904	0.43778937780238464
Fgfrl1	Bone	-0.21405501684882985	0.14852025251314607	1
Fgfrl1	Brain	-0.1319182425877875	0.3561266800609292	1
Fgfrl1	GAT	0.4151476960547036	0.014627041601008015	0.23403266561612823
Fgfrl1	Heart	0.18996728979545718	0.19108210499548373	1
Fgfrl1	Kidney	-0.3330076559579166	0.019384947948211134	0.31015916717137815
Fgfrl1	Limb_Muscle	0.24878068111788992	0.0954738484682108	1
Fgfrl1	Liver	0.22005978016118105	0.12463828851278431	1
Fgfrl1	Lung	-0.010009707932324464	0.9427318955439767	1
Fgfrl1	Marrow	-0.0840914653717937	0.5494002644652234	1
Fgfrl1	MAT	0.4397046398480252	0.0019848501480853064	0.0317576023693649
Fgfrl1	Pancreas	-0.08640905211716847	0.5863628586200806	1
Fgfrl1	SCAT	0.2338380997906893	0.12658183173112494	1
Fgfrl1	Skin	0.381481397168974	0.010617285638330552	0.16987657021328884
Fgfrl1	Small_Intestine	-0.272238975934088	0.055795542183307616	0.8927286749329219
Fgfrl1	Spleen	0.059404922058888684	0.6665989708436751	1
Frem2	BAT	0.04306901143595564	0.8212172701491949	1
Frem2	Bone	0.3100720802776876	0.03391396527873608	0.5426234444597773
Frem2	Brain	0.054748681330534406	0.7027749597585532	1
Frem2	GAT	-0.36999056240696676	0.0312566713052693	0.5001067408843088
Frem2	Heart	-0.4787820440158591	5.013488351621251e-4	0.008021581362594002
Frem2	Kidney	-0.1236800611858181	0.3971801147583407	1
Frem2	Limb_Muscle	0.013689439281109904	0.9280525764047396	1
Frem2	Liver	-0.2792859864322103	0.04950930867633611	0.7921489388213777
Frem2	Lung	-0.041542021156534596	0.7655077377332171	1
Frem2	Marrow	-0.06173723159811062	0.6605486291351963	1
Frem2	MAT	-0.12490581535527333	0.402853486527751	1
Frem2	Pancreas	0.10419993059381759	0.5113708483578814	1
Frem2	SCAT	-0.11611604988392565	0.4528948390804335	1
Frem2	Skin	0.03601462828195654	0.8164666606079388	1
Frem2	Small_Intestine	-0.04257342962232847	0.7690952433645823	1
Frem2	Spleen	0.17590773485752478	0.19891584054068745	1
Fxyd6	BAT	0.33745559968202526	0.06819784664883817	1
Fxyd6	Bone	-0.08608952151685893	0.5650361802145583	1
Fxyd6	Brain	-0.2823765613258132	0.044681467674767016	0.7149034827962722
Fxyd6	GAT	0.05017051576953345	0.7781145383367339	1
Fxyd6	Heart	0.058236248891187	0.6910226119507678	1
Fxyd6	Kidney	-0.30708991613616826	0.03184941800116827	0.5095906880186923
Fxyd6	Limb_Muscle	0.0013422846130457164	0.9929362037443955	1
Fxyd6	Liver	0.03676814929049058	0.7998819697596993	1
Fxyd6	Lung	0.44252938129833624	8.062466276311417e-4	0.012899946042098267
Fxyd6	Marrow	-0.08069990505941725	0.5656746912710653	1
Fxyd6	MAT	-0.11931672634071544	0.42439055010218973	1
Fxyd6	Pancreas	0.2866329329050445	0.06571512781128253	1
Fxyd6	SCAT	-0.06623121486978069	0.6692699257317023	1
Fxyd6	Skin	0.11804534497315745	0.4453701524950584	1
Fxyd6	Small_Intestine	-0.15616103871073092	0.2788274890776024	1
Fxyd6	Spleen	0.4511471404432152	5.464298919870759e-4	0.008742878271793214
Gm42860	BAT	0.025830292049921922	0.8922252191301084	1
Gm42860	Bone	0.38029658419839835	0.008367590520499945	0.13388144832799911
Gm42860	Brain	0.14158792368489456	0.32164799253853055	1
Gm42860	GAT	0.018427361986735162	0.91761485553449	1
Gm42860	Heart	-0.0639858655516226	0.6622662285494765	1
Gm42860	Kidney	0.1129265883067874	0.43978545621001475	1
Gm42860	Limb_Muscle	0.05962545283034737	0.6938610672307661	1
Gm42860	Liver	0.05361119182102922	0.7115566608499135	1
Gm42860	Lung	0.08668349250182271	0.5331130117457872	1
Gm42860	Marrow	-0.05204725134353995	0.7112889466976222	1
Gm42860	MAT	0.08175921892174137	0.5848351809715873	1
Gm42860	Pancreas	0.030887235793574164	0.8460369289542969	1
Gm42860	SCAT	-0.13285837651868726	0.38993651720652855	1
Gm42860	Skin	-0.04029819809813058	0.7950812277019408	1
Gm42860	Small_Intestine	0.10854647287904018	0.45304550300756075	1
Gm42860	Spleen	0.15168741289919174	0.2689355312387063	1
Gm49123	BAT	-0.24988621912641648	0.18293632170352192	1
Gm49123	Bone	0.2623843246516437	0.07479144344984609	1
Gm49123	Brain	-0.03495621127532128	0.807600382107469	1
Gm49123	GAT	0.3018829698374111	0.08271142972864955	1
Gm49123	Heart	-0.0641698475218139	0.6613536931625574	1
Gm49123	Kidney	-0.07336533305865114	0.6163882102072946	1
Gm49123	Limb_Muscle	-0.11475677355964502	0.4476057970025801	1
Gm49123	Liver	-0.06055492506513938	0.6761360430633552	1
Gm49123	Lung	0.16198540202552666	0.2419044053275244	1
Gm49123	Marrow	0.0950539572310629	0.4983820264046791	1
Gm49123	MAT	-0.03092392016670428	0.836522036476652	1
Gm49123	Pancreas	0.0923322691926881	0.5608578586377302	1
Gm49123	SCAT	0.01856116774867247	0.9048106207447318	1
Gm49123	Skin	-0.06760048107474216	0.662835849356897	1
Gm49123	Small_Intestine	0.16537551233037132	0.25108072871110415	1
Gm49123	Spleen	0.054416485314467154	0.6931479613815164	1
Grin2c	BAT	-0.07831627274725944	0.6808073154157511	1
Grin2c	Bone	0.4615042017976037	0.0010940468156175802	0.017504749049881283
Grin2c	Brain	0.034137781894641644	0.8120223455702131	1
Grin2c	GAT	-0.1727510006485477	0.32857082412358085	1
Grin2c	Heart	0.42403866088586284	0.0023947771792974617	0.03831643486875939
Grin2c	Kidney	0.18333329081184738	0.2073367117026532	1
Grin2c	Limb_Muscle	0.3523174525093263	0.016335669257045885	0.26137070811273416
Grin2c	Liver	0.2269744740247584	0.11293814038484551	1
Grin2c	Lung	-0.0881596511813663	0.5261356817019371	1
Grin2c	Marrow	0.04716507268158916	0.7373490375756668	1
Grin2c	MAT	-0.03535207572727522	0.8135032277430915	1
Grin2c	Pancreas	-0.13856874729471427	0.3814870335044882	1
Grin2c	SCAT	0.18685181194596878	0.22456286172950637	1
Grin2c	Skin	-0.0060980810047969935	0.968662424238825	1
Grin2c	Small_Intestine	-0.08242072088021896	0.5693348645177807	1
Grin2c	Spleen	-0.005782540750078488	0.9665785846271973	1
Hyal1	BAT	-0.14638505176295297	0.440181402225191	1
Hyal1	Bone	-0.34814113919924966	0.016484149071462277	0.26374638514339643
Hyal1	Brain	0.13712492649775526	0.33729013410409237	1
Hyal1	GAT	-0.003271496584735853	0.9853497205884493	1
Hyal1	Heart	0.07623638828370848	0.6026196637710484	1
Hyal1	Kidney	0.08766565644181666	0.5491910077166177	1
Hyal1	Limb_Muscle	0.26231720867671876	0.07821390890415181	1
Hyal1	Liver	-0.18485185617435893	0.19874053222189517	1
Hyal1	Lung	-0.07386354318406294	0.5955508247244259	1
Hyal1	Marrow	0.035171617375821	0.8025680887239315	1
Hyal1	MAT	0.12784750214086185	0.39177712456240876	1
Hyal1	Pancreas	-0.1771064568183589	0.26184515703480427	1
Hyal1	SCAT	0.18034773227898737	0.2414026193329564	1
Hyal1	Skin	-0.08399341373106131	0.5877707637397291	1
Hyal1	Small_Intestine	-0.25420712398751855	0.07484005007428446	1
Hyal1	Spleen	-0.0489050254452056	0.7229109304318917	1
Kcnj14	BAT	0.18267541463265868	0.33394302202973336	1
Kcnj14	Bone	0.43348550150197335	0.0023360210721774894	0.03737633715483983
Kcnj14	Brain	0.28523613716207696	0.042472949364741726	0.6795671898358676
Kcnj14	GAT	0.062334653500590836	0.7261766857241747	1
Kcnj14	Heart	0.3638341354543647	0.010174789969629361	0.16279663951406978
Kcnj14	Kidney	0.10818773921833394	0.4593364974686398	1
Kcnj14	Limb_Muscle	0.07761894934844407	0.6081443085431326	1
Kcnj14	Liver	-0.14835811773670807	0.3038460554550755	1
Kcnj14	Lung	0.023332050633450757	0.8670036028123687	1
Kcnj14	Marrow	-0.01617714874223017	0.9084684306509307	1
Kcnj14	MAT	0.15019266354643396	0.31361150940453575	1
Kcnj14	Pancreas	0.07258393891720442	0.6478111339711292	1
Kcnj14	SCAT	0.13633972821864646	0.3775222596163018	1
Kcnj14	Skin	0.19793228943887203	0.19777278422745972	1
Kcnj14	Small_Intestine	-0.09918448786424923	0.49315837325187706	1
Kcnj14	Spleen	-0.07717757286159688	0.5754425559663339	1
Kif26b	BAT	0.11999845486024031	0.5276355563324597	1
Kif26b	Bone	0.38789545373494716	0.007058989117391927	0.11294382587827083
Kif26b	Brain	0.3122126921043497	0.025717641158097784	0.41148225852956455
Kif26b	GAT	-0.17207492784294326	0.33049626625568007	1
Kif26b	Heart	-0.18857165126228526	0.1944239089813803	1
Kif26b	Kidney	0.027985987466814945	0.8486180767445428	1
Kif26b	Limb_Muscle	0.22823686898956105	0.12711145715954592	1
Kif26b	Liver	-0.005383594694044755	0.9704011556022047	1
Kif26b	Lung	-0.29757828595353675	0.028863301188984204	0.46181281902374727
Kif26b	Marrow	0.047435318910204124	0.7358985171053385	1
Kif26b	MAT	-0.10031870828902643	0.5022673265926033	1
Kif26b	Pancreas	0.21885160836462192	0.16378188559104168	1
Kif26b	SCAT	-0.0096104729694033	0.950630665663452	1
Kif26b	Skin	-0.10620158464635159	0.4926338886832081	1
Kif26b	Small_Intestine	0.05866498183519213	0.6857121360388464	1
Kif26b	Spleen	0.23993140535464208	0.07766784107831368	1
Klhl34	BAT	0.37382457233912036	0.04185402939981751	0.6696644703970802
Klhl34	Bone	0.34405766349086797	0.017883387956055204	0.28613420729688327
Klhl34	Brain	-0.0055648274528707015	0.9690850300151946	1
Klhl34	GAT	-0.25453490182998034	0.1463022947910641	1
Klhl34	Heart	0.5377320455306149	6.762011203032728e-5	0.0010819217924852365
Klhl34	Kidney	0.09439083274986973	0.5188484232206789	1
Klhl34	Limb_Muscle	-0.2708736356503254	0.0686369636377207	1
Klhl34	Liver	0.1153322819997549	0.42512462731343137	1
Klhl34	Lung	0.11510485107479633	0.4072104767328285	1
Klhl34	Marrow	0.15352924836078893	0.2723876523100109	1
Klhl34	MAT	0.07747442271335198	0.6047271193115409	1
Klhl34	Pancreas	-0.10893378155933325	0.4922628113172278	1
Klhl34	SCAT	-0.09826042664843788	0.5257150391727549	1
Klhl34	Skin	0.11478616642159847	0.45812169416287907	1
Klhl34	Small_Intestine	0.11288527476825437	0.4350790458991609	1
Klhl34	Spleen	0.1110741331149133	0.41947645048282756	1
Lbhd1	BAT	-0.1153384064858324	0.5439025859970421	1
Lbhd1	Bone	0.1417515610085946	0.3418875140256241	1
Lbhd1	Brain	-0.20019683834283894	0.15896736684357154	1
Lbhd1	GAT	-0.1294610303136301	0.4655584517169896	1
Lbhd1	Heart	-0.010967606879779724	0.9403789959161382	1
Lbhd1	Kidney	0.006205232611050227	0.9662470490450674	1
Lbhd1	Limb_Muscle	-0.1345903832479166	0.37250993513312813	1
Lbhd1	Liver	-0.3623241801727446	0.009717219030319295	0.15547550448510872
Lbhd1	Lung	0.08871737966617299	0.5235113225750603	1
Lbhd1	Marrow	-0.08640148632310805	0.5384454548507163	1
Lbhd1	MAT	-0.04635605431683904	0.7570097815000204	1
Lbhd1	Pancreas	-0.13142238141007598	0.4067548000535439	1
Lbhd1	SCAT	0.07513440907400072	0.6278723354423754	1
Lbhd1	Skin	-0.18306080695573687	0.23427696012059282	1
Lbhd1	Small_Intestine	-0.03573799563943936	0.805378179965506	1
Lbhd1	Spleen	0.10723689687389476	0.435818183336687	1
Lncpint	BAT	0.0828964063059835	0.6631993472311457	1
Lncpint	Bone	0.3279892455839883	0.0244048923107968	0.3904782769727488
Lncpint	Brain	0.12703012627707275	0.37438334035211884	1
Lncpint	GAT	0.5071479299069431	0.002204859903002923	0.035277758448046766
Lncpint	Heart	0.09820847278678946	0.5020051794138847	1
Lncpint	Kidney	0.4423937804374741	0.0014586150399289652	0.023337840638863443
Lncpint	Limb_Muscle	0.25716509761256323	0.08446835142574767	1
Lncpint	Liver	0.3474568348719732	0.013424202051985943	0.2147872328317751
Lncpint	Lung	0.30074453761101777	0.027123641334079848	0.43397826134527756
Lncpint	Marrow	0.07442635906986017	0.5963563672540948	1
Lncpint	MAT	-0.14712115698687925	0.3237232514047538	1
Lncpint	Pancreas	-0.18876578704448066	0.23121972609190314	1
Lncpint	SCAT	0.10767722938155208	0.486607511923849	1
Lncpint	Skin	0.15408111784704775	0.317981355933197	1
Lncpint	Small_Intestine	0.15207084565279888	0.2917673660863023	1
Lncpint	Spleen	0.16498581877567747	0.22869259115936802	1
Muc4	BAT	0.07099671754060144	0.7092879366527691	1
Muc4	Bone	0.36598128515296324	0.011408619393867541	0.18253791030188066
Muc4	Brain	0.1510545525375703	0.29001532800712926	1
Muc4	GAT	-0.1258274460618515	0.47827707458871416	1
Muc4	Heart	0.21457247714236366	0.13872958055966353	1
Muc4	Kidney	0.2951431736087794	0.039515440511315045	0.6322470481810407
Muc4	Limb_Muscle	0.2207385849120886	0.1404349097361479	1
Muc4	Liver	-0.0316688278567872	0.827177276099725	1
Muc4	Lung	-0.02611268909958081	0.8513233291079455	1
Muc4	Marrow	-0.14419305458090764	0.30296053191623645	1
Muc4	MAT	0.07300041934238866	0.6258042921122404	1
Muc4	Pancreas	-0.10150176547777533	0.5224260998367869	1
Muc4	SCAT	-0.09420290686036749	0.5430300204494993	1
Muc4	Skin	-0.10475678304494962	0.4985714432835313	1
Muc4	Small_Intestine	-0.25865321239698325	0.06972444974455419	1
Muc4	Spleen	0.23622463118868345	0.08250782571966647	1
Myh7	BAT	0.31544026276772014	0.08951064406702465	1
Myh7	Bone	0.2617169631190499	0.07556095921428861	1
Myh7	Brain	-0.018115481448022983	0.8995946261414929	1
Myh7	GAT	0.07804964687803603	0.6608417633545599	1
Myh7	Heart	0.3421904487549921	0.01609976108582152	0.25759617737314433
Myh7	Kidney	0.08150761482870904	0.5776968534762643	1
Myh7	Limb_Muscle	-0.08385285699842944	0.5795489923688868	1
Myh7	Liver	-0.020453151533489335	0.8878839294048021	1
Myh7	Lung	-0.05804159080976406	0.6767598875512444	1
Myh7	Marrow	-0.16511312170878617	0.23740059077370596	1
Myh7	MAT	-0.03656286936147193	0.8072353228480601	1
Myh7	Pancreas	-0.00587194460571132	0.970559639831442	1
Myh7	SCAT	-0.06528524073702262	0.6737287268360523	1
Myh7	Skin	0.1345075115417293	0.38402627859929017	1
Myh7	Small_Intestine	0.0588430392469352	0.6848078252920355	1
Myh7	Spleen	0.1436613733398618	0.2953811835135524	1
Nid2	BAT	0.19614219810922423	0.29889802086567074	1
Nid2	Bone	-0.15484815204539823	0.29867246237776673	1
Nid2	Brain	0.12223776629828369	0.3928159591058864	1
Nid2	GAT	-0.08421551978429634	0.6358338507043575	1
Nid2	Heart	-0.4654393920615081	7.519057586525626e-4	0.012030492138441002
Nid2	Kidney	-0.3308862028772864	0.020219652446899782	0.3235144391503965
Nid2	Limb_Muscle	-0.0644875874134165	0.6702660107578761	1
Nid2	Liver	-0.4282027565661184	0.0019209751925421473	0.030735603080674356
Nid2	Lung	-0.24272034801982606	0.07698765660302458	1
Nid2	Marrow	-0.08063100700881781	0.5660076129727121	1
Nid2	MAT	0.46713999447996885	9.318547135390985e-4	0.014909675416625577
Nid2	Pancreas	0.5968878417593807	3.014640145875792e-5	4.823424233401267e-4
Nid2	SCAT	-0.05068714528857531	0.7438559296497552	1
Nid2	Skin	-0.037938205639235494	0.806846041454438	1
Nid2	Small_Intestine	0.08754046803071126	0.5455042745955984	1
Nid2	Spleen	0.15187220929669107	0.2683458548079975	1
Nlrc3	BAT	0.12107076171399048	0.5239259026450132	1
Nlrc3	Bone	0.37353732143189877	0.009702731400204612	0.1552437024032738
Nlrc3	Brain	0.05417985244582691	0.705722667902934	1
Nlrc3	GAT	0.17369570215060318	0.3258919597816703	1
Nlrc3	Heart	0.1454493309623692	0.3186784933306659	1
Nlrc3	Kidney	0.11738511910895574	0.42182088637514215	1
Nlrc3	Limb_Muscle	0.00773408812545871	0.9593157486675719	1
Nlrc3	Liver	0.24573742920884434	0.08540279405937447	1
Nlrc3	Lung	-0.006275180093585489	0.9640798943219289	1
Nlrc3	Marrow	0.038890237930274255	0.7821804963331962	1
Nlrc3	MAT	-0.201922794138709	0.17348066930495581	1
Nlrc3	Pancreas	0.22636268930981684	0.14943967072863318	1
Nlrc3	SCAT	-0.13341447420537428	0.38793762222274897	1
Nlrc3	Skin	0.06313277209531638	0.6839153369012834	1
Nlrc3	Small_Intestine	0.06113399892251949	0.673211991164811	1
Nlrc3	Spleen	-0.12708691415953752	0.3551687545430853	1
Nr4a3	BAT	-0.18426120376067623	0.32969121721555994	1
Nr4a3	Bone	0.3763376367388038	0.009128854129786262	0.1460616660765802
Nr4a3	Brain	0.04418340241833026	0.7581884384948001	1
Nr4a3	GAT	0.1981264199811692	0.2613385496341739	1
Nr4a3	Heart	-0.19785530434003748	0.17296170626874827	1
Nr4a3	Kidney	0.28188010433852073	0.0497375342576162	0.7958005481218592
Nr4a3	Limb_Muscle	0.12138998790684395	0.42161220692147716	1
Nr4a3	Liver	0.048886688155250296	0.7360117386574907	1
Nr4a3	Lung	0.0476568468029647	0.7321966095099708	1
Nr4a3	Marrow	-0.09314377239848219	0.507092374013159	1
Nr4a3	MAT	-0.04886205933839002	0.7443062918003488	1
Nr4a3	Pancreas	-0.09274864639900261	0.5590845919178982	1
Nr4a3	SCAT	-0.07831433071323253	0.6133475782592076	1
Nr4a3	Skin	0.3794252191180322	0.0110807062011796	0.1772912992188736
Nr4a3	Small_Intestine	0.1240024692476278	0.39090869746082413	1
Nr4a3	Spleen	0.4576797785094121	4.4261367257833955e-4	0.007081818761253433
Pde11a	BAT	0.11921730287916611	0.5303459029338364	1
Pde11a	Bone	0.3460328245632432	0.01719451665661746	0.27511226650587933
Pde11a	Brain	0.1600996546779095	0.2617548795625209	1
Pde11a	GAT	-0.13486627496431602	0.4469746064936262	1
Pde11a	Heart	0.3594972365569697	0.011182011893500498	0.17891219029600797
Pde11a	Kidney	-0.1261671106421557	0.38768140966636055	1
Pde11a	Limb_Muscle	0.17967381547639766	0.23215604584403973	1
Pde11a	Liver	-0.05013746167610853	0.7295110493376482	1
Pde11a	Lung	-0.02878017172782061	0.8363345142971526	1
Pde11a	Marrow	-0.05864430167003873	0.6765936645163322	1
Pde11a	MAT	0.06488710323907244	0.6647807498707328	1
Pde11a	Pancreas	0.15755885324776855	0.3189952089642683	1
Pde11a	SCAT	-0.022851788091473237	0.8829449958574079	1
Pde11a	Skin	-0.19827396025891442	0.19698421061045834	1
Pde11a	Small_Intestine	0.06102544920894492	0.6737597538420613	1
Pde11a	Spleen	0.2040511871636671	0.1350978837319581	1
Per2	BAT	-0.3748975918736339	0.041223403798744	0.659574460779904
Per2	Bone	0.5251849817665315	1.5049336894200525e-4	0.002407893903072084
Per2	Brain	0.3054673131525675	0.02927330016956994	0.46837280271311904
Per2	GAT	0.3223501779402622	0.06298723910497785	1
Per2	Heart	0.05191865424952495	0.7231233473099349	1
Per2	Kidney	0.19961799077524128	0.16908837109957162	1
Per2	Limb_Muscle	0.40207375928886735	0.005607199756129494	0.08971519609807191
Per2	Liver	0.5621570870685244	2.153138691411808e-5	3.4450219062588926e-4
Per2	Lung	0.27634475298213673	0.04309662907795731	0.689546065247317
Per2	Marrow	-0.06685394614915129	0.6343371322014781	1
Per2	MAT	0.19665506559368	0.1852124906073132	1
Per2	Pancreas	0.2894541425042401	0.06298614731508352	1
Per2	SCAT	0.1887607525460909	0.21977790273167452	1
Per2	Skin	0.16790529690364017	0.2759547919908316	1
Per2	Small_Intestine	0.27104147198297424	0.056925114187766156	0.9108018270042585
Per2	Spleen	0.12571190565040044	0.36044069593553896	1
Per3	BAT	0.057373080741597145	0.7633072656236046	1
Per3	Bone	0.37850020165786474	0.00870593261324896	0.13929492181198336
Per3	Brain	0.15518591959288047	0.2768696905641519	1
Per3	GAT	0.09195029881543121	0.6050157988458575	1
Per3	Heart	0.06678760866983505	0.6484230842621435	1
Per3	Kidney	0.1927917601973562	0.1844445997177124	1
Per3	Limb_Muscle	0.1413555980001005	0.3487315658595115	1
Per3	Liver	0.5683126493881705	1.6682252922671106e-5	2.669160467627377e-4
Per3	Lung	0.20334228291155027	0.14028051379948245	1
Per3	Marrow	0.1634217837675044	0.24230706313591885	1
Per3	MAT	0.23244102308527764	0.11589360417238001	1
Per3	Pancreas	-0.06795282834959077	0.6689501418881345	1
Per3	SCAT	0.19603767707000105	0.20218593793292203	1
Per3	Skin	0.3057845560949242	0.0435298583371898	0.6964777333950368
Per3	Small_Intestine	0.3906238937094849	0.005037252062186032	0.08059603299497652
Per3	Spleen	0.07147506471288358	0.6040661297622096	1
Plet1os	BAT	0.24675109862552627	0.18867179641373016	1
Plet1os	Bone	0.3421569781134251	0.018568195785778695	0.2970911325724591
Plet1os	Brain	0.08895760955562505	0.5347525542538267	1
Plet1os	GAT	-0.05960440741335473	0.7377393995031323	1
Plet1os	Heart	0.39100680927457665	0.005470655310750043	0.0875304849720007
Plet1os	Kidney	-0.10904164482157913	0.45577915282972326	1
Plet1os	Limb_Muscle	-0.269929580115122	0.06964556862266703	1
Plet1os	Liver	-0.11631152616054798	0.4211774544355529	1
Plet1os	Lung	0.16443449181292652	0.23476395218961993	1
Plet1os	Marrow	-0.0508068609457764	0.7178803166427379	1
Plet1os	MAT	0.2929919042805533	0.045644796627221616	0.7303167460355459
Plet1os	Pancreas	0.06011334840599718	0.705308483443296	1
Plet1os	SCAT	-0.22813765269903596	0.13636898515897705	1
Plet1os	Skin	0.04886439976782516	0.7527716536912783	1
Plet1os	Small_Intestine	0.14259464130621655	0.32322440875830427	1
Plet1os	Spleen	0.1742082102096369	0.20335875525723535	1
Ptpre	BAT	0.21702196790884581	0.24933608358722342	1
Ptpre	Bone	0.2080881283287736	0.16044275871598662	1
Ptpre	Brain	-0.23691896590880746	0.09414621771906678	1
Ptpre	GAT	0.21702405078070242	0.21761993855026246	1
Ptpre	Heart	-0.1400604385070056	0.3371279436227721	1
Ptpre	Kidney	0.411097811262362	0.003342601860815215	0.05348162977304344
Ptpre	Limb_Muscle	-0.03885375198803171	0.7976701410982336	1
Ptpre	Liver	0.06644307428377741	0.6466309827030324	1
Ptpre	Lung	0.12753578275773028	0.3580830156541428	1
Ptpre	Marrow	0.13022802134542	0.3526644777439526	1
Ptpre	MAT	-0.2683751806409983	0.06815726602363353	1
Ptpre	Pancreas	-0.13785170116449896	0.3839796505664643	1
Ptpre	SCAT	0.045422191222028195	0.7696948887173973	1
Ptpre	Skin	0.07008121306834877	0.6512401958714455	1
Ptpre	Small_Intestine	0.12066642842178982	0.40387774505430574	1
Ptpre	Spleen	0.018280062262213875	0.894615933757028	1
Scn4b	BAT	-0.008082275973494332	0.9661893886553565	1
Scn4b	Bone	0.42996945222808725	0.0025579703911916087	0.04092752625906574
Scn4b	Brain	0.07418972092096868	0.6048771885839412	1
Scn4b	GAT	-0.10559227331073445	0.5522854237737763	1
Scn4b	Heart	0.7124647365480984	9.374391772595496e-9	1.4999026836152793e-7
Scn4b	Kidney	-0.08462259668749791	0.563193348291749	1
Scn4b	Limb_Muscle	0.14160135286447426	0.34788570612533165	1
Scn4b	Liver	0.059036478601616885	0.6838258889385294	1
Scn4b	Lung	0.13992609834837705	0.31289861794598733	1
Scn4b	Marrow	0.02143340004486282	0.8789233649217096	1
Scn4b	MAT	0.029647074213770438	0.8431855428248316	1
Scn4b	Pancreas	0.4558772058849229	0.0024130501625922625	0.0386088026014762
Scn4b	SCAT	-0.4469510008958263	0.0023536467753624947	0.037658348405799916
Scn4b	Skin	0.1992644497787098	0.19471071363354792	1
Scn4b	Small_Intestine	0.13507808485639633	0.34964195869840586	1
Scn4b	Spleen	0.005639285518219859	0.9674061052697851	1
Slc4a8	BAT	-0.09910753096682388	0.6023289782848482	1
Slc4a8	Bone	0.4040314688809751	0.004855199897505205	0.07768319836008328
Slc4a8	Brain	-0.22663458184344415	0.1097634985630321	1
Slc4a8	GAT	0.0018185204581878819	0.9918560764762567	1
Slc4a8	Heart	-0.07425493864317743	0.6121077017514858	1
Slc4a8	Kidney	-0.07423878531601605	0.6121853130633763	1
Slc4a8	Limb_Muscle	0.14896121350686087	0.3231396629823703	1
Slc4a8	Liver	0.2097342168197408	0.1437825229397668	1
Slc4a8	Lung	0.3868828186752931	0.0038532102586371414	0.06165136413819426
Slc4a8	Marrow	-0.011456179188133945	0.9351110297494095	1
Slc4a8	MAT	-0.33547862595182804	0.02115276907767787	0.3384443052428459
Slc4a8	Pancreas	0.2685657235498663	0.0854810863520013	1
Slc4a8	SCAT	-0.13167134489650642	0.39422344432691514	1
Slc4a8	Skin	0.26388822378615917	0.0834743520950413	1
Slc4a8	Small_Intestine	0.22179077646372075	0.12162689921224222	1
Slc4a8	Spleen	0.24612549352511273	0.07008414348826747	1
Sntb1	BAT	-0.07081802970907945	0.7099882287496667	1
Sntb1	Bone	0.508234572148435	2.6515689270474406e-4	0.004242510283275905
Sntb1	Brain	0.15693934323676179	0.27141133526889843	1
Sntb1	GAT	-0.2534627472223686	0.14806804933190149	1
Sntb1	Heart	-0.3139911927883839	0.028013720603286482	0.4482195296525837
Sntb1	Kidney	0.0409886607204118	0.7797604703638279	1
Sntb1	Limb_Muscle	-0.17636946990737054	0.24099852069602423	1
Sntb1	Liver	0.10231831318604104	0.47952960731454175	1
Sntb1	Lung	0.29548656179274757	0.030062968271841833	0.4810074923494693
Sntb1	Marrow	0.10990351188054878	0.43338739014541083	1
Sntb1	MAT	0.37116670376612343	0.010212566217730671	0.16340105948369074
Sntb1	Pancreas	0.0031792265317984168	0.9840577478821276	1
Sntb1	SCAT	-0.0062717093582140395	0.9677706226897549	1
Sntb1	Skin	0.2853403831189901	0.06045137186296637	0.9672219498074619
Sntb1	Small_Intestine	0.06487127070997005	0.6544570245698992	1
Sntb1	Spleen	0.13558610499346535	0.32364023283943966	1
Sv2c	BAT	0.025901846060320546	0.8919283960804989	1
Sv2c	Bone	0.29794528449347607	0.04194538770678004	0.6711262033084806
Sv2c	Brain	0.16560609182842292	0.24548541244947691	1
Sv2c	GAT	0.17943725452814488	0.30990280951267213	1
Sv2c	Heart	0.1484190447325706	0.30879030775344557	1
Sv2c	Kidney	0.13754304212735824	0.3459695942865154	1
Sv2c	Limb_Muscle	-0.10931451077291522	0.4695725767309342	1
Sv2c	Liver	0.41561576221953495	0.002685777392013248	0.04297243827221197
Sv2c	Lung	-0.10044393615641964	0.4698833107870952	1
Sv2c	Marrow	-0.07407153025419276	0.5981134588525387	1
Sv2c	MAT	0.06573809040721501	0.6606489380390039	1
Sv2c	Pancreas	-0.10336028449838092	0.5147985078726993	1
Sv2c	SCAT	-0.059850427463113684	0.6995558811414633	1
Sv2c	Skin	-0.07216937399378731	0.6415420322145124	1
Sv2c	Small_Intestine	0.18422355285803793	0.20029786794645127	1
Sv2c	Spleen	0.18301966244863122	0.1810716052525955	1
Tbx15	BAT	0.26896098718851846	0.15066046630275515	1
Tbx15	Bone	0.1646999649098548	0.26859789449944627	1
Tbx15	Brain	0.15805121011791326	0.2679873857341196	1
Tbx15	GAT	-0.03671829530539328	0.836663124346568	1
Tbx15	Heart	0.16296766528303863	0.2632153324030135	1
Tbx15	Kidney	0.13214293446840744	0.3654127864018827	1
Tbx15	Limb_Muscle	0.5428895246711748	9.695422115096982e-5	0.001551267538415517
Tbx15	Liver	0.07414262163976808	0.6088522293440364	1
Tbx15	Lung	0.006303481968865754	0.9639179970089147	1
Tbx15	Marrow	-0.027788842260457237	0.8434207335599514	1
Tbx15	MAT	0.02500179602519968	0.8675162718760608	1
Tbx15	Pancreas	0.17284545475411794	0.27368063021738626	1
Tbx15	SCAT	-0.28592752149907463	0.05990121852850567	0.9584194964560907
Tbx15	Skin	0.0910786433649693	0.5565462632592095	1
Tbx15	Small_Intestine	-0.015261018129156746	0.9162263488757865	1
Tbx15	Spleen	0.05157439240163981	0.7084417359972106	1
Trim67	BAT	0.11157158815387651	0.5572214508869824	1
Trim67	Bone	0.4177891430414386	0.003477629837526304	0.05564207740042086
Trim67	Brain	0.014239198940983178	0.9210015346545737	1
Trim67	GAT	-0.2044664882533197	0.24607140304530883	1
Trim67	Heart	0.22433320283901154	0.12123310706775757	1
Trim67	Kidney	0.07201952338347911	0.6228878541087177	1
Trim67	Limb_Muscle	0.16026103927456858	0.287362465216798	1
Trim67	Liver	-0.10152391862851953	0.48296542138312915	1
Trim67	Lung	-0.07215583933927588	0.604106128812679	1
Trim67	Marrow	0.027479780427236377	0.8451406728869115	1
Trim67	MAT	0.16615143361090728	0.2643433011329189	1
Trim67	Pancreas	-0.019044303918154534	0.9047150451321855	1
Trim67	SCAT	0.04813851376800137	0.7563311721955004	1
Trim67	Skin	0.1042704709774373	0.5005782059173052	1
Trim67	Small_Intestine	0.30426737589540376	0.031689870630137125	0.507037930082194
Trim67	Spleen	0.1045237825817766	0.4475845134292411	1
Urah	BAT	-0.1080267402252694	0.5698908708631314	1
Urah	Bone	0.34596502904970294	0.017217783260558384	0.27548453216893415
Urah	Brain	-0.034351915721961626	0.8108648159722255	1
Urah	GAT	0.02973077196095767	0.8674400471786657	1
Urah	Heart	0.16961699701851687	0.2439648017054562	1
Urah	Kidney	0.21361378693202265	0.14054458486886676	1
Urah	Limb_Muscle	-0.11322306592188743	0.453738601999397	1
Urah	Liver	-0.076594926447319	0.5970227111278961	1
Urah	Lung	-0.10776929148449452	0.4379427246678579	1
Urah	Marrow	0.020183285527184996	0.8859368965243278	1
Urah	MAT	0.20013945727605095	0.17739067763117658	1
Urah	Pancreas	0.05318125662794179	0.7380101388453932	1
Urah	SCAT	-0.11120671594146223	0.47235068846836326	1
Urah	Skin	-0.12114471328053462	0.4334270038130962	1
Urah	Small_Intestine	-0.05293448604315778	0.7150425217226365	1
Urah	Spleen	-0.13980586410164758	0.30866665825336953	1
Wdr90	BAT	0.16170776610852655	0.39326352087020255	1
Wdr90	Bone	0.1408682071069386	0.3449349129449715	1
Wdr90	Brain	0.20009892733463136	0.1591755275987581	1
Wdr90	GAT	0.10618684248334563	0.5500370485210115	1
Wdr90	Heart	-0.07590003525598484	0.6042257463375901	1
Wdr90	Kidney	0.003235503318402207	0.982396993873095	1
Wdr90	Limb_Muscle	0.17165696730070878	0.25400089700559125	1
Wdr90	Liver	0.15176506590110392	0.2927501865612088	1
Wdr90	Lung	0.186080077826622	0.17791314890612656	1
Wdr90	Marrow	-0.01963937330895354	0.8889911542530492	1
Wdr90	MAT	-0.013386773984059226	0.9288373373346137	1
Wdr90	Pancreas	-0.1838743457976245	0.24375552530011596	1
Wdr90	SCAT	-0.1287681653514504	0.40482330828189483	1
Wdr90	Skin	0.01594459154596945	0.918180346775392	1
Wdr90	Small_Intestine	0.09847262577987781	0.49628196137289116	1
Wdr90	Spleen	-0.1529426700540466	0.26494704534945607	1
